"Date","pooled_group","index","net_food_weight_gram","gift","ID","article","state"
"01.08.18",1,55,1100,0,1030,"ediki","with inedible"
"01.08.18",1,55,1100,0,2523,"ediki","with inedible"
"01.08.18",1,55,1100,0,1010,"ediki","with inedible"
"01.08.18",10,14,100,0,2513,"ekule","ready-to-eat"
"01.08.18",10,14,100,0,2039,"ekule","ready-to-eat"
"01.08.18",11,14,1600,0,2039,"ekule","ready-to-eat"
"01.08.18",11,14,1600,0,2513,"ekule","ready-to-eat"
"01.08.18",2,24,1200,0,3117,"cassava leaves","with stem"
"01.08.18",2,24,1200,0,1035,"cassava leaves","with stem"
"01.08.18",3,36,1000,0,1035,"pusa","without skin"
"01.08.18",3,36,1000,0,3117,"pusa","without skin"
"01.08.18",4,42,250,0,1035,"corn","without husk"
"01.08.18",4,42,250,0,3117,"corn","without husk"
"01.08.18",5,36,600,0,1035,"pusa","without skin"
"01.08.18",5,36,600,0,3117,"pusa","without skin"
"01.08.18",6,35,5100,0,3117,"mela","ready-to-eat"
"01.08.18",6,35,5100,0,1035,"mela","ready-to-eat"
"01.08.18",7,45,900,0,1035,"orange","with peel"
"01.08.18",7,45,900,0,3117,"orange","with peel"
"01.08.18",8,2,1000,0,3040,"maondo","with peel"
"01.08.18",8,2,1000,0,3041,"maondo","with peel"
"01.08.18",9,20,500,0,3041,"cassava","with water"
"01.08.18",9,20,500,0,3040,"cassava","with water"
"01.09.18",1,75,350,0,1030,"caterpillars","with guts"
"01.09.18",1,75,350,0,1031,"caterpillars","with guts"
"01.09.18",2,2,70.88,0,3077,"maondo","with peel"
"01.09.18",2,2,70.88,0,2523,"maondo","with peel"
"01.09.18",2,2,70.88,0,1035,"maondo","with peel"
"01.09.18",3,75,1800,0,3041,"caterpillars","with guts"
"01.09.18",3,75,1800,0,3077,"caterpillars","with guts"
"01.09.18",3,75,1800,0,3117,"caterpillars","with guts"
"01.09.18",4,75,2350,0,1106,"caterpillars","with guts"
"01.09.18",4,75,2350,0,1023,"caterpillars","with guts"
"01.09.18",5,75,400,0,3040,"caterpillars","with guts"
"01.09.18",5,75,400,0,1122,"caterpillars","with guts"
"01.09.18",6,35,2600,0,1120,"mela","ready-to-eat"
"01.09.18",6,35,2600,0,1115,"mela","ready-to-eat"
"01.09.18",7,75,1600,0,2513,"caterpillars","with guts"
"01.09.18",7,75,1600,0,2038,"caterpillars","with guts"
"01.09.18",8,34,2700,0,3117,"cacao","with husk"
"01.09.18",8,34,2700,0,1023,"cacao","with husk"
"02.08.18",1,2,4000,0,2513,"maondo","with peel"
"02.08.18",1,2,4000,0,3077,"maondo","with peel"
"02.08.18",1,2,4000,0,3117,"maondo","with peel"
"02.08.18",1,2,4000,0,1035,"maondo","with peel"
"02.08.18",1,2,4000,0,1007,"maondo","with peel"
"02.08.18",1,2,4000,0,1010,"maondo","with peel"
"02.08.18",1,2,4000,0,2523,"maondo","with peel"
"02.08.18",1,2,4000,0,2544,"maondo","with peel"
"02.08.18",1,2,4000,0,1016,"maondo","with peel"
"02.08.18",1,2,4000,0,1008,"maondo","with peel"
"02.08.18",1,2,4000,0,3118,"maondo","with peel"
"02.08.18",1,2,4000,0,3119,"maondo","with peel"
"02.08.18",1,2,4000,0,1011,"maondo","with peel"
"02.08.18",2,36,250,0,1030,"pusa","without skin"
"02.08.18",2,36,250,0,1120,"pusa","without skin"
"02.08.18",3,2,2500,0,1104,"maondo","with peel"
"02.08.18",3,2,2500,0,1009,"maondo","with peel"
"02.08.18",3,2,2500,0,1121,"maondo","with peel"
"02.08.18",4,5,1350,0,1116,"palm nut","without thorns"
"02.08.18",4,5,1350,0,2039,"palm nut","without thorns"
"02.08.18",5,36,1500,0,1120,"pusa","without skin"
"02.08.18",5,36,1500,0,1030,"pusa","without skin"
"02.08.18",6,36,1500,0,1030,"pusa","without skin"
"02.08.18",6,36,1500,0,1120,"pusa","without skin"
"02.09.18",1,75,400,0,1008,"caterpillars","with guts"
"02.09.18",1,75,400,0,1007,"caterpillars","with guts"
"02.09.18",2,75,750,0,1031,"caterpillars","with guts"
"02.09.18",2,75,750,0,1009,"caterpillars","with guts"
"02.09.18",3,75,250,0,1120,"caterpillars","with guts"
"02.09.18",3,75,250,0,1030,"caterpillars","with guts"
"02.09.18",4,35,6600,0,3041,"mela","ready-to-eat"
"02.09.18",4,35,6600,0,3077,"mela","ready-to-eat"
"02.09.18",5,35,13500,0,1121,"mela","ready-to-eat"
"02.09.18",5,35,13500,0,1104,"mela","ready-to-eat"
"02.09.18",6,35,2700,0,1023,"mela","ready-to-eat"
"02.09.18",6,35,2700,0,1106,"mela","ready-to-eat"
"02.09.18",6,35,2700,0,1028,"mela","ready-to-eat"
"02.09.18",7,35,7700,0,2031,"mela","ready-to-eat"
"02.09.18",7,35,7700,0,3142,"mela","ready-to-eat"
"03.08.18",1,47,500,0,1006,"matokodi","ready-to-eat"
"03.08.18",1,47,500,0,2544,"matokodi","ready-to-eat"
"03.08.18",2,53,700,0,1101,"mushooms","ready-to-eat"
"03.08.18",2,53,700,0,1010,"mushooms","ready-to-eat"
"03.08.18",3,2,1000,0,1009,"maondo","with peel"
"03.08.18",3,2,1000,0,2523,"maondo","with peel"
"03.08.18",3,2,1000,0,1031,"maondo","with peel"
"03.08.18",3,2,1000,0,3119,"maondo","with peel"
"03.08.18",3,2,1000,0,1008,"maondo","with peel"
"03.08.18",3,2,1000,0,1011,"maondo","with peel"
"03.08.18",4,2,3750,0,2544,"maondo","with peel"
"03.08.18",4,2,3750,0,1007,"maondo","with peel"
"03.08.18",4,2,3750,0,1010,"maondo","with peel"
"03.08.18",4,2,3750,0,2539,"maondo","with peel"
"03.08.18",4,2,3750,0,3118,"maondo","with peel"
"03.08.18",5,2,3000,0,1122,"maondo","with peel"
"03.08.18",5,2,3000,0,1121,"maondo","with peel"
"03.08.18",6,26,200,0,1030,"kaso","with husk"
"03.08.18",6,26,200,0,1032,"kaso","with husk"
"03.08.18",6,26,200,0,1006,"kaso","with husk"
"03.08.18",7,47,1250,0,2030,"matokodi","ready-to-eat"
"03.08.18",7,47,1250,0,2031,"matokodi","ready-to-eat"
"04.08.18",1,2,1250,0,3118,"maondo","with peel"
"04.08.18",1,2,1250,0,1016,"maondo","with peel"
"04.08.18",1,2,1250,0,1007,"maondo","with peel"
"04.08.18",1,2,1250,0,1010,"maondo","with peel"
"04.08.18",1,2,1250,0,3119,"maondo","with peel"
"04.08.18",1,2,1250,0,2513,"maondo","with peel"
"04.08.18",1,2,1250,0,2539,"maondo","with peel"
"04.08.18",1,2,1250,0,2544,"maondo","with peel"
"04.08.18",2,2,2500,0,3118,"maondo","with peel"
"04.08.18",2,2,2500,0,2544,"maondo","with peel"
"04.08.18",2,2,2500,0,2539,"maondo","with peel"
"04.08.18",2,2,2500,0,2513,"maondo","with peel"
"04.08.18",2,2,2500,0,1016,"maondo","with peel"
"04.08.18",2,2,2500,0,3119,"maondo","with peel"
"04.08.18",2,2,2500,0,1007,"maondo","with peel"
"04.08.18",2,2,2500,0,1010,"maondo","with peel"
"04.08.18",3,2,2700,0,1007,"maondo","with peel"
"04.08.18",3,2,2700,0,2539,"maondo","with peel"
"04.08.18",3,2,2700,0,2544,"maondo","with peel"
"04.08.18",3,2,2700,0,2513,"maondo","with peel"
"04.08.18",3,2,2700,0,1010,"maondo","with peel"
"04.08.18",3,2,2700,0,3118,"maondo","with peel"
"04.08.18",3,2,2700,0,3119,"maondo","with peel"
"04.08.18",3,2,2700,0,1016,"maondo","with peel"
"04.08.18",4,37,2900,0,2513,"pusa","with skin"
"04.08.18",4,37,2900,0,1011,"pusa","with skin"
"04.08.18",4,37,2900,0,3119,"pusa","with skin"
"04.08.18",4,37,2900,0,3118,"pusa","with skin"
"04.08.18",4,37,2900,0,1010,"pusa","with skin"
"04.08.18",4,37,2900,0,1016,"pusa","with skin"
"04.08.18",4,37,2900,0,2544,"pusa","with skin"
"04.08.18",4,37,2900,0,2523,"pusa","with skin"
"04.08.18",4,37,2900,0,2539,"pusa","with skin"
"04.08.18",5,37,10500,0,1010,"pusa","with skin"
"04.08.18",5,37,10500,0,2513,"pusa","with skin"
"04.08.18",5,37,10500,0,3119,"pusa","with skin"
"04.08.18",5,37,10500,0,3118,"pusa","with skin"
"04.08.18",5,37,10500,0,1011,"pusa","with skin"
"04.08.18",5,37,10500,0,1016,"pusa","with skin"
"04.08.18",5,37,10500,0,2523,"pusa","with skin"
"04.08.18",5,37,10500,0,2544,"pusa","with skin"
"04.08.18",5,37,10500,0,2539,"pusa","with skin"
"04.08.18",6,76,400,0,2539,"fish","raw"
"04.08.18",6,76,400,0,2031,"fish","raw"
"04.08.18",7,36,900,0,2539,"pusa","without skin"
"04.08.18",7,36,900,0,2031,"pusa","without skin"
"04.08.18",8,53,1100,0,2539,"mushooms","ready-to-eat"
"04.08.18",8,53,1100,0,2031,"mushooms","ready-to-eat"
"05.08.18",1,2,500,0,1016,"maondo","with peel"
"05.08.18",1,2,500,0,1010,"maondo","with peel"
"05.08.18",1,2,500,0,1007,"maondo","with peel"
"05.08.18",1,2,500,0,1031,"maondo","with peel"
"05.08.18",1,2,500,0,1009,"maondo","with peel"
"05.08.18",1,2,500,0,1011,"maondo","with peel"
"05.08.18",1,2,500,0,2513,"maondo","with peel"
"05.08.18",1,2,500,0,2539,"maondo","with peel"
"05.08.18",1,2,500,0,3119,"maondo","with peel"
"05.08.18",2,2,1100,0,1104,"maondo","with peel"
"05.08.18",2,2,1100,0,1102,"maondo","with peel"
"05.08.18",3,55,750,0,2539,"ediki","with inedible"
"05.08.18",3,55,750,0,2544,"ediki","with inedible"
"05.08.18",3,55,750,0,1010,"ediki","with inedible"
"05.08.18",3,55,750,0,3118,"ediki","with inedible"
"05.08.18",3,55,750,0,1007,"ediki","with inedible"
"05.08.18",4,30,900,0,3117,"koko","with stem"
"05.08.18",4,30,900,0,1121,"koko","with stem"
"05.08.18",5,2,100,0,2513,"maondo","with peel"
"05.08.18",5,2,100,0,3118,"maondo","with peel"
"05.08.18",5,2,100,0,2523,"maondo","with peel"
"05.08.18",5,2,100,0,1007,"maondo","with peel"
"05.08.18",5,2,100,0,1010,"maondo","with peel"
"05.08.18",5,2,100,0,1016,"maondo","with peel"
"05.08.18",5,2,100,0,1009,"maondo","with peel"
"05.08.18",5,2,100,0,1124,"maondo","with peel"
"05.08.18",5,2,100,0,3119,"maondo","with peel"
"05.08.18",5,2,100,0,2539,"maondo","with peel"
"05.08.18",5,2,100,0,2544,"maondo","with peel"
"05.08.18",5,2,100,0,1101,"maondo","with peel"
"05.08.18",5,2,100,0,1032,"maondo","with peel"
"05.08.18",5,2,100,0,1006,"maondo","with peel"
"05.08.18",5,2,100,0,1008,"maondo","with peel"
"05.08.18",5,2,100,0,1031,"maondo","with peel"
"05.08.18",5,2,100,0,1030,"maondo","with peel"
"05.08.18",6,35,4400,0,2030,"mela","ready-to-eat"
"05.08.18",6,35,4400,0,2031,"mela","ready-to-eat"
"06.08.18",1,26,500,0,3077,"kaso","with husk"
"06.08.18",1,26,500,0,3117,"kaso","with husk"
"06.08.18",10,76,1600,0,1028,"fish","raw"
"06.08.18",10,76,1600,0,2055,"fish","raw"
"06.08.18",11,91,9250,0,1124,"honey","ready-to-eat"
"06.08.18",11,91,9250,0,1116,"honey","ready-to-eat"
"06.08.18",2,5,900,0,1122,"palm nut","without thorns"
"06.08.18",2,5,900,0,1032,"palm nut","without thorns"
"06.08.18",3,48,1250,0,1122,"matokodi","with husk"
"06.08.18",3,48,1250,0,1032,"matokodi","with husk"
"06.08.18",4,55,500,0,1032,"ediki","with inedible"
"06.08.18",4,55,500,0,1122,"ediki","with inedible"
"06.08.18",5,30,200,0,1008,"koko","with stem"
"06.08.18",5,30,200,0,1016,"koko","with stem"
"06.08.18",5,30,200,0,3119,"koko","with stem"
"06.08.18",6,76,300,0,2055,"fish","raw"
"06.08.18",6,76,300,0,2523,"fish","raw"
"06.08.18",7,76,600,0,3118,"fish","raw"
"06.08.18",7,76,600,0,3077,"fish","raw"
"06.08.18",8,76,350,0,2544,"fish","raw"
"06.08.18",8,76,350,0,1035,"fish","raw"
"06.08.18",8,76,350,0,1016,"fish","raw"
"06.08.18",9,76,818.82,0,1122,"fish","raw"
"06.08.18",9,76,818.82,0,1121,"fish","raw"
"07.08.18",1,35,600,0,1010,"mela","ready-to-eat"
"07.08.18",1,35,600,0,2539,"mela","ready-to-eat"
"07.08.18",1,35,600,0,3077,"mela","ready-to-eat"
"07.08.18",10,38,5750,0,2038,"banana","with peel"
"07.08.18",10,38,5750,0,2039,"banana","with peel"
"07.08.18",11,38,500,0,2038,"banana","with peel"
"07.08.18",11,38,500,0,2039,"banana","with peel"
"07.08.18",2,30,600,0,2539,"koko","with stem"
"07.08.18",2,30,600,0,2522,"koko","with stem"
"07.08.18",2,30,600,0,3077,"koko","with stem"
"07.08.18",2,30,600,0,1010,"koko","with stem"
"07.08.18",3,2,500,0,2513,"maondo","with peel"
"07.08.18",3,2,500,0,2544,"maondo","with peel"
"07.08.18",4,59,2150,0,1124,"bird","with feathers"
"07.08.18",4,59,2150,0,1116,"bird","with feathers"
"07.08.18",4,59,2150,0,2055,"bird","with feathers"
"07.08.18",4,59,2150,0,1028,"bird","with feathers"
"07.08.18",5,91,1900,0,1124,"honey","ready-to-eat"
"07.08.18",5,91,1900,0,2055,"honey","ready-to-eat"
"07.08.18",5,91,1900,0,1116,"honey","ready-to-eat"
"07.08.18",5,91,1900,0,1106,"honey","ready-to-eat"
"07.08.18",6,36,450,0,1106,"pusa","without skin"
"07.08.18",6,36,450,0,1023,"pusa","without skin"
"07.08.18",7,35,4400,0,1106,"mela","ready-to-eat"
"07.08.18",7,35,4400,0,1023,"mela","ready-to-eat"
"07.08.18",8,91,3500,0,1030,"honey","ready-to-eat"
"07.08.18",8,91,3500,0,1119,"honey","ready-to-eat"
"07.08.18",8,91,3500,0,1120,"honey","ready-to-eat"
"07.08.18",9,91,1750,0,1030,"honey","ready-to-eat"
"07.08.18",9,91,1750,0,1119,"honey","ready-to-eat"
"07.08.18",9,91,1750,0,1120,"honey","ready-to-eat"
"08.08.18",1,30,250,0,3117,"koko","with stem"
"08.08.18",1,30,250,0,1028,"koko","with stem"
"08.08.18",2,6,10350,0,1102,"palm nut","with thorns"
"08.08.18",2,6,10350,0,1101,"palm nut","with thorns"
"08.08.18",3,44,300,0,1101,"lemon","with peel"
"08.08.18",3,44,300,0,1102,"lemon","with peel"
"08.08.18",4,10,3500,0,1119,"palm wine","0"
"08.08.18",4,10,3500,0,1120,"palm wine","0"
"09.08.18",1,24,750,0,1016,"cassava leaves","with stem"
"09.08.18",1,24,750,0,1008,"cassava leaves","with stem"
"09.08.18",2,6,23000,0,1104,"palm nut","with thorns"
"09.08.18",2,6,23000,0,1103,"palm nut","with thorns"
"09.08.18",3,35,7700,0,1116,"mela","ready-to-eat"
"09.08.18",3,35,7700,0,2522,"mela","ready-to-eat"
"09.08.18",4,10,2000,0,1119,"palm wine","0"
"09.08.18",4,10,2000,0,1120,"palm wine","0"
"09.08.18",5,26,2100,0,2038,"kaso","with husk"
"09.08.18",5,26,2100,0,2039,"kaso","with husk"
"10.08.18",1,53,500,0,2544,"mushooms","ready-to-eat"
"10.08.18",1,53,500,0,3118,"mushooms","ready-to-eat"
"10.08.18",2,76,850,0,1016,"fish","raw"
"10.08.18",2,76,850,0,2522,"fish","raw"
"10.08.18",3,76,300,0,1106,"fish","raw"
"10.08.18",3,76,300,0,1023,"fish","raw"
"10.08.18",4,43,650,0,1023,"mbeku","0"
"10.08.18",4,43,650,0,1121,"mbeku","ready-to-eat"
"10.08.18",5,30,100,0,1023,"koko","with stem"
"10.08.18",5,30,100,0,1121,"koko","with stem"
"10.08.18",6,10,500,0,1120,"palm wine","0"
"10.08.18",6,10,500,0,1119,"palm wine","0"
"11.08.18",1,75,184.28,0,1032,"caterpillars","with guts"
"11.08.18",1,75,184.28,0,1008,"caterpillars","with guts"
"11.08.18",2,75,200,0,3041,"caterpillars","with guts"
"11.08.18",2,75,200,0,1032,"caterpillars","with guts"
"11.08.18",3,75,200,0,1032,"caterpillars","with guts"
"11.08.18",3,75,200,0,1120,"caterpillars","with guts"
"11.08.18",4,35,4100,0,1106,"mela","ready-to-eat"
"11.08.18",4,35,4100,0,1028,"mela","ready-to-eat"
"11.08.18",4,35,4100,0,1023,"mela","ready-to-eat"
"11.08.18",5,71,1400,0,2039,"brush-tailed porcupine","with quills"
"11.08.18",5,71,1400,0,2038,"brush-tailed porcupine","with quills"
"11.08.18",6,75,1250,0,1116,"caterpillars","with guts"
"11.08.18",6,75,1250,0,1124,"caterpillars","with guts"
"12.08.18",1,8,9000,0,1103,"palm nut","fruit without bract or thorns"
"12.08.18",1,8,9000,0,1102,"palm nut","fruit without bract or thorns"
"12.08.18",2,5,4250,0,1103,"palm nut","without thorns"
"12.08.18",2,5,4250,0,1035,"palm nut","without thorns"
"12.08.18",3,5,6800,0,1103,"palm nut","without thorns"
"12.08.18",3,5,6800,0,1121,"palm nut","without thorns"
"12.08.18",4,75,1100,0,1023,"caterpillars","with guts"
"12.08.18",4,75,1100,0,1106,"caterpillars","with guts"
"12.08.18",5,35,4500,0,1116,"mela","ready-to-eat"
"12.08.18",5,35,4500,0,2039,"mela","ready-to-eat"
"12.08.18",5,35,4500,0,2522,"mela","ready-to-eat"
"12.08.18",6,48,2100,0,1116,"matokodi","with husk"
"12.08.18",6,48,2100,0,2039,"matokodi","with husk"
"12.08.18",6,48,2100,0,2522,"matokodi","with husk"
"12.08.18",7,35,900,0,3117,"mela","ready-to-eat"
"12.08.18",7,35,900,0,3077,"mela","ready-to-eat"
"12.08.18",8,47,300,0,1116,"matokodi","ready-to-eat"
"12.08.18",8,47,300,0,2039,"matokodi","ready-to-eat"
"12.08.18",8,47,300,0,2522,"matokodi","ready-to-eat"
"13.08.18",1,2,800,0,1016,"maondo","with peel"
"13.08.18",1,2,800,0,1031,"maondo","with peel"
"13.08.18",1,2,800,0,3119,"maondo","with peel"
"13.08.18",1,2,800,0,1008,"maondo","with peel"
"13.08.18",2,2,400,0,1032,"maondo","with peel"
"13.08.18",2,2,400,0,2544,"maondo","with peel"
"13.08.18",2,2,400,0,1007,"maondo","with peel"
"13.08.18",2,2,400,0,3118,"maondo","with peel"
"13.08.18",3,91,4000,0,3040,"honey","ready-to-eat"
"13.08.18",3,91,4000,0,3041,"honey","ready-to-eat"
"13.08.18",4,91,3000,0,3040,"honey","ready-to-eat"
"13.08.18",4,91,3000,0,3041,"honey","ready-to-eat"
"13.08.18",5,35,6500,0,1023,"mela","ready-to-eat"
"13.08.18",5,35,6500,0,1106,"mela","ready-to-eat"
"13.08.18",5,35,6500,0,1028,"mela","ready-to-eat"
"13.08.18",6,35,5850,0,2039,"mela","ready-to-eat"
"13.08.18",6,35,5850,0,2522,"mela","ready-to-eat"
"14.08.18",1,2,1100,0,1007,"maondo","with peel"
"14.08.18",1,2,1100,0,1008,"maondo","with peel"
"14.08.18",2,24,200,0,1009,"cassava leaves","with stem"
"14.08.18",2,24,200,0,2538,"cassava leaves","with stem"
"14.08.18",3,5,10400,0,2522,"palm nut","without thorns"
"14.08.18",3,5,10400,0,2038,"palm nut","without thorns"
"14.08.18",3,5,10400,0,1116,"palm nut","without thorns"
"14.08.18",4,2,300,0,2513,"maondo","with peel"
"14.08.18",4,2,300,0,2523,"maondo","with peel"
"14.08.18",4,2,300,0,1036,"maondo","with peel"
"14.08.18",4,2,300,0,3118,"maondo","with peel"
"14.08.18",4,2,300,0,1011,"maondo","with peel"
"14.08.18",4,2,300,0,2544,"maondo","with peel"
"14.08.18",4,2,300,0,1007,"maondo","with peel"
"14.08.18",4,2,300,0,1010,"maondo","with peel"
"14.08.18",4,2,300,0,2539,"maondo","with peel"
"14.08.18",5,6,11250,0,1028,"palm nut","with thorns"
"14.08.18",5,6,11250,0,2055,"palm nut","with thorns"
"14.08.18",6,2,2100,0,2055,"maondo","with peel"
"14.08.18",6,2,2100,0,1028,"maondo","with peel"
"14.08.18",7,75,250,0,1119,"caterpillars","with guts"
"14.08.18",7,75,250,0,1120,"caterpillars","with guts"
"15.08.18",1,53,500,0,2539,"mushooms","ready-to-eat"
"15.08.18",1,53,500,0,3118,"mushooms","ready-to-eat"
"15.08.18",1,53,500,0,1009,"mushooms","ready-to-eat"
"15.08.18",1,53,500,0,1016,"mushooms","ready-to-eat"
"15.08.18",1,53,500,0,1011,"mushooms","ready-to-eat"
"15.08.18",2,91,2100,0,1116,"honey","ready-to-eat"
"15.08.18",2,91,2100,0,1124,"honey","ready-to-eat"
"15.08.18",3,5,3850,0.5,3134,"palm nut","without thorns"
"15.08.18",3,5,3850,0.5,3077,"palm nut","without thorns"
"15.08.18",4,5,8500,0.5,3134,"palm nut","without thorns"
"15.08.18",4,5,8500,0.5,1035,"palm nut","without thorns"
"15.08.18",5,5,8350,0.5,3117,"palm nut","without thorns"
"15.08.18",5,5,8350,0.5,3134,"palm nut","without thorns"
"16.08.18",1,75,1300,0,3118,"caterpillars","with guts"
"16.08.18",1,75,1300,0,1007,"caterpillars","with guts"
"16.08.18",1,75,1300,0,2523,"caterpillars","with guts"
"16.08.18",1,75,1300,0,2544,"caterpillars","with guts"
"16.08.18",1,75,1300,0,2513,"caterpillars","with guts"
"16.08.18",2,53,200,0,1035,"mushooms","ready-to-eat"
"16.08.18",2,53,200,0,3077,"mushooms","ready-to-eat"
"16.08.18",2,53,200,0,1016,"mushooms","ready-to-eat"
"16.08.18",2,53,200,0,3117,"mushooms","ready-to-eat"
"16.08.18",3,76,800,0,1028,"fish","raw"
"16.08.18",3,76,800,0,1106,"fish","raw"
"16.08.18",4,35,1700,0,1116,"mela","ready-to-eat"
"16.08.18",4,35,1700,0,2522,"mela","ready-to-eat"
"16.08.18",5,91,1650,0,1006,"honey","ready-to-eat"
"16.08.18",5,91,1650,0,1101,"honey","ready-to-eat"
"16.08.18",6,91,5450,0,1101,"honey","ready-to-eat"
"16.08.18",6,91,5450,0,1006,"honey","ready-to-eat"
"17.08.18",1,53,100,0,1009,"mushooms","ready-to-eat"
"17.08.18",1,53,100,0,1031,"mushooms","ready-to-eat"
"17.08.18",10,64,2300,0,2031,"blue duiker","smoked"
"17.08.18",10,64,2300,0,2539,"blue duiker","smoked"
"17.08.18",2,55,400,0,2539,"ediki","with inedible"
"17.08.18",2,55,400,0,2522,"ediki","with inedible"
"17.08.18",2,55,400,0,3077,"ediki","with inedible"
"17.08.18",2,55,400,0,1010,"ediki","with inedible"
"17.08.18",3,76,500,0,1035,"fish","raw"
"17.08.18",3,76,500,0,3117,"fish","raw"
"17.08.18",4,76,400,0,3077,"fish","raw"
"17.08.18",4,76,400,0,1016,"fish","raw"
"17.08.18",5,6,5200,0,1032,"palm nut","with thorns"
"17.08.18",5,6,5200,0,1006,"palm nut","with thorns"
"17.08.18",6,6,6250,0,1006,"palm nut","with thorns"
"17.08.18",6,6,6250,0,1032,"palm nut","with thorns"
"17.08.18",7,30,250,0,1023,"koko","with stem"
"17.08.18",7,30,250,0,1028,"koko","with stem"
"17.08.18",8,76,300,0,1023,"fish","raw"
"17.08.18",8,76,300,0,1028,"fish","raw"
"17.08.18",9,36,1000,0,1028,"pusa","without skin"
"17.08.18",9,36,1000,0,1023,"pusa","without skin"
"18.08.18",1,10,1000,0,1006,"palm wine","0"
"18.08.18",1,10,1000,0,1032,"palm wine","0"
"18.08.18",10,24,2100,0,3117,"cassava leaves","with stem"
"18.08.18",10,24,2100,0,3041,"cassava leaves","with stem"
"18.08.18",11,22,750,0,3117,"cassava","with skin"
"18.08.18",11,22,750,0,3041,"cassava","with skin"
"18.08.18",12,35,3200,0,3117,"mela","ready-to-eat"
"18.08.18",12,35,3200,0,3041,"mela","ready-to-eat"
"18.08.18",13,30,100,0,3117,"koko","with stem"
"18.08.18",13,30,100,0,3041,"koko","with stem"
"18.08.18",14,39,500,0,1028,"banana","ready-to-eat"
"18.08.18",14,39,500,0,1121,"banana","ready-to-eat"
"18.08.18",15,38,800,0,1028,"banana","with peel"
"18.08.18",15,38,800,0,1121,"banana","with peel"
"18.08.18",16,38,1150,0,1121,"banana","with peel"
"18.08.18",16,38,1150,0,1028,"banana","with peel"
"18.08.18",2,24,200,0,1009,"cassava leaves","with stem"
"18.08.18",2,24,200,0,2542,"cassava leaves","with stem"
"18.08.18",2,24,200,0,2039,"cassava leaves","with stem"
"18.08.18",2,24,200,0,1031,"cassava leaves","with stem"
"18.08.18",2,24,200,0,2538,"cassava leaves","with stem"
"18.08.18",3,2,1100,0,2523,"maondo","with peel"
"18.08.18",3,2,1100,0,1007,"maondo","with peel"
"18.08.18",4,75,1500,0,1032,"caterpillars","with guts"
"18.08.18",4,75,1500,0,2523,"caterpillars","with guts"
"18.08.18",5,25,300,0,1116,"kaso","with shell"
"18.08.18",5,25,300,0,1016,"kaso","with shell"
"18.08.18",6,53,500,0,1016,"mushooms","ready-to-eat"
"18.08.18",6,53,500,0,1116,"mushooms","ready-to-eat"
"18.08.18",7,35,4850,0,1016,"mela","ready-to-eat"
"18.08.18",7,35,4850,0,1116,"mela","ready-to-eat"
"18.08.18",8,22,1900,0,3117,"cassava","with skin"
"18.08.18",8,22,1900,0,3041,"cassava","with skin"
"18.08.18",9,35,2750,0,2544,"mela","ready-to-eat"
"18.08.18",9,35,2750,0,2031,"mela","ready-to-eat"
"18.08.18",9,35,2750,0,2539,"mela","ready-to-eat"
"19.08.18",1,10,1000,0,1007,"palm wine","0"
"19.08.18",1,10,1000,0,2523,"palm wine","0"
"19.08.18",1,10,1000,0,3118,"palm wine","0"
"19.08.18",2,24,198.45,0,2538,"cassava leaves","with stem"
"19.08.18",2,24,198.45,0,1009,"cassava leaves","with stem"
"19.08.18",3,36,500,0,3117,"pusa","without skin"
"19.08.18",3,36,500,0,1023,"pusa","without skin"
"19.08.18",4,24,6000,0,1115,"cassava leaves","with stem"
"19.08.18",4,24,6000,0,1120,"cassava leaves","with stem"
"19.08.18",4,24,6000,0,1031,"cassava leaves","with stem"
"20.08.18",1,24,100,0,1009,"cassava leaves","with stem"
"20.08.18",1,24,100,0,2538,"cassava leaves","with stem"
"20.08.18",10,35,2350,0,1023,"mela","ready-to-eat"
"20.08.18",10,35,2350,0,1106,"mela","ready-to-eat"
"20.08.18",10,35,2350,0,1028,"mela","ready-to-eat"
"20.08.18",2,64,7600,0,1103,"blue duiker","smoked"
"20.08.18",2,64,7600,0,1119,"blue duiker","smoked"
"20.08.18",3,35,4900,0,1119,"mela","ready-to-eat"
"20.08.18",3,35,4900,0,1103,"mela","ready-to-eat"
"20.08.18",4,18,1500,0,1028,"ndiki","ready-to-eat"
"20.08.18",4,18,1500,0,1023,"ndiki","ready-to-eat"
"20.08.18",4,18,1500,0,1106,"ndiki","ready-to-eat"
"20.08.18",5,30,500,0,1028,"koko","with stem"
"20.08.18",5,30,500,0,1106,"koko","with stem"
"20.08.18",6,50,100,0,2522,"peppers","without stems"
"20.08.18",6,50,100,0,1116,"peppers","without stems"
"20.08.18",7,38,250,0,1102,"banana","with peel"
"20.08.18",7,38,250,0,1121,"banana","with peel"
"20.08.18",8,35,6500,0,2522,"mela","ready-to-eat"
"20.08.18",8,35,6500,0,1116,"mela","ready-to-eat"
"20.08.18",9,38,500,0,1121,"banana","with peel"
"20.08.18",9,38,500,0,1102,"banana","with peel"
"21.08.18",1,35,1750,0,1007,"mela","ready-to-eat"
"21.08.18",1,35,1750,0,1016,"mela","ready-to-eat"
"21.08.18",2,35,1000,0,2544,"mela","ready-to-eat"
"21.08.18",2,35,1000,0,3118,"mela","ready-to-eat"
"21.08.18",3,35,250,0,1010,"mela","ready-to-eat"
"21.08.18",3,35,250,0,2513,"mela","ready-to-eat"
"21.08.18",4,36,400,0,2513,"pusa","without skin"
"21.08.18",4,36,400,0,1010,"pusa","without skin"
"21.08.18",5,38,6500,0,1115,"banana","with peel"
"21.08.18",5,38,6500,0,1104,"banana","with peel"
"22.08.18",1,76,500,0,1028,"fish","raw"
"22.08.18",1,76,500,0,2055,"fish","raw"
"22.08.18",2,55,450,0,1010,"ediki","with inedible"
"22.08.18",2,55,450,0,2539,"ediki","with inedible"
"22.08.18",3,75,1600,0,1116,"caterpillars","with guts"
"22.08.18",3,75,1600,0,1124,"caterpillars","with guts"
"22.08.18",4,30,150,0,1010,"koko","with stem"
"22.08.18",4,30,150,0,2539,"koko","with stem"
"22.08.18",4,30,150,0,1008,"koko","with stem"
"22.08.18",4,30,150,0,2538,"koko","with stem"
"22.08.18",5,55,2100,0,1028,"ediki","with inedible"
"22.08.18",5,55,2100,0,1106,"ediki","with inedible"
"22.08.18",6,75,450,0,1030,"caterpillars","with guts"
"22.08.18",6,75,450,0,1031,"caterpillars","with guts"
"22.08.18",7,14,250,0,1030,"ekule","ready-to-eat"
"22.08.18",7,14,250,0,1031,"ekule","ready-to-eat"
"22.08.18",8,75,500,0,1016,"caterpillars","with guts"
"22.08.18",8,75,500,0,2522,"caterpillars","with guts"
"22.08.18",9,76,1550,0,1023,"fish","raw"
"22.08.18",9,76,1550,0,3117,"fish","raw"
"23.07.18",1,2,1100,0,1032,"maondo","with peel"
"23.07.18",1,2,1100,0,1007,"maondo","with peel"
"23.07.18",1,2,1100,0,1016,"maondo","with peel"
"23.07.18",1,2,1100,0,3077,"maondo","with peel"
"23.07.18",1,2,1100,0,1008,"maondo","with peel"
"23.07.18",1,2,1100,0,1010,"maondo","with peel"
"23.08.18",1,26,600,0,3041,"kaso","with husk"
"23.08.18",1,26,600,0,3040,"kaso","with husk"
"23.08.18",2,75,1650,0,2031,"caterpillars","with guts"
"23.08.18",2,75,1650,0,2030,"caterpillars","with guts"
"23.08.18",3,75,750,0,3118,"caterpillars","with guts"
"23.08.18",3,75,750,0,3119,"caterpillars","with guts"
"24.07.18",1,91,250,0,2523,"honey","ready-to-eat"
"24.07.18",1,91,250,0,2513,"honey","ready-to-eat"
"24.07.18",1,91,250,0,1007,"honey","ready-to-eat"
"24.07.18",10,35,2750,0,3077,"mela","ready-to-eat"
"24.07.18",10,35,2750,0,3041,"mela","ready-to-eat"
"24.07.18",11,47,1000,0,1101,"matokodi","ready-to-eat"
"24.07.18",11,47,1000,0,1102,"matokodi","ready-to-eat"
"24.07.18",12,5,3600,0,1120,"palm nut","without thorns"
"24.07.18",12,5,3600,0,1119,"palm nut","without thorns"
"24.07.18",13,38,5500,0,1116,"banana","with peel"
"24.07.18",13,38,5500,0,1124,"banana","with peel"
"24.07.18",13,38,5500,0,1031,"banana","with peel"
"24.07.18",14,71,3000,0,1124,"brush-tailed porcupine","with quills"
"24.07.18",14,71,3000,0,1031,"brush-tailed porcupine","with quills"
"24.07.18",14,71,3000,0,1116,"brush-tailed porcupine","with quills"
"24.07.18",15,41,2000,0,1124,"corn","with husk"
"24.07.18",15,41,2000,0,1031,"corn","with husk"
"24.07.18",15,41,2000,0,1116,"corn","with husk"
"24.07.18",16,24,2350,0,1124,"cassava leaves","with stem"
"24.07.18",16,24,2350,0,1031,"cassava leaves","with stem"
"24.07.18",16,24,2350,0,1116,"cassava leaves","with stem"
"24.07.18",17,38,1000,0,1124,"banana","with peel"
"24.07.18",17,38,1000,0,1031,"banana","with peel"
"24.07.18",17,38,1000,0,1116,"banana","with peel"
"24.07.18",18,41,900,0,1124,"corn","with husk"
"24.07.18",18,41,900,0,1031,"corn","with husk"
"24.07.18",18,41,900,0,1116,"corn","with husk"
"24.07.18",2,2,4100,0,2544,"maondo","with peel"
"24.07.18",2,2,4100,0,1008,"maondo","with peel"
"24.07.18",2,2,4100,0,1007,"maondo","with peel"
"24.07.18",2,2,4100,0,1011,"maondo","with peel"
"24.07.18",2,2,4100,0,1016,"maondo","with peel"
"24.07.18",2,2,4100,0,2523,"maondo","with peel"
"24.07.18",2,2,4100,0,2513,"maondo","with peel"
"24.07.18",2,2,4100,0,1009,"maondo","with peel"
"24.07.18",3,32,600,0,1120,"payo","without husk"
"24.07.18",3,32,600,0,1119,"payo","without husk"
"24.07.18",4,33,1260,0,1119,"payo","with husk"
"24.07.18",4,33,1260,0,1120,"payo","with husk"
"24.07.18",5,1,2100,0,1103,"mobe","with seeds"
"24.07.18",5,1,2100,0,1104,"mobe","with seeds"
"24.07.18",6,44,400,0,1104,"lemon","with peel"
"24.07.18",6,44,400,0,1103,"lemon","with peel"
"24.07.18",7,53,1500,0,1104,"mushooms","ready-to-eat"
"24.07.18",7,53,1500,0,1103,"mushooms","ready-to-eat"
"24.07.18",8,36,1500,0,3077,"pusa","without skin"
"24.07.18",8,36,1500,0,3040,"pusa","without skin"
"24.07.18",8,36,1500,0,3041,"pusa","without skin"
"24.07.18",9,36,900,0,3041,"pusa","without skin"
"24.07.18",9,36,900,0,3077,"pusa","without skin"
"24.07.18",9,36,900,0,3040,"pusa","without skin"
"24.08.18",1,5,1600,0,1032,"palm nut","without thorns"
"24.08.18",1,5,1600,0,1006,"palm nut","without thorns"
"24.08.18",2,1,1850,0,1023,"mobe","with seeds"
"24.08.18",2,1,1850,0,3117,"mobe","with seeds"
"24.08.18",3,24,100,0,1031,"cassava leaves","with stem"
"24.08.18",3,24,100,0,1009,"cassava leaves","with stem"
"24.08.18",4,47,250,0,2522,"matokodi","ready-to-eat"
"24.08.18",4,47,250,0,1028,"matokodi","ready-to-eat"
"24.08.18",5,75,150,0,1028,"caterpillars","with guts"
"24.08.18",5,75,150,0,2522,"caterpillars","with guts"
"24.08.18",6,35,750,0,2522,"mela","ready-to-eat"
"24.08.18",6,35,750,0,1028,"mela","ready-to-eat"
"24.08.18",7,53,700,0,1106,"mushooms","ready-to-eat"
"24.08.18",7,53,700,0,1023,"mushooms","ready-to-eat"
"25.07.18",1,26,400,0,1007,"kaso","with husk"
"25.07.18",1,26,400,0,1010,"kaso","with husk"
"25.07.18",1,26,400,0,1030,"kaso","with husk"
"25.07.18",2,25,99.23,0,1008,"kaso","with shell"
"25.07.18",2,25,99.23,0,1030,"kaso","with shell"
"25.07.18",2,25,99.23,0,1011,"kaso","with shell"
"25.07.18",3,26,300,0,1008,"kaso","with husk"
"25.07.18",3,26,300,0,1030,"kaso","with husk"
"25.07.18",3,26,300,0,1011,"kaso","with husk"
"25.07.18",4,38,2500,0,2513,"banana","with peel"
"25.07.18",4,38,2500,0,2523,"banana","with peel"
"25.07.18",5,38,8650,0,2523,"banana","with peel"
"25.07.18",5,38,8650,0,2513,"banana","with peel"
"25.07.18",6,42,524.48,0,2513,"corn","without husk"
"25.07.18",6,42,524.48,0,2523,"corn","without husk"
"25.07.18",7,6,3000,0,1104,"palm nut","with thorns"
"25.07.18",7,6,3000,0,1102,"palm nut","with thorns"
"25.07.18",7,6,3000,0,3077,"palm nut","with thorns"
"25.07.18",8,6,27000,0,3077,"palm nut","with thorns"
"25.07.18",8,6,27000,0,1102,"palm nut","with thorns"
"25.07.18",8,6,27000,0,1104,"palm nut","with thorns"
"25.07.18",9,76,4600,0,3040,"fish","raw"
"25.07.18",9,76,4600,0,3117,"fish","raw"
"25.08.18",1,47,300,0,2544,"matokodi","ready-to-eat"
"25.08.18",1,47,300,0,1010,"matokodi","ready-to-eat"
"25.08.18",1,47,300,0,2539,"matokodi","ready-to-eat"
"25.08.18",1,47,300,0,1007,"matokodi","ready-to-eat"
"25.08.18",2,35,200,0,1007,"mela","ready-to-eat"
"25.08.18",2,35,200,0,2539,"mela","ready-to-eat"
"25.08.18",3,20,1600,0,3117,"cassava","with water"
"25.08.18",3,20,1600,0,1023,"cassava","with water"
"25.08.18",4,6,10600,0,1121,"palm nut","with thorns"
"25.08.18",4,6,10600,0,3041,"palm nut","with thorns"
"25.08.18",4,6,10600,0,1102,"palm nut","with thorns"
"25.08.18",5,5,8850,0,3041,"palm nut","without thorns"
"25.08.18",5,5,8850,0,1102,"palm nut","without thorns"
"25.08.18",5,5,8850,0,1121,"palm nut","without thorns"
"25.08.18",6,6,11300,0,1102,"palm nut","with thorns"
"25.08.18",6,6,11300,0,1121,"palm nut","with thorns"
"25.08.18",6,6,11300,0,3041,"palm nut","with thorns"
"26.07.18",1,10,250,0,1007,"palm wine","0"
"26.07.18",1,10,250,0,3117,"palm wine","0"
"26.07.18",2,26,400,0,1011,"kaso","with husk"
"26.07.18",2,26,400,0,1032,"kaso","with husk"
"26.07.18",2,26,400,0,1010,"kaso","with husk"
"26.07.18",2,26,400,0,1006,"kaso","with husk"
"26.07.18",2,26,400,0,2544,"kaso","with husk"
"26.07.18",3,36,2900,0,1116,"pusa","without skin"
"26.07.18",3,36,2900,0,1120,"pusa","without skin"
"26.07.18",4,37,4000,0,1116,"pusa","with skin"
"26.07.18",4,37,4000,0,1120,"pusa","with skin"
"26.07.18",5,26,300,0,1007,"kaso","with husk"
"26.07.18",5,26,300,0,2544,"kaso","with husk"
"26.07.18",6,38,5850,0,2039,"banana","with peel"
"26.07.18",6,38,5850,0,2038,"banana","with peel"
"26.07.18",7,42,1000,0,2038,"corn","without husk"
"26.07.18",7,42,1000,0,2039,"corn","without husk"
"26.07.18",8,39,250,0,2039,"banana","ready-to-eat"
"26.07.18",8,39,250,0,2038,"banana","ready-to-eat"
"26.08.18",1,10,1000,0,1007,"palm wine","0"
"26.08.18",1,10,1000,0,2523,"palm wine","0"
"26.08.18",2,75,250,0,1011,"caterpillars","with guts"
"26.08.18",2,75,250,0,1010,"caterpillars","with guts"
"26.08.18",3,75,400,0,1011,"caterpillars","with guts"
"26.08.18",3,75,400,0,2539,"caterpillars","with guts"
"26.08.18",3,75,400,0,1010,"caterpillars","with guts"
"26.08.18",4,91,1500,0,1103,"honey","ready-to-eat"
"26.08.18",4,91,1500,0,1119,"honey","ready-to-eat"
"26.08.18",5,24,150,0,1031,"cassava leaves","with stem"
"26.08.18",5,24,150,0,2538,"cassava leaves","with stem"
"26.08.18",5,24,150,0,1011,"cassava leaves","with stem"
"26.08.18",6,75,2500,0,3040,"caterpillars","with guts"
"26.08.18",6,75,2500,0,3041,"caterpillars","with guts"
"26.08.18",7,35,2000,0,3117,"mela","ready-to-eat"
"26.08.18",7,35,2000,0,1023,"mela","ready-to-eat"
"26.08.18",8,75,250,0,1023,"caterpillars","with guts"
"26.08.18",8,75,250,0,3117,"caterpillars","with guts"
"26.08.18",9,4,500,0,3117,"taro leaves","ready-to-eat"
"26.08.18",9,4,500,0,1023,"taro leaves","ready-to-eat"
"27.07.18",1,26,2500,0,3077,"kaso","with husk"
"27.07.18",1,26,2500,0,3041,"kaso","with husk"
"27.07.18",1,26,2500,0,3040,"kaso","with husk"
"27.07.18",2,25,100,0,3077,"kaso","with shell"
"27.07.18",2,25,100,0,3041,"kaso","with shell"
"27.07.18",2,25,100,0,3040,"kaso","with shell"
"27.07.18",3,49,500,0,1031,"mondonge",NA
"27.07.18",3,49,500,0,1030,"mondonge",NA
"27.07.18",4,76,2000,0,1120,"fish","raw"
"27.07.18",4,76,2000,0,3077,"fish","raw"
"27.07.18",5,25,250,0,1120,"kaso","with shell"
"27.07.18",5,25,250,0,3077,"kaso","with shell"
"27.07.18",6,36,212.62,0,1116,"pusa","without skin"
"27.07.18",6,36,212.62,0,1124,"pusa","without skin"
"27.07.18",7,35,2000,0,1116,"mela","ready-to-eat"
"27.07.18",7,35,2000,0,1124,"mela","ready-to-eat"
"27.07.18",8,5,750,0,2038,"palm nut","without thorns"
"27.07.18",8,5,750,0,2039,"palm nut","without thorns"
"27.07.18",9,76,1750,0,1124,"fish","raw"
"27.07.18",9,76,1750,0,1116,"fish","raw"
"27.08.18",1,75,250,0,1010,"caterpillars","with guts"
"27.08.18",1,75,250,0,1007,"caterpillars","with guts"
"27.08.18",2,75,100,0,1102,"caterpillars","with guts"
"27.08.18",2,75,100,0,1011,"caterpillars","with guts"
"27.08.18",3,75,200,0,1010,"caterpillars","with guts"
"27.08.18",3,75,200,0,2539,"caterpillars","with guts"
"27.08.18",4,24,250,0,1009,"cassava leaves","with stem"
"27.08.18",4,24,250,0,1031,"cassava leaves","with stem"
"27.08.18",5,91,200,0,1007,"honey","ready-to-eat"
"27.08.18",5,91,200,0,2513,"honey","ready-to-eat"
"27.08.18",6,75,1250,0,1028,"caterpillars","with guts"
"27.08.18",6,75,1250,0,1023,"caterpillars","with guts"
"27.08.18",7,75,450,0,2522,"caterpillars","with guts"
"27.08.18",7,75,450,0,2039,"caterpillars","with guts"
"27.08.18",8,30,600,0,1028,"koko","with stem"
"27.08.18",8,30,600,0,1023,"koko","with stem"
"27.08.18",9,76,600,0,1016,"fish","raw"
"27.08.18",9,76,600,0,2522,"fish","raw"
"28.07.18",1,14,141.75,0,2523,"ekule","ready-to-eat"
"28.07.18",1,14,141.75,0,1007,"ekule","ready-to-eat"
"28.07.18",1,14,141.75,0,2513,"ekule","ready-to-eat"
"28.07.18",10,6,12000,0,1121,"palm nut","with thorns"
"28.07.18",10,6,12000,0,1122,"palm nut","with thorns"
"28.07.18",11,6,14600,0,3077,"palm nut","with thorns"
"28.07.18",11,6,14600,0,1122,"palm nut","with thorns"
"28.07.18",12,5,3250,0,1103,"palm nut","without thorns"
"28.07.18",12,5,3250,0,1104,"palm nut","without thorns"
"28.07.18",13,76,127.58,0,1006,"fish","raw"
"28.07.18",13,76,127.58,0,1032,"fish","raw"
"28.07.18",2,79,200,0,3117,"grub","ready-to-eat"
"28.07.18",2,79,200,0,1016,"grub","ready-to-eat"
"28.07.18",3,52,1100,0,3117,"kango","ready-to-eat"
"28.07.18",3,52,1100,0,1016,"kango","ready-to-eat"
"28.07.18",4,76,300,0,1016,"fish","raw"
"28.07.18",4,76,300,0,3117,"fish","raw"
"28.07.18",5,53,42.52,0,1016,"mushooms","ready-to-eat"
"28.07.18",5,53,42.52,0,3117,"mushooms","ready-to-eat"
"28.07.18",6,2,1400,0,1016,"maondo","with peel"
"28.07.18",6,2,1400,0,1007,"maondo","with peel"
"28.07.18",6,2,1400,0,1009,"maondo","with peel"
"28.07.18",6,2,1400,0,2513,"maondo","with peel"
"28.07.18",6,2,1400,0,1008,"maondo","with peel"
"28.07.18",6,2,1400,0,1031,"maondo","with peel"
"28.07.18",6,2,1400,0,2523,"maondo","with peel"
"28.07.18",6,2,1400,0,1011,"maondo","with peel"
"28.07.18",6,2,1400,0,1010,"maondo","with peel"
"28.07.18",6,2,1400,0,3117,"maondo","with peel"
"28.07.18",7,76,800,0,1120,"fish","raw"
"28.07.18",7,76,800,0,3076,"fish","raw"
"28.07.18",8,6,3000,0,1121,"palm nut","with thorns"
"28.07.18",8,6,3000,0,1122,"palm nut","with thorns"
"28.07.18",9,6,9000,0,1122,"palm nut","with thorns"
"28.07.18",9,6,9000,0,1121,"palm nut","with thorns"
"28.08.18",1,75,2250,0,1106,"caterpillars","with guts"
"28.08.18",1,75,2250,0,1023,"caterpillars","with guts"
"28.08.18",2,35,2000,0,1106,"mela","ready-to-eat"
"28.08.18",2,35,2000,0,1023,"mela","ready-to-eat"
"28.08.18",3,35,5000,0,1016,"mela","ready-to-eat"
"28.08.18",3,35,5000,0,2522,"mela","ready-to-eat"
"28.08.18",4,6,14250,0,1122,"palm nut","with thorns"
"28.08.18",4,6,14250,0,1103,"palm nut","with thorns"
"28.08.18",5,75,3500,0,1103,"caterpillars","with guts"
"28.08.18",5,75,3500,0,1104,"caterpillars","with guts"
"28.08.18",6,35,3850,0,3077,"mela","ready-to-eat"
"28.08.18",6,35,3850,0,3041,"mela","ready-to-eat"
"28.08.18",7,36,1000,0,3041,"pusa","without skin"
"28.08.18",7,36,1000,0,3077,"pusa","without skin"
"28.08.18",8,75,750,0,3077,"caterpillars","with guts"
"28.08.18",8,75,750,0,3041,"caterpillars","with guts"
"29.07.18",1,5,42.52,0,1007,"palm nut","without thorns"
"29.07.18",1,5,42.52,0,1008,"palm nut","without thorns"
"29.07.18",1,5,42.52,0,1122,"palm nut","without thorns"
"29.07.18",1,5,42.52,0,2523,"palm nut","without thorns"
"29.07.18",2,7,11000,0,3040,"palm nut","head"
"29.07.18",2,7,11000,0,3077,"palm nut","head"
"29.07.18",2,7,11000,0,3041,"palm nut","head"
"29.07.18",3,7,17750,0,3077,"palm nut","head"
"29.07.18",3,7,17750,0,3040,"palm nut","head"
"29.07.18",3,7,17750,0,3041,"palm nut","head"
"29.07.18",4,35,1400,0,1120,"mela","ready-to-eat"
"29.07.18",4,35,1400,0,1116,"mela","ready-to-eat"
"29.07.18",5,91,1000,0,1104,"honey","ready-to-eat"
"29.07.18",5,91,1000,0,1121,"honey","ready-to-eat"
"29.07.18",5,91,1000,0,1122,"honey","ready-to-eat"
"29.07.18",6,53,600,0,3040,"mushooms","ready-to-eat"
"29.07.18",6,53,600,0,3041,"mushooms","ready-to-eat"
"29.07.18",7,91,1500,0,1121,"honey","ready-to-eat"
"29.07.18",7,91,1500,0,1122,"honey","ready-to-eat"
"29.07.18",7,91,1500,0,1104,"honey","ready-to-eat"
"29.07.18",8,2,2000,0,3041,"maondo","with peel"
"29.07.18",8,2,2000,0,3077,"maondo","with peel"
"29.07.18",8,2,2000,0,3040,"maondo","with peel"
"29.07.18",9,38,300,0,3117,"banana","with peel"
"29.07.18",9,38,300,0,1016,"banana","with peel"
"29.08.18",1,24,100,0,1011,"cassava leaves","with stem"
"29.08.18",1,24,100,0,1009,"cassava leaves","with stem"
"29.08.18",10,35,1500,0,1023,"mela","ready-to-eat"
"29.08.18",10,35,1500,0,1028,"mela","ready-to-eat"
"29.08.18",11,35,6500,0,1028,"mela","ready-to-eat"
"29.08.18",11,35,6500,0,1023,"mela","ready-to-eat"
"29.08.18",12,14,400,0,1023,"ekule","ready-to-eat"
"29.08.18",12,14,400,0,1028,"ekule","ready-to-eat"
"29.08.18",13,75,850,0,1028,"caterpillars","with guts"
"29.08.18",13,75,850,0,1023,"caterpillars","with guts"
"29.08.18",2,2,600,0,2544,"maondo","with peel"
"29.08.18",2,2,600,0,2523,"maondo","with peel"
"29.08.18",3,75,900,0,2523,"caterpillars","with guts"
"29.08.18",3,75,900,0,2513,"caterpillars","with guts"
"29.08.18",4,75,1000,0,2039,"caterpillars","with guts"
"29.08.18",4,75,1000,0,3061,"caterpillars","with guts"
"29.08.18",5,35,3300,0,2522,"mela","ready-to-eat"
"29.08.18",5,35,3300,0,1116,"mela","ready-to-eat"
"29.08.18",6,24,600,0,2544,"cassava leaves","with stem"
"29.08.18",6,24,600,0,1009,"cassava leaves","with stem"
"29.08.18",6,24,600,0,1007,"cassava leaves","with stem"
"29.08.18",6,24,600,0,1031,"cassava leaves","with stem"
"29.08.18",7,35,2750,0,1104,"mela","ready-to-eat"
"29.08.18",7,35,2750,0,1121,"mela","ready-to-eat"
"29.08.18",8,53,350,0,3077,"mushooms","ready-to-eat"
"29.08.18",8,53,350,0,2522,"mushooms","ready-to-eat"
"29.08.18",9,75,1850,0,1104,"caterpillars","with guts"
"29.08.18",9,75,1850,0,1121,"caterpillars","with guts"
"30.07.18",1,91,800,1,1028,"honey","ready-to-eat"
"30.07.18",1,91,800,1,2055,"honey","ready-to-eat"
"30.07.18",10,6,6650,0,1103,"palm nut","with thorns"
"30.07.18",10,6,6650,0,2523,"palm nut","with thorns"
"30.07.18",10,6,6650,0,2544,"palm nut","with thorns"
"30.07.18",10,6,6650,0,2513,"palm nut","with thorns"
"30.07.18",10,6,6650,0,1007,"palm nut","with thorns"
"30.07.18",10,6,6650,0,1035,"palm nut","with thorns"
"30.07.18",11,6,6900,0,1103,"palm nut","with thorns"
"30.07.18",11,6,6900,0,1007,"palm nut","with thorns"
"30.07.18",11,6,6900,0,1035,"palm nut","with thorns"
"30.07.18",11,6,6900,0,2513,"palm nut","with thorns"
"30.07.18",11,6,6900,0,2523,"palm nut","with thorns"
"30.07.18",11,6,6900,0,2544,"palm nut","with thorns"
"30.07.18",12,6,10125,0,1035,"palm nut","with thorns"
"30.07.18",12,6,10125,0,2544,"palm nut","with thorns"
"30.07.18",12,6,10125,0,1103,"palm nut","with thorns"
"30.07.18",12,6,10125,0,2513,"palm nut","with thorns"
"30.07.18",12,6,10125,0,1007,"palm nut","with thorns"
"30.07.18",12,6,10125,0,2523,"palm nut","with thorns"
"30.07.18",13,7,8600,0,1103,"palm nut","head"
"30.07.18",13,7,8600,0,1007,"palm nut","head"
"30.07.18",13,7,8600,0,2513,"palm nut","head"
"30.07.18",13,7,8600,0,2523,"palm nut","head"
"30.07.18",13,7,8600,0,2544,"palm nut","head"
"30.07.18",13,7,8600,0,1035,"palm nut","head"
"30.07.18",14,6,14500,0,2513,"palm nut","with thorns"
"30.07.18",14,6,14500,0,1007,"palm nut","with thorns"
"30.07.18",14,6,14500,0,2523,"palm nut","with thorns"
"30.07.18",14,6,14500,0,1035,"palm nut","with thorns"
"30.07.18",14,6,14500,0,1103,"palm nut","with thorns"
"30.07.18",14,6,14500,0,2544,"palm nut","with thorns"
"30.07.18",15,6,18000,0,1035,"palm nut","with thorns"
"30.07.18",15,6,18000,0,1007,"palm nut","with thorns"
"30.07.18",15,6,18000,0,2544,"palm nut","with thorns"
"30.07.18",15,6,18000,0,1103,"palm nut","with thorns"
"30.07.18",15,6,18000,0,2523,"palm nut","with thorns"
"30.07.18",15,6,18000,0,2513,"palm nut","with thorns"
"30.07.18",16,35,4100,0,1115,"mela","ready-to-eat"
"30.07.18",16,35,4100,0,1120,"mela","ready-to-eat"
"30.07.18",2,91,453.6,1,2055,"honey","ready-to-eat"
"30.07.18",2,91,453.6,1,1028,"honey","ready-to-eat"
"30.07.18",3,2,85.05,0,2539,"maondo","with peel"
"30.07.18",3,2,85.05,0,1031,"maondo","with peel"
"30.07.18",3,2,85.05,0,1009,"maondo","with peel"
"30.07.18",3,2,85.05,0,1011,"maondo","with peel"
"30.07.18",3,2,85.05,0,1008,"maondo","with peel"
"30.07.18",4,2,400,0,1031,"maondo","with peel"
"30.07.18",4,2,400,0,1009,"maondo","with peel"
"30.07.18",4,2,400,0,1011,"maondo","with peel"
"30.07.18",4,2,400,0,1008,"maondo","with peel"
"30.07.18",4,2,400,0,2539,"maondo","with peel"
"30.07.18",5,5,1500,0,2539,"palm nut","without thorns"
"30.07.18",5,5,1500,0,1011,"palm nut","without thorns"
"30.07.18",5,5,1500,0,1010,"palm nut","without thorns"
"30.07.18",5,5,1500,0,1101,"palm nut","without thorns"
"30.07.18",6,7,4500,0,1101,"palm nut","head"
"30.07.18",6,7,4500,0,1011,"palm nut","head"
"30.07.18",6,7,4500,0,1010,"palm nut","head"
"30.07.18",6,7,4500,0,2539,"palm nut","head"
"30.07.18",7,64,500,1,2055,"blue duiker","smoked"
"30.07.18",7,64,500,1,1028,"blue duiker","smoked"
"30.07.18",8,87,2100,0,1116,"snake","with intestins"
"30.07.18",8,87,2100,0,1124,"snake","with intestins"
"30.07.18",9,6,3500,0,1035,"palm nut","with thorns"
"30.07.18",9,6,3500,0,1103,"palm nut","with thorns"
"30.07.18",9,6,3500,0,1007,"palm nut","with thorns"
"30.07.18",9,6,3500,0,2513,"palm nut","with thorns"
"30.07.18",9,6,3500,0,2544,"palm nut","with thorns"
"30.07.18",9,6,3500,0,2523,"palm nut","with thorns"
"30.08.18",1,53,250,0,3041,"mushooms","ready-to-eat"
"30.08.18",1,53,250,0,3077,"mushooms","ready-to-eat"
"30.08.18",2,75,1800,0,1106,"caterpillars","with guts"
"30.08.18",2,75,1800,0,1023,"caterpillars","with guts"
"30.08.18",3,53,1400,0,1030,"mushooms","ready-to-eat"
"30.08.18",3,53,1400,0,1120,"mushooms","ready-to-eat"
"30.08.18",4,75,1550,0,2038,"caterpillars","with guts"
"30.08.18",4,75,1550,0,2039,"caterpillars","with guts"
"31.07.18",1,47,28.35,0,1016,"matokodi","ready-to-eat"
"31.07.18",1,47,28.35,0,3117,"matokodi","ready-to-eat"
"31.07.18",2,53,85.05,1,1016,"mushooms","ready-to-eat"
"31.07.18",2,53,85.05,1,3117,"mushooms","ready-to-eat"
"31.07.18",3,55,1600,0,1030,"ediki","with inedible"
"31.07.18",3,55,1600,0,1035,"ediki","with inedible"
"31.07.18",3,55,1600,0,3117,"ediki","with inedible"
"31.07.18",3,55,1600,0,3077,"ediki","with inedible"
"31.07.18",4,91,2000,0,2030,"honey","ready-to-eat"
"31.07.18",4,91,2000,0,2031,"honey","ready-to-eat"
"31.08.18",1,75,800,0.5,2524,"caterpillars","with guts"
"31.08.18",1,75,800,0.5,2513,"caterpillars","with guts"
"31.08.18",2,91,2150,0,2055,"honey","ready-to-eat"
"31.08.18",2,91,2150,0,1101,"honey","ready-to-eat"
"31.08.18",2,91,2150,0,1006,"honey","ready-to-eat"
"31.08.18",2,91,2150,0,1122,"honey","ready-to-eat"
"31.08.18",3,75,1800,0,1106,"caterpillars","with guts"
"31.08.18",3,75,1800,0,1023,"caterpillars","with guts"
"31.08.18",4,91,2150,0,1101,"honey","ready-to-eat"
"31.08.18",4,91,2150,0,1006,"honey","ready-to-eat"
"31.08.18",4,91,2150,0,1122,"honey","ready-to-eat"
"31.08.18",4,91,2150,0,2055,"honey","ready-to-eat"
"31.08.18",5,35,1000,0,2055,"mela","ready-to-eat"
"31.08.18",5,35,1000,0,1101,"mela","ready-to-eat"
"31.08.18",5,35,1000,0,1006,"mela","ready-to-eat"
"31.08.18",5,35,1000,0,1122,"mela","ready-to-eat"
"31.08.18",6,14,600,0,2055,"ekule","ready-to-eat"
"31.08.18",6,14,600,0,1122,"ekule","ready-to-eat"
"31.08.18",6,14,600,0,1006,"ekule","ready-to-eat"
"31.08.18",6,14,600,0,1101,"ekule","ready-to-eat"
"31.08.18",7,35,4200,0,3041,"mela","ready-to-eat"
"31.08.18",7,35,4200,0,3077,"mela","ready-to-eat"
"31.08.18",8,35,2000,0,2030,"mela","ready-to-eat"
"31.08.18",8,35,2000,0,2031,"mela","ready-to-eat"
"23.07.18",NA,25,28.35,0,1032,"kaso","with shell"
"23.07.18",NA,25,42.525,1,2544,"kaso","with shell"
"23.07.18",NA,25,56.7,0,1009,"kaso","with shell"
"23.07.18",NA,25,99.225,0,1006,"kaso","with shell"
"23.07.18",NA,80,184.275,0,1116,"lemon","with peel"
"23.07.18",NA,14,250,0,1102,"ekule","ready-to-eat"
"23.07.18",NA,20,255.15,0,1116,"cassava","with water"
"23.07.18",NA,26,255.15,0,1120,"kaso","with husk"
"23.07.18",NA,26,354.375,0,1102,"kaso","with husk"
"23.07.18",NA,2,500,0,1032,"maondo","with peel"
"23.07.18",NA,25,609.525,0,3040,"kaso","with shell"
"23.07.18",NA,9,1400,0,2039,"palm oil","liquid"
"23.07.18",NA,35,1900,0,1102,"mela","ready-to-eat"
"23.07.18",NA,5,2750,0,2039,"palm nut","without thorns"
"23.07.18",NA,63,4100,0,2039,"blue duiker","rotten meat"
"23.07.18",NA,5,8100,0,1102,"palm nut","without thorns"
"24.07.18",NA,25,99.225,0,1032,"kaso","with shell"
"24.07.18",NA,45,113.4,0,3041,"orange","with peel"
"24.07.18",NA,30,127.575,0,3041,"koko","with stem"
"24.07.18",NA,35,198.45,0,1104,"mela","ready-to-eat"
"24.07.18",NA,5,226.8,0,1032,"palm nut","without thorns"
"24.07.18",NA,53,750,0,1120,"mushooms","ready-to-eat"
"24.07.18",NA,26,900,0,3040,"kaso","with husk"
"24.07.18",NA,36,900,0,1120,"pusa","without skin"
"24.07.18",NA,48,1000,0,1119,"matokodi","with husk"
"24.07.18",NA,47,1000,0,3041,"matokodi","ready-to-eat"
"24.07.18",NA,28,1100,0,1104,"mbala","without husk"
"24.07.18",NA,35,1400,0,1120,"mela","ready-to-eat"
"24.07.18",NA,16,1518.825,0,1016,"esaa","ready-to-eat"
"24.07.18",NA,35,2500,0,1102,"mela","ready-to-eat"
"25.07.18",NA,25,99.225,0,1032,"kaso","with shell"
"25.07.18",NA,49,212.625,0,1121,"mondonge","entire fruit"
"25.07.18",NA,76,250,0,1122,"fish","raw"
"25.07.18",NA,76,255.15,0,1119,"fish","raw"
"25.07.18",NA,9,311.85,0,1115,"palm oil","liquid"
"25.07.18",NA,41,326.025,0,3077,"corn","with husk"
"25.07.18",NA,48,439.425,0,3077,"matokodi","with husk"
"25.07.18",NA,41,600,0,1121,"corn","with husk"
"25.07.18",NA,76,600,0,1032,"fish","raw"
"25.07.18",NA,76,600,0,1124,"fish","raw"
"25.07.18",NA,49,751.275,0,1102,"mondonge",NA
"25.07.18",NA,24,935.55,0,3076,"cassava leaves","with stem"
"25.07.18",NA,92,1000,1,2000,"mead","0"
"25.07.18",NA,76,1100,1,2007,"fish","raw"
"25.07.18",NA,5,1400,0,1116,"palm nut","without thorns"
"25.07.18",NA,76,1750,0,1103,"fish","raw"
"25.07.18",NA,24,1900,0,3077,"cassava leaves","with stem"
"25.07.18",NA,26,2000,0,1121,"kaso","with husk"
"25.07.18",NA,21,2100,0,1121,"cassava","without skin"
"25.07.18",NA,71,2250,0,1101,"brush-tailed porcupine","with quills"
"25.07.18",NA,6,3000,0,1121,"palm nut","with thorns"
"25.07.18",NA,71,3250,0,1119,"brush-tailed porcupine","with quills"
"25.07.18",NA,24,3700,0,1104,"cassava leaves","with stem"
"25.07.18",NA,38,3850,0,3076,"banana","with peel"
"25.07.18",NA,76,4200,0,1119,"fish","raw"
"25.07.18",NA,38,6000,0,1115,"banana","with peel"
"25.07.18",NA,6,7100,0,3077,"palm nut","with thorns"
"25.07.18",NA,22,11250,0,1102,"cassava","with skin"
"25.07.18",NA,20,12000,0,3076,"cassava","with water"
"25.07.18",NA,20,12750,0,1115,"cassava","with water"
"25.07.18",NA,6,13850,0,1102,"palm nut","with thorns"
"26.07.18",NA,26,28.35,0,1104,"kaso","with husk"
"26.07.18",NA,49,56.7,0,1009,"mondonge",NA
"26.07.18",NA,26,100,0,1016,"kaso","with husk"
"26.07.18",NA,25,113.4,0,1103,"kaso","with shell"
"26.07.18",NA,30,127.575,0,3117,"koko","with stem"
"26.07.18",NA,30,198.45,0,1115,"koko","with stem"
"26.07.18",NA,91,212.625,0,2513,"honey","ready-to-eat"
"26.07.18",NA,39,250,0,1121,"banana","ready-to-eat"
"26.07.18",NA,25,250,0,2039,"kaso","with shell"
"26.07.18",NA,31,255.15,0,3117,"koko","ready-to-eat"
"26.07.18",NA,31,283.5,0,1120,"koko","ready-to-eat"
"26.07.18",NA,30,283.5,0,3076,"koko","with stem"
"26.07.18",NA,36,340.2,0,1115,"pusa","without skin"
"26.07.18",NA,26,500,0,2523,"kaso","with husk"
"26.07.18",NA,30,500,0,1121,"koko","with stem"
"26.07.18",NA,76,600,0,1104,"fish","raw"
"26.07.18",NA,25,750,0,3040,"kaso","with shell"
"26.07.18",NA,37,750,0,3076,"pusa","with skin"
"26.07.18",NA,26,900,0,3040,"kaso","with husk"
"26.07.18",NA,76,1000,0,1121,"fish","raw"
"26.07.18",NA,47,1000,0,3117,"matokodi","ready-to-eat"
"26.07.18",NA,36,1250,0,3076,"pusa","without skin"
"26.07.18",NA,76,1300,0,1120,"fish","raw"
"26.07.18",NA,76,1500,0,2038,"fish","raw"
"26.07.18",NA,91,1500,0,1124,"honey","ready-to-eat"
"26.07.18",NA,36,1500,0,1104,"pusa","without skin"
"26.07.18",NA,47,1900,0,1115,"matokodi","ready-to-eat"
"26.07.18",NA,48,2600,0,1122,"matokodi","with husk"
"26.07.18",NA,71,2750,0,1101,"brush-tailed porcupine","with quills"
"26.07.18",NA,37,5100,0,3076,"pusa","with skin"
"26.07.18",NA,37,6850,0,1104,"pusa","with skin"
"27.07.18",NA,26,28.35,0,1006,"kaso","with husk"
"27.07.18",NA,30,42.525,0,2039,"koko","with stem"
"27.07.18",NA,49,42.525,0,1009,"mondonge",NA
"27.07.18",NA,25,100,0,1032,"kaso","with shell"
"27.07.18",NA,28,155.925,0,3076,"mbala","without husk"
"27.07.18",NA,26,200,0,1122,"kaso","with husk"
"27.07.18",NA,49,200,0,1008,"mondonge",NA
"27.07.18",NA,25,250,0,1006,"kaso","with shell"
"27.07.18",NA,25,250,0,1006,"kaso","with shell"
"27.07.18",NA,42,300,0,1121,"corn","without husk"
"27.07.18",NA,76,326.025,1,2521,"fish","raw"
"27.07.18",NA,36,350,0,1115,"pusa","without skin"
"27.07.18",NA,42,400,0,2039,"corn","without husk"
"27.07.18",NA,25,400,0,1122,"kaso","with shell"
"27.07.18",NA,49,400,0,1010,"mondonge",NA
"27.07.18",NA,49,500,0,1007,"mondonge",NA
"27.07.18",NA,36,500,0,3076,"pusa","without skin"
"27.07.18",NA,47,600,0,1006,"matokodi","ready-to-eat"
"27.07.18",NA,77,750,1,2020,"fish","smoked"
"27.07.18",NA,26,750,0,1006,"kaso","with husk"
"27.07.18",NA,22,900,0,2039,"cassava","with skin"
"27.07.18",NA,36,900,0,3076,"pusa","without skin"
"27.07.18",NA,26,1100,0,1032,"kaso","with husk"
"27.07.18",NA,76,1250,0,1101,"fish","raw"
"27.07.18",NA,38,1500,0,2039,"banana","with peel"
"27.07.18",NA,76,1850,0,3040,"fish","raw"
"27.07.18",NA,61,2000,1,3075,"black-fronted duiker","skin"
"27.07.18",NA,47,2000,0,1120,"matokodi","ready-to-eat"
"27.07.18",NA,35,2000,0,3117,"mela","ready-to-eat"
"27.07.18",NA,24,2100,0,2039,"cassava leaves","with stem"
"27.07.18",NA,36,2500,0,1121,"pusa","without skin"
"27.07.18",NA,36,2750,0,1102,"pusa","without skin"
"27.07.18",NA,35,3900,0,1115,"mela","ready-to-eat"
"27.07.18",NA,35,4000,0,3076,"mela","ready-to-eat"
"27.07.18",NA,35,5500,0,1121,"mela","ready-to-eat"
"27.07.18",NA,35,6350,0,1102,"mela","ready-to-eat"
"28.07.18",NA,25,28.35,0,1102,"kaso","with shell"
"28.07.18",NA,76,42.525,0,1102,"fish","raw"
"28.07.18",NA,25,42.525,0,1121,"kaso","with shell"
"28.07.18",NA,30,56.7,0,3076,"koko","with stem"
"28.07.18",NA,25,70.875,0,1030,"kaso","with shell"
"28.07.18",NA,25,99.225,0,1102,"kaso","with shell"
"28.07.18",NA,47,113.4,0,1121,"matokodi","ready-to-eat"
"28.07.18",NA,26,141.75,0,1121,"kaso","with husk"
"28.07.18",NA,42,170.1,0,1121,"corn","without husk"
"28.07.18",NA,55,200,0,1116,"ediki","with inedible"
"28.07.18",NA,30,212.625,0,1102,"koko","with stem"
"28.07.18",NA,26,250,0,1010,"kaso","with husk"
"28.07.18",NA,2,250,0,3117,"maondo","with peel"
"28.07.18",NA,42,283.5,0,1104,"corn","without husk"
"28.07.18",NA,17,326.025,0,1121,"kobo","ready-to-eat"
"28.07.18",NA,25,400,0,1032,"kaso","with shell"
"28.07.18",NA,25,400,0,1006,"kaso","with shell"
"28.07.18",NA,47,400,0,1103,"matokodi","ready-to-eat"
"28.07.18",NA,41,425.25,0,3077,"corn","with husk"
"28.07.18",NA,76,436.325,0,1115,"fish","raw"
"28.07.18",NA,26,500,0,3040,"kaso","with husk"
"28.07.18",NA,47,500,0,1103,"matokodi","ready-to-eat"
"28.07.18",NA,48,500,0,1104,"matokodi","with husk"
"28.07.18",NA,19,500,0,1102,"ngangi","ready-to-eat"
"28.07.18",NA,50,500,0,1104,"peppers","without stems"
"28.07.18",NA,25,600,0,1104,"kaso","with shell"
"28.07.18",NA,36,600,0,1102,"pusa","without skin"
"28.07.18",NA,14,750,0,1104,"ekule","ready-to-eat"
"28.07.18",NA,26,750,0,2038,"kaso","with husk"
"28.07.18",NA,53,800,0,1104,"mushooms","ready-to-eat"
"28.07.18",NA,26,1100,0,1104,"kaso","with husk"
"28.07.18",NA,48,1500,0,3040,"matokodi","with husk"
"28.07.18",NA,38,1600,0,1121,"banana","with peel"
"28.07.18",NA,11,1600,0,1104,"papaya","with peel"
"28.07.18",NA,26,1700,0,1103,"kaso","with husk"
"28.07.18",NA,91,1800,1,3004,"honey","ready-to-eat"
"28.07.18",NA,1,2000,0,1121,"mobe","with seeds"
"28.07.18",NA,38,2100,0,3077,"banana","with peel"
"28.07.18",NA,91,2200,1,2055,"honey","ready-to-eat"
"28.07.18",NA,26,2700,0,1104,"kaso","with husk"
"28.07.18",NA,64,4000,0,1103,"blue duiker","smoked"
"28.07.18",NA,21,4000,0,1121,"cassava","without skin"
"28.07.18",NA,24,4000,0,1104,"cassava leaves","with stem"
"28.07.18",NA,24,4000,0,3077,"cassava leaves","with stem"
"28.07.18",NA,24,4500,0,1121,"cassava leaves","with stem"
"29.07.18",NA,14,99.225,0,2031,"ekule","ready-to-eat"
"29.07.18",NA,76,212.625,0,3077,"fish","raw"
"29.07.18",NA,26,250,0,2539,"kaso","with husk"
"29.07.18",NA,25,250,0,2544,"kaso","with shell"
"29.07.18",NA,30,250,0,1102,"koko","with stem"
"29.07.18",NA,25,300,0,1122,"kaso","with shell"
"29.07.18",NA,26,300,0,3117,"kaso","with husk"
"29.07.18",NA,26,500,0,3040,"kaso","with husk"
"29.07.18",NA,48,700,0,1010,"matokodi","with husk"
"29.07.18",NA,20,750,0,2039,"cassava","with water"
"29.07.18",NA,36,750,0,2031,"pusa","without skin"
"29.07.18",NA,65,1000,1,1110,"blue duiker","head"
"29.07.18",NA,14,1000,0,1120,"ekule","ready-to-eat"
"29.07.18",NA,26,1250,0,2031,"kaso","with husk"
"29.07.18",NA,30,1400,0,1102,"koko","with stem"
"29.07.18",NA,5,1400,0,2031,"palm nut","without thorns"
"29.07.18",NA,48,1500,0,1010,"matokodi","with husk"
"29.07.18",NA,17,1600,0,2039,"kobo","ready-to-eat"
"29.07.18",NA,5,1600,0,2031,"palm nut","without thorns"
"29.07.18",NA,38,2000,0,1016,"banana","with peel"
"29.07.18",NA,20,2500,0,2031,"cassava","with water"
"29.07.18",NA,30,3100,0,3041,"koko","with stem"
"29.07.18",NA,26,3250,0,1121,"kaso","with husk"
"29.07.18",NA,30,3500,0,3077,"koko","with stem"
"29.07.18",NA,36,3500,0,1121,"pusa","without skin"
"29.07.18",NA,24,4250,0,2039,"cassava leaves","with stem"
"29.07.18",NA,71,4500,0,1101,"brush-tailed porcupine","with quills"
"29.07.18",NA,22,7300,0,3117,"cassava","with skin"
"29.07.18",NA,38,8800,0,2039,"banana","with peel"
"29.07.18",NA,6,9650,0,1124,"palm nut","with thorns"
"29.07.18",NA,6,11000,0,1101,"palm nut","with thorns"
"30.07.18",NA,14,28.35,0,1121,"ekule","ready-to-eat"
"30.07.18",NA,29,56.7,0,1115,"mbala","with husk"
"30.07.18",NA,53,70.875,0,2500,"mushooms","ready-to-eat"
"30.07.18",NA,47,200,0,3117,"matokodi","ready-to-eat"
"30.07.18",NA,25,250,0,2031,"kaso","with shell"
"30.07.18",NA,36,250,0,1121,"pusa","without skin"
"30.07.18",NA,26,300,0,3077,"kaso","with husk"
"30.07.18",NA,20,400,0,3117,"cassava","with water"
"30.07.18",NA,25,400,0,1032,"kaso","with shell"
"30.07.18",NA,82,400,1,3075,"monkey","smoked"
"30.07.18",NA,58,500,0,1122,"bird","without feathers"
"30.07.18",NA,25,500,0,1122,"kaso","with shell"
"30.07.18",NA,48,500,0,2030,"matokodi","with husk"
"30.07.18",NA,53,500,0,1121,"mushooms","ready-to-eat"
"30.07.18",NA,53,500,0,1121,"mushooms","ready-to-eat"
"30.07.18",NA,38,750,0,3041,"banana","with peel"
"30.07.18",NA,26,750,0,1104,"kaso","with husk"
"30.07.18",NA,36,750,0,1121,"pusa","without skin"
"30.07.18",NA,47,800,0,3077,"matokodi","ready-to-eat"
"30.07.18",NA,53,800,0,1102,"mushooms","ready-to-eat"
"30.07.18",NA,36,800,0,1102,"pusa","without skin"
"30.07.18",NA,41,900,0,3077,"corn","with husk"
"30.07.18",NA,36,900,0,1115,"pusa","without skin"
"30.07.18",NA,38,1000,0,3077,"banana","with peel"
"30.07.18",NA,69,1000,1,3075,"blue duiker","smoked head"
"30.07.18",NA,41,1000,0,3041,"corn","with husk"
"30.07.18",NA,91,1000,0,2038,"honey","ready-to-eat"
"30.07.18",NA,26,1000,0,3076,"kaso","with husk"
"30.07.18",NA,36,1000,0,2039,"pusa","without skin"
"30.07.18",NA,91,1250,0,2038,"honey","ready-to-eat"
"30.07.18",NA,26,1250,0,1104,"kaso","with husk"
"30.07.18",NA,36,1250,0,1120,"pusa","without skin"
"30.07.18",NA,38,1300,0,3076,"banana","with peel"
"30.07.18",NA,14,1400,0,1115,"ekule","ready-to-eat"
"30.07.18",NA,36,1500,0,2031,"pusa","without skin"
"30.07.18",NA,38,1600,0,3076,"banana","with peel"
"30.07.18",NA,24,1600,0,3117,"cassava leaves","with stem"
"30.07.18",NA,20,1750,1,1106,"cassava","with water"
"30.07.18",NA,41,1750,0,3076,"corn","with husk"
"30.07.18",NA,24,2250,0,2031,"cassava leaves","with stem"
"30.07.18",NA,24,2400,0,3041,"cassava leaves","with stem"
"30.07.18",NA,22,2500,0,1104,"cassava","with skin"
"30.07.18",NA,24,2600,0,1035,"cassava leaves","with stem"
"30.07.18",NA,35,3100,0,1121,"mela","ready-to-eat"
"30.07.18",NA,91,3500,0,2038,"honey","ready-to-eat"
"30.07.18",NA,35,3700,0,1102,"mela","ready-to-eat"
"31.07.18",NA,52,28.35,0,1035,"kango","ready-to-eat"
"31.07.18",NA,30,100,0,1121,"koko","with stem"
"31.07.18",NA,17,113.4,0,1121,"kobo","ready-to-eat"
"31.07.18",NA,26,184.275,0,3040,"kaso","with husk"
"31.07.18",NA,53,200,0,3077,"mushooms","ready-to-eat"
"31.07.18",NA,53,200,0,3117,"mushooms","ready-to-eat"
"31.07.18",NA,26,226.8,0,1010,"kaso","with husk"
"31.07.18",NA,25,250,0,3117,"kaso","with shell"
"31.07.18",NA,30,250,0,3142,"koko","with stem"
"31.07.18",NA,25,300,0,3077,"kaso","with shell"
"31.07.18",NA,26,354.375,0,3041,"kaso","with husk"
"31.07.18",NA,55,400,0,1016,"ediki","with inedible"
"31.07.18",NA,76,400,0,1102,"fish","raw"
"31.07.18",NA,47,400,0,1007,"matokodi","ready-to-eat"
"31.07.18",NA,55,500,0,1102,"ediki","with inedible"
"31.07.18",NA,30,500,0,1102,"koko","with stem"
"31.07.18",NA,47,500,0,2523,"matokodi","ready-to-eat"
"31.07.18",NA,36,500,0,3142,"pusa","without skin"
"31.07.18",NA,26,700,0,3142,"kaso","with husk"
"31.07.18",NA,76,918.825,0,1121,"fish","raw"
"31.07.18",NA,35,1100,0,1035,"mela","ready-to-eat"
"31.07.18",NA,55,1400,0,2539,"ediki","with inedible"
"31.07.18",NA,35,1400,0,1121,"mela","ready-to-eat"
"31.07.18",NA,35,1400,0,3041,"mela","ready-to-eat"
"31.07.18",NA,5,1750,0,3142,"palm nut","without thorns"
"31.07.18",NA,92,2000,1,2004,"mead","0"
"31.07.18",NA,35,2300,0,1116,"mela","ready-to-eat"
"31.07.18",NA,38,2600,0,2039,"banana","with peel"
"31.07.18",NA,35,2650,0,1120,"mela","ready-to-eat"
"31.07.18",NA,20,3500,1,3078,"cassava","with water"
"31.07.18",NA,71,6750,0,3040,"brush-tailed porcupine","with quills"
"01.08.18",NA,25,85.05,0,2513,"kaso","with shell"
"01.08.18",NA,47,100,0,1009,"matokodi","ready-to-eat"
"01.08.18",NA,26,113.4,0,2031,"kaso","with husk"
"01.08.18",NA,30,127.575,0,1104,"koko","with stem"
"01.08.18",NA,30,155.925,0,1120,"koko","with stem"
"01.08.18",NA,53,198.45,0,2031,"mushooms","ready-to-eat"
"01.08.18",NA,30,212.625,0,1116,"koko","with stem"
"01.08.18",NA,26,250,0,1032,"kaso","with husk"
"01.08.18",NA,25,250,0,2513,"kaso","with shell"
"01.08.18",NA,26,250,0,2513,"kaso","with husk"
"01.08.18",NA,53,255.15,0,1009,"mushooms","ready-to-eat"
"01.08.18",NA,24,300,0,1031,"cassava leaves","with stem"
"01.08.18",NA,30,300,0,2031,"koko","with stem"
"01.08.18",NA,44,300,0,3041,"lemon","with peel"
"01.08.18",NA,36,400,0,1102,"pusa","without skin"
"01.08.18",NA,24,500,0,1008,"cassava leaves","with stem"
"01.08.18",NA,55,500,0,1030,"ediki","with inedible"
"01.08.18",NA,47,500,0,1104,"matokodi","ready-to-eat"
"01.08.18",NA,19,500,0,2039,"ngangi","ready-to-eat"
"01.08.18",NA,53,600,0,1115,"mushooms","ready-to-eat"
"01.08.18",NA,53,600,0,1124,"mushooms","ready-to-eat"
"01.08.18",NA,25,800,0,1102,"kaso","with shell"
"01.08.18",NA,76,900,0,3040,"fish","raw"
"01.08.18",NA,53,900,0,1104,"mushooms","ready-to-eat"
"01.08.18",NA,42,1000,0,3041,"corn","without husk"
"01.08.18",NA,36,1100,0,1102,"pusa","without skin"
"01.08.18",NA,48,1600,0,1115,"matokodi","with husk"
"01.08.18",NA,53,1700,0,2039,"mushooms","ready-to-eat"
"01.08.18",NA,20,1750,0,2031,"cassava","with water"
"01.08.18",NA,25,1750,0,2031,"kaso","with shell"
"01.08.18",NA,26,2000,0,2039,"kaso","with husk"
"01.08.18",NA,35,2400,0,1016,"mela","ready-to-eat"
"01.08.18",NA,53,2800,0,3041,"mushooms","ready-to-eat"
"01.08.18",NA,71,3600,0,1101,"brush-tailed porcupine","with quills"
"01.08.18",NA,35,3700,0,1121,"mela","ready-to-eat"
"01.08.18",NA,35,3750,0,1116,"mela","ready-to-eat"
"01.08.18",NA,35,5200,0,1102,"mela","ready-to-eat"
"01.08.18",NA,6,12750,0,2030,"palm nut","with thorns"
"10.08.18",NA,26,56.7,0,1120,"kaso","with husk"
"10.08.18",NA,30,100,0,1016,"koko","with stem"
"10.08.18",NA,30,100,0,1116,"koko","with stem"
"10.08.18",NA,30,100,0,2522,"koko","with stem"
"10.08.18",NA,2,100,0,3118,"maondo","with peel"
"10.08.18",NA,30,113.4,0,3117,"koko","with stem"
"10.08.18",NA,78,141.75,0,1121,"frog","raw"
"10.08.18",NA,30,170.1,0,1120,"koko","with stem"
"10.08.18",NA,30,198.45,0,3077,"koko","with stem"
"10.08.18",NA,19,200,0,1016,"ngangi","ready-to-eat"
"10.08.18",NA,75,250,0,2030,"caterpillars","with guts"
"10.08.18",NA,76,300,0,1121,"fish","raw"
"10.08.18",NA,55,400,0,2544,"ediki","with inedible"
"10.08.18",NA,30,400,0,2522,"koko","with stem"
"10.08.18",NA,25,500,0,1023,"kaso","with shell"
"10.08.18",NA,30,500,0,2031,"koko","with stem"
"10.08.18",NA,55,600,0,2523,"ediki","with inedible"
"10.08.18",NA,25,600,0,3117,"kaso","with shell"
"10.08.18",NA,30,600,0,1035,"koko","with stem"
"10.08.18",NA,30,600,0,3117,"koko","with stem"
"10.08.18",NA,2,750,0,1122,"maondo","with peel"
"10.08.18",NA,39,1500,0,2030,"banana","ready-to-eat"
"10.08.18",NA,2,1500,0,1120,"maondo","with peel"
"10.08.18",NA,1,1500,0,1016,"mobe","with seeds"
"10.08.18",NA,88,2500,0,2030,"snake","without intestins"
"10.08.18",NA,36,3750,0,3077,"pusa","without skin"
"10.08.18",NA,6,20150,0,2030,"palm nut","with thorns"
"11.08.18",NA,51,42.525,0,3119,"peppers","with stems"
"11.08.18",NA,51,42.525,0,1023,"peppers","with stems"
"11.08.18",NA,30,70.875,0,2522,"koko","with stem"
"11.08.18",NA,51,70.875,0,1016,"peppers","with stems"
"11.08.18",NA,26,99.225,0,1030,"kaso","with husk"
"11.08.18",NA,75,100,0,1121,"caterpillars","with guts"
"11.08.18",NA,90,150,0,1009,"egg","with shell"
"11.08.18",NA,47,200,0,3119,"matokodi","ready-to-eat"
"11.08.18",NA,35,200,0,3119,"mela","ready-to-eat"
"11.08.18",NA,46,200,0,1121,"orange","without peel"
"11.08.18",NA,30,212.625,0,3142,"koko","with stem"
"11.08.18",NA,55,250,0,2544,"ediki","with inedible"
"11.08.18",NA,46,250,0,2522,"orange","without peel"
"11.08.18",NA,22,300,0,1106,"cassava","with skin"
"11.08.18",NA,47,300,0,1121,"matokodi","ready-to-eat"
"11.08.18",NA,14,500,0,1121,"ekule","ready-to-eat"
"11.08.18",NA,14,500,0,2031,"ekule","ready-to-eat"
"11.08.18",NA,25,500,0,2030,"kaso","with shell"
"11.08.18",NA,47,500,0,1016,"matokodi","ready-to-eat"
"11.08.18",NA,91,750,0,1119,"honey","ready-to-eat"
"11.08.18",NA,75,800,1,3082,"caterpillars","with guts"
"11.08.18",NA,91,800,0,1124,"honey","ready-to-eat"
"11.08.18",NA,48,800,0,3119,"matokodi","with husk"
"11.08.18",NA,30,850,0,1120,"koko","with stem"
"11.08.18",NA,47,850,0,1106,"matokodi","ready-to-eat"
"11.08.18",NA,47,1000,0,1104,"matokodi","ready-to-eat"
"11.08.18",NA,1,1000,0,1102,"mobe","with seeds"
"11.08.18",NA,45,1000,0,1035,"orange","with peel"
"11.08.18",NA,24,1100,0,1028,"cassava leaves","with stem"
"11.08.18",NA,35,1100,0,1116,"mela","ready-to-eat"
"11.08.18",NA,2,1250,0,2030,"maondo","with peel"
"11.08.18",NA,91,1650,0,1124,"honey","ready-to-eat"
"11.08.18",NA,89,1700,0,2522,"turtle","with shell"
"11.08.18",NA,1,2000,0,1115,"mobe","with seeds"
"11.08.18",NA,35,2100,0,2031,"mela","ready-to-eat"
"11.08.18",NA,35,2500,0,1035,"mela","ready-to-eat"
"11.08.18",NA,35,2500,0,3119,"mela","ready-to-eat"
"11.08.18",NA,2,2600,0,1103,"maondo","with peel"
"11.08.18",NA,35,2600,0,3077,"mela","ready-to-eat"
"11.08.18",NA,35,2900,0,1121,"mela","ready-to-eat"
"11.08.18",NA,35,3250,0,2522,"mela","ready-to-eat"
"11.08.18",NA,71,3400,0,3040,"brush-tailed porcupine","with quills"
"11.08.18",NA,6,3750,0,1028,"palm nut","with thorns"
"11.08.18",NA,35,4000,0,3142,"mela","ready-to-eat"
"11.08.18",NA,35,5750,0,1102,"mela","ready-to-eat"
"11.08.18",NA,35,6100,0,1115,"mela","ready-to-eat"
"11.08.18",NA,35,6500,0,1104,"mela","ready-to-eat"
"11.08.18",NA,91,9900,0,1124,"honey","ready-to-eat"
"12.08.18",NA,59,70.875,0,3040,"bird","with feathers"
"12.08.18",NA,53,100,0,1121,"mushooms","ready-to-eat"
"12.08.18",NA,35,200,0,2522,"mela","ready-to-eat"
"12.08.18",NA,36,200,0,2522,"pusa","without skin"
"12.08.18",NA,41,250,0,1028,"corn","with husk"
"12.08.18",NA,30,300,0,3117,"koko","with stem"
"12.08.18",NA,22,400,0,1121,"cassava","with skin"
"12.08.18",NA,25,400,0,2038,"kaso","with shell"
"12.08.18",NA,75,500,0,1028,"caterpillars","with guts"
"12.08.18",NA,53,500,0,1102,"mushooms","ready-to-eat"
"12.08.18",NA,39,600,0,1121,"banana","ready-to-eat"
"12.08.18",NA,91,600,0,3040,"honey","ready-to-eat"
"12.08.18",NA,30,600,0,1120,"koko","with stem"
"12.08.18",NA,42,700,0,1028,"corn","without husk"
"12.08.18",NA,39,750,0,1102,"banana","ready-to-eat"
"12.08.18",NA,22,750,0,1102,"cassava","with skin"
"12.08.18",NA,75,750,0,2031,"caterpillars","with guts"
"12.08.18",NA,86,750,1,3075,"red river hog","smoked"
"12.08.18",NA,20,800,0,1035,"cassava","with water"
"12.08.18",NA,22,900,0,1121,"cassava","with skin"
"12.08.18",NA,36,1000,0,2031,"pusa","without skin"
"12.08.18",NA,36,1100,0,1023,"pusa","without skin"
"12.08.18",NA,22,1200,0,2031,"cassava","with skin"
"12.08.18",NA,24,1250,0,2031,"cassava leaves","with stem"
"12.08.18",NA,24,1300,0,1035,"cassava leaves","with stem"
"12.08.18",NA,55,1400,0,1115,"ediki","with inedible"
"12.08.18",NA,41,1500,0,1035,"corn","with husk"
"12.08.18",NA,24,1600,0,1023,"cassava leaves","with stem"
"12.08.18",NA,22,1700,0,1028,"cassava","with skin"
"12.08.18",NA,75,1700,0,1122,"caterpillars","with guts"
"12.08.18",NA,24,1750,0,1028,"cassava leaves","with stem"
"12.08.18",NA,91,1750,0,3040,"honey","ready-to-eat"
"12.08.18",NA,36,2250,0,1115,"pusa","without skin"
"12.08.18",NA,71,2600,0,3040,"brush-tailed porcupine","with quills"
"12.08.18",NA,35,2750,0,1120,"mela","ready-to-eat"
"12.08.18",NA,37,3100,0,1028,"pusa","with skin"
"12.08.18",NA,26,3500,0,2038,"kaso","with husk"
"12.08.18",NA,24,3600,0,1102,"cassava leaves","with stem"
"12.08.18",NA,24,3600,0,1121,"cassava leaves","with stem"
"12.08.18",NA,5,4750,0,2030,"palm nut","without thorns"
"13.08.18",NA,75,28.35,0,1121,"caterpillars","with guts"
"13.08.18",NA,59,42.525,0,1006,"bird","with feathers"
"13.08.18",NA,25,56.7,0,1011,"kaso","with shell"
"13.08.18",NA,30,56.7,0,2031,"koko","with stem"
"13.08.18",NA,32,56.7,0,1106,"payo","without husk"
"13.08.18",NA,50,56.7,0,1106,"peppers","without stems"
"13.08.18",NA,26,70.875,0,1032,"kaso","with husk"
"13.08.18",NA,32,70.875,0,1121,"payo","without husk"
"13.08.18",NA,26,100,0,1115,"kaso","with husk"
"13.08.18",NA,66,200,1,1108,"blue duiker","smoked organs"
"13.08.18",NA,67,300,1,1108,"blue duiker","smoked heart"
"13.08.18",NA,47,400,0,1104,"matokodi","ready-to-eat"
"13.08.18",NA,35,400,0,1104,"mela","ready-to-eat"
"13.08.18",NA,25,500,0,1124,"kaso","with shell"
"13.08.18",NA,48,500,0,1016,"matokodi","with husk"
"13.08.18",NA,36,600,0,1104,"pusa","without skin"
"13.08.18",NA,36,600,0,1115,"pusa","without skin"
"13.08.18",NA,35,800,0,1102,"mela","ready-to-eat"
"13.08.18",NA,69,1000,1,1108,"blue duiker","smoked head"
"13.08.18",NA,25,1100,0,1115,"kaso","with shell"
"13.08.18",NA,22,1200,0,2039,"cassava","with skin"
"13.08.18",NA,25,1200,0,1104,"kaso","with shell"
"13.08.18",NA,39,1300,0,2039,"banana","ready-to-eat"
"13.08.18",NA,75,1500,0,1115,"caterpillars","with guts"
"13.08.18",NA,36,1500,0,2031,"pusa","without skin"
"13.08.18",NA,38,1600,0,2039,"banana","with peel"
"13.08.18",NA,38,2100,0,3077,"banana","with peel"
"13.08.18",NA,26,2300,0,1104,"kaso","with husk"
"13.08.18",NA,24,2750,0,2039,"cassava leaves","with stem"
"13.08.18",NA,38,3000,0,2039,"banana","with peel"
"13.08.18",NA,71,3250,0,1119,"brush-tailed porcupine","with quills"
"13.08.18",NA,83,4200,0,1124,"monkey","with intestins and hair"
"13.08.18",NA,35,4350,0,1121,"mela","ready-to-eat"
"13.08.18",NA,35,4500,0,1116,"mela","ready-to-eat"
"13.08.18",NA,37,5050,0,1120,"pusa","with skin"
"13.08.18",NA,35,5500,0,2031,"mela","ready-to-eat"
"13.08.18",NA,26,8100,0,2038,"kaso","with husk"
"14.08.18",NA,59,28.35,0,1122,"bird","with feathers"
"14.08.18",NA,30,56.7,0,1115,"koko","with stem"
"14.08.18",NA,59,85.05,0,3040,"bird","with feathers"
"14.08.18",NA,91,168.825,0,1119,"honey","ready-to-eat"
"14.08.18",NA,22,200,0,1031,"cassava","with skin"
"14.08.18",NA,24,200,0,1008,"cassava leaves","with stem"
"14.08.18",NA,30,200,0,2031,"koko","with stem"
"14.08.18",NA,36,200,0,3119,"pusa","without skin"
"14.08.18",NA,35,300,0,1120,"mela","ready-to-eat"
"14.08.18",NA,11,400,0,1121,"papaya","with peel"
"14.08.18",NA,75,500,1,3115,"caterpillars","with guts"
"14.08.18",NA,55,500,0,1010,"ediki","with inedible"
"14.08.18",NA,2,500,0,1121,"maondo","with peel"
"14.08.18",NA,14,600,0,2030,"ekule","ready-to-eat"
"14.08.18",NA,58,800,0,1115,"bird","without feathers"
"14.08.18",NA,35,800,0,3119,"mela","ready-to-eat"
"14.08.18",NA,55,1250,1,1108,"ediki","with inedible"
"14.08.18",NA,75,1400,0,3040,"caterpillars","with guts"
"14.08.18",NA,93,1400,1,1113,"pangolin","with intestins"
"14.08.18",NA,24,1500,0,1121,"cassava leaves","with stem"
"14.08.18",NA,24,1500,0,1023,"cassava leaves","with stem"
"14.08.18",NA,24,1600,0,1120,"cassava leaves","with stem"
"14.08.18",NA,36,1900,0,1102,"pusa","without skin"
"14.08.18",NA,1,2000,0,1104,"mobe","with seeds"
"14.08.18",NA,35,2350,0,1035,"mela","ready-to-eat"
"14.08.18",NA,35,2700,0,1016,"mela","ready-to-eat"
"14.08.18",NA,35,3800,0,3117,"mela","ready-to-eat"
"14.08.18",NA,35,4250,0,3077,"mela","ready-to-eat"
"14.08.18",NA,20,5000,0,2031,"cassava","with water"
"14.08.18",NA,35,7700,0,1102,"mela","ready-to-eat"
"14.08.18",NA,37,9250,0,1122,"pusa","with skin"
"15.08.18",NA,30,28.35,0,3119,"koko","with stem"
"15.08.18",NA,30,56.7,0,1016,"koko","with stem"
"15.08.18",NA,30,100,0,2031,"koko","with stem"
"15.08.18",NA,75,200,0,2031,"caterpillars","with guts"
"15.08.18",NA,30,200,0,1120,"koko","with stem"
"15.08.18",NA,30,200,0,3041,"koko","with stem"
"15.08.18",NA,47,200,0,1016,"matokodi","ready-to-eat"
"15.08.18",NA,2,250,0,3077,"maondo","with peel"
"15.08.18",NA,42,400,0,3117,"corn","without husk"
"15.08.18",NA,14,400,0,1032,"ekule","ready-to-eat"
"15.08.18",NA,91,400,0,2055,"honey","ready-to-eat"
"15.08.18",NA,47,400,0,2030,"matokodi","ready-to-eat"
"15.08.18",NA,2,500,0,3117,"maondo","with peel"
"15.08.18",NA,26,600,0,2031,"kaso","with husk"
"15.08.18",NA,2,600,0,1035,"maondo","with peel"
"15.08.18",NA,53,600,0,2522,"mushooms","ready-to-eat"
"15.08.18",NA,75,700,0,3041,"caterpillars","with guts"
"15.08.18",NA,35,700,0,1116,"mela","ready-to-eat"
"15.08.18",NA,55,750,0,1008,"ediki","with inedible"
"15.08.18",NA,84,800,0,2522,"rat","without intestins"
"15.08.18",NA,2,900,0,1101,"maondo","with peel"
"15.08.18",NA,26,950,0,3041,"kaso","with husk"
"15.08.18",NA,35,1050,0,2522,"mela","ready-to-eat"
"15.08.18",NA,38,1100,0,2039,"banana","with peel"
"15.08.18",NA,53,1250,0,1028,"mushooms","ready-to-eat"
"15.08.18",NA,91,1500,0,2055,"honey","ready-to-eat"
"15.08.18",NA,25,1500,0,2030,"kaso","with shell"
"15.08.18",NA,36,1750,0,1106,"pusa","without skin"
"15.08.18",NA,47,1900,0,3041,"matokodi","ready-to-eat"
"15.08.18",NA,24,2200,0,1028,"cassava leaves","with stem"
"15.08.18",NA,22,2250,0,1103,"cassava","with skin"
"15.08.18",NA,22,3000,0,2039,"cassava","with skin"
"15.08.18",NA,20,3350,0,1121,"cassava","with water"
"15.08.18",NA,14,3900,0,1101,"ekule","ready-to-eat"
"15.08.18",NA,91,4250,0,2055,"honey","ready-to-eat"
"15.08.18",NA,26,4250,0,2039,"kaso","with husk"
"15.08.18",NA,91,4318.825,0,1119,"honey","ready-to-eat"
"15.08.18",NA,91,4400,0,2055,"honey","ready-to-eat"
"15.08.18",NA,1,4500,0,3117,"mobe","with seeds"
"15.08.18",NA,5,4800,0,2030,"palm nut","without thorns"
"15.08.18",NA,24,5250,0,2522,"cassava leaves","with stem"
"15.08.18",NA,20,10350,0,1102,"cassava","with water"
"15.08.18",NA,20,10750,0,1106,"cassava","with water"
"16.08.18",NA,53,0.9,0,1102,"mushooms","ready-to-eat"
"16.08.18",NA,50,56.7,0,1120,"peppers","without stems"
"16.08.18",NA,14,100,0,1120,"ekule","ready-to-eat"
"16.08.18",NA,11,100,0,1124,"papaya","with peel"
"16.08.18",NA,90,141.75,0,1104,"egg","with shell"
"16.08.18",NA,30,141.75,0,1028,"koko","with stem"
"16.08.18",NA,75,150,0,1121,"caterpillars","with guts"
"16.08.18",NA,30,200,0,2031,"koko","with stem"
"16.08.18",NA,48,200,0,1016,"matokodi","with husk"
"16.08.18",NA,48,200,0,2538,"matokodi","with husk"
"16.08.18",NA,30,212.625,0,3142,"koko","with stem"
"16.08.18",NA,55,250,0,1030,"ediki","with inedible"
"16.08.18",NA,45,250,0,3119,"orange","with peel"
"16.08.18",NA,51,250,0,1116,"peppers","with stems"
"16.08.18",NA,30,300,0,1104,"koko","with stem"
"16.08.18",NA,30,300,0,1106,"koko","with stem"
"16.08.18",NA,51,350,0,1120,"peppers","with stems"
"16.08.18",NA,75,400,0,1121,"caterpillars","with guts"
"16.08.18",NA,55,400,0,2539,"ediki","with inedible"
"16.08.18",NA,30,400,0,2039,"koko","with stem"
"16.08.18",NA,47,400,0,1121,"matokodi","ready-to-eat"
"16.08.18",NA,45,400,0,1007,"orange","with peel"
"16.08.18",NA,45,400,0,1016,"orange","with peel"
"16.08.18",NA,45,400,0,3118,"orange","with peel"
"16.08.18",NA,55,450,0,2523,"ediki","with inedible"
"16.08.18",NA,24,500,0,1121,"cassava leaves","with stem"
"16.08.18",NA,47,500,0,1023,"matokodi","ready-to-eat"
"16.08.18",NA,36,500,0,2031,"pusa","without skin"
"16.08.18",NA,14,600,0,1121,"ekule","ready-to-eat"
"16.08.18",NA,14,650,0,1023,"ekule","ready-to-eat"
"16.08.18",NA,47,700,0,1120,"matokodi","ready-to-eat"
"16.08.18",NA,75,900,0,1023,"caterpillars","with guts"
"16.08.18",NA,55,1000,0,1104,"ediki","with inedible"
"16.08.18",NA,24,1350,0,2522,"cassava leaves","with stem"
"16.08.18",NA,11,1400,0,1120,"papaya","with peel"
"16.08.18",NA,35,1500,0,3142,"mela","ready-to-eat"
"16.08.18",NA,6,1750,0,2039,"palm nut","with thorns"
"16.08.18",NA,20,2200,0,2031,"cassava","with water"
"16.08.18",NA,37,2250,0,1124,"pusa","with skin"
"16.08.18",NA,36,2750,0,1006,"pusa","without skin"
"16.08.18",NA,75,3100,0,1124,"caterpillars","with guts"
"16.08.18",NA,75,3400,0,2030,"caterpillars","with guts"
"16.08.18",NA,6,12650,0,1122,"palm nut","with thorns"
"17.08.18",NA,2,100,0,3118,"maondo","with peel"
"17.08.18",NA,53,100,0,3041,"mushooms","ready-to-eat"
"17.08.18",NA,36,100,0,3117,"pusa","without skin"
"17.08.18",NA,76,150,0,2522,"fish","raw"
"17.08.18",NA,30,150,0,1120,"koko","with stem"
"17.08.18",NA,51,150,0,2039,"peppers","with stems"
"17.08.18",NA,14,200,0,3117,"ekule","ready-to-eat"
"17.08.18",NA,30,200,0,3041,"koko","with stem"
"17.08.18",NA,30,200,0,3117,"koko","with stem"
"17.08.18",NA,30,250,0,2522,"koko","with stem"
"17.08.18",NA,53,250,0,1120,"mushooms","ready-to-eat"
"17.08.18",NA,30,300,0,2031,"koko","with stem"
"17.08.18",NA,76,500,0,2522,"fish","raw"
"17.08.18",NA,30,500,0,2522,"koko","with stem"
"17.08.18",NA,55,600,0,1016,"ediki","with inedible"
"17.08.18",NA,55,600,0,1035,"ediki","with inedible"
"17.08.18",NA,55,600,0,2544,"ediki","with inedible"
"17.08.18",NA,55,700,0,1007,"ediki","with inedible"
"17.08.18",NA,55,700,0,1116,"ediki","with inedible"
"17.08.18",NA,55,750,0,1008,"ediki","with inedible"
"17.08.18",NA,55,900,0,1120,"ediki","with inedible"
"17.08.18",NA,11,1000,0,2039,"papaya","with peel"
"17.08.18",NA,36,1200,0,2522,"pusa","without skin"
"17.08.18",NA,20,1300,0,2039,"cassava","with water"
"17.08.18",NA,75,1300,0,2523,"caterpillars","with guts"
"17.08.18",NA,35,1500,0,1104,"mela","ready-to-eat"
"17.08.18",NA,48,1900,0,2539,"matokodi","with husk"
"17.08.18",NA,22,2750,0,2031,"cassava","with skin"
"17.08.18",NA,6,4300,0,2039,"palm nut","with thorns"
"17.08.18",NA,38,9250,0,2039,"banana","with peel"
"17.08.18",NA,6,20000,0,2030,"palm nut","with thorns"
"17.08.18",NA,6,22250,0,1124,"palm nut","with thorns"
"18.08.18",NA,75,28.35,0,3117,"caterpillars","with guts"
"18.08.18",NA,75,56.7,0,1010,"caterpillars","with guts"
"18.08.18",NA,43,56.7,0,1121,"mbeku","0"
"18.08.18",NA,30,85.05,0,3077,"koko","with stem"
"18.08.18",NA,72,100,0,3040,"brush-tailed porcupine","foot"
"18.08.18",NA,43,100,0,1010,"mbeku","0"
"18.08.18",NA,47,150,0,3117,"matokodi","ready-to-eat"
"18.08.18",NA,24,200,0,3077,"cassava leaves","with stem"
"18.08.18",NA,41,200,1,3123,"corn","with husk"
"18.08.18",NA,26,200,0,1010,"kaso","with husk"
"18.08.18",NA,2,200,0,2523,"maondo","with peel"
"18.08.18",NA,35,200,0,1010,"mela","ready-to-eat"
"18.08.18",NA,14,250,0,2031,"ekule","ready-to-eat"
"18.08.18",NA,48,250,0,1007,"matokodi","with husk"
"18.08.18",NA,30,300,0,3117,"koko","with stem"
"18.08.18",NA,2,400,0,3118,"maondo","with peel"
"18.08.18",NA,45,400,0,2544,"orange","with peel"
"18.08.18",NA,24,500,0,1016,"cassava leaves","with stem"
"18.08.18",NA,75,500,0,2544,"caterpillars","with guts"
"18.08.18",NA,30,500,0,2039,"koko","with stem"
"18.08.18",NA,2,500,0,1007,"maondo","with peel"
"18.08.18",NA,48,500,0,1007,"matokodi","with husk"
"18.08.18",NA,53,500,0,1010,"mushooms","ready-to-eat"
"18.08.18",NA,53,750,0,2039,"mushooms","ready-to-eat"
"18.08.18",NA,24,900,0,2031,"cassava leaves","with stem"
"18.08.18",NA,24,900,0,2522,"cassava leaves","with stem"
"18.08.18",NA,42,900,1,3123,"corn","without husk"
"18.08.18",NA,47,950,0,2539,"matokodi","ready-to-eat"
"18.08.18",NA,20,1100,0,2522,"cassava","with water"
"18.08.18",NA,24,1500,0,1023,"cassava leaves","with stem"
"18.08.18",NA,24,2200,0,1121,"cassava leaves","with stem"
"18.08.18",NA,6,2500,0,1028,"palm nut","with thorns"
"18.08.18",NA,8,4000,0,1121,"palm nut","fruit without bract or thorns"
"18.08.18",NA,6,4150,0,1121,"palm nut","with thorns"
"18.08.18",NA,6,4750,0,1028,"palm nut","with thorns"
"18.08.18",NA,6,6350,0,1121,"palm nut","with thorns"
"18.08.18",NA,35,6850,0,1010,"mela","ready-to-eat"
"19.08.18",NA,36,100,0,1121,"pusa","without skin"
"19.08.18",NA,57,300,0,2031,"bat","raw"
"19.08.18",NA,47,400,0,1035,"matokodi","ready-to-eat"
"19.08.18",NA,35,400,0,3077,"mela","ready-to-eat"
"19.08.18",NA,53,500,0,1120,"mushooms","ready-to-eat"
"19.08.18",NA,30,800,0,2039,"koko","with stem"
"19.08.18",NA,47,1300,0,2031,"matokodi","ready-to-eat"
"19.08.18",NA,35,2100,0,1035,"mela","ready-to-eat"
"19.08.18",NA,14,2400,0,2031,"ekule","ready-to-eat"
"19.08.18",NA,81,2500,0,2038,"long-snouted mongoose","with intestins"
"19.08.18",NA,35,2650,0,1121,"mela","ready-to-eat"
"19.08.18",NA,35,2850,0,3041,"mela","ready-to-eat"
"19.08.18",NA,35,3200,0,1028,"mela","ready-to-eat"
"19.08.18",NA,22,3700,0,2039,"cassava","with skin"
"19.08.18",NA,38,4250,0,2039,"banana","with peel"
"19.08.18",NA,24,5150,0,2522,"cassava leaves","with stem"
"02.08.18",NA,30,28.35,0,3142,"koko","with stem"
"02.08.18",NA,53,28.35,0,3142,"mushooms","ready-to-eat"
"02.08.18",NA,26,42.525,0,3076,"kaso","with husk"
"02.08.18",NA,30,56.7,0,1016,"koko","with stem"
"02.08.18",NA,25,70.875,0,3040,"kaso","with shell"
"02.08.18",NA,30,85.05,0,1120,"koko","with stem"
"02.08.18",NA,42,100,1,2007,"corn","without husk"
"02.08.18",NA,53,100,0,2031,"mushooms","ready-to-eat"
"02.08.18",NA,76,113.4,0,1116,"fish","raw"
"02.08.18",NA,51,113.4,0,1106,"peppers","with stems"
"02.08.18",NA,26,127.575,0,3040,"kaso","with husk"
"02.08.18",NA,27,170.1,0,3040,"kaso","ready-to-eat"
"02.08.18",NA,14,200,0,1120,"ekule","ready-to-eat"
"02.08.18",NA,53,200,0,1102,"mushooms","ready-to-eat"
"02.08.18",NA,41,250,1,2007,"corn","with husk"
"02.08.18",NA,30,250,0,2031,"koko","with stem"
"02.08.18",NA,53,250,0,1121,"mushooms","ready-to-eat"
"02.08.18",NA,36,250,0,1115,"pusa","without skin"
"02.08.18",NA,36,250,0,1121,"pusa","without skin"
"02.08.18",NA,30,300,0,3117,"koko","with stem"
"02.08.18",NA,53,300,0,3117,"mushooms","ready-to-eat"
"02.08.18",NA,26,350,0,3142,"kaso","with husk"
"02.08.18",NA,26,400,0,1120,"kaso","with husk"
"02.08.18",NA,47,400,0,1116,"matokodi","ready-to-eat"
"02.08.18",NA,25,500,1,2521,"kaso","with shell"
"02.08.18",NA,30,500,0,1102,"koko","with stem"
"02.08.18",NA,53,500,0,2039,"mushooms","ready-to-eat"
"02.08.18",NA,41,600,1,2007,"corn","with husk"
"02.08.18",NA,55,600,0,1010,"ediki","with inedible"
"02.08.18",NA,55,600,0,1011,"ediki","with inedible"
"02.08.18",NA,47,700,0,1116,"matokodi","ready-to-eat"
"02.08.18",NA,36,750,0,1116,"pusa","without skin"
"02.08.18",NA,48,800,0,1121,"matokodi","with husk"
"02.08.18",NA,47,1000,0,1121,"matokodi","ready-to-eat"
"02.08.18",NA,1,1000,0,1104,"mobe","with seeds"
"02.08.18",NA,19,1150,0,1121,"ngangi","ready-to-eat"
"02.08.18",NA,20,1250,0,3119,"cassava","with water"
"02.08.18",NA,48,1400,0,1121,"matokodi","with husk"
"02.08.18",NA,35,1400,0,3142,"mela","ready-to-eat"
"02.08.18",NA,1,1500,0,1007,"mobe","with seeds"
"02.08.18",NA,19,1500,0,3076,"ngangi","ready-to-eat"
"02.08.18",NA,5,1500,1,2521,"palm nut","without thorns"
"02.08.18",NA,36,1500,0,2039,"pusa","without skin"
"02.08.18",NA,20,1700,1,2521,"cassava","with water"
"02.08.18",NA,39,2250,0,2039,"banana","ready-to-eat"
"02.08.18",NA,24,2250,0,1116,"cassava leaves","with stem"
"02.08.18",NA,38,2600,0,2039,"banana","with peel"
"02.08.18",NA,9,2750,0,1106,"palm oil","liquid"
"02.08.18",NA,19,3018.825,0,1120,"ngangi","ready-to-eat"
"02.08.18",NA,5,3900,0,2039,"palm nut","without thorns"
"02.08.18",NA,37,4000,0,3076,"pusa","with skin"
"02.08.18",NA,38,6250,0,2039,"banana","with peel"
"02.08.18",NA,20,9750,0,1106,"cassava","with water"
"02.08.18",NA,20,10100,0,1121,"cassava","with water"
"02.08.18",NA,20,10850,0,3077,"cassava","with water"
"02.08.18",NA,20,15250,0,3041,"cassava","with water"
"02.08.18",NA,39,24600,0,1116,"banana","ready-to-eat"
"02.08.18",NA,38,25250,0,1116,"banana","with peel"
"20.08.18",NA,60,100,0,1124,"bird","smoked"
"20.08.18",NA,75,100,0,1006,"caterpillars","with guts"
"20.08.18",NA,50,100,0,3041,"peppers","without stems"
"20.08.18",NA,47,200,0,1016,"matokodi","ready-to-eat"
"20.08.18",NA,68,250,0,1124,"blue duiker","smoked intestins"
"20.08.18",NA,75,250,0,1035,"caterpillars","with guts"
"20.08.18",NA,47,250,0,1035,"matokodi","ready-to-eat"
"20.08.18",NA,68,300,0,2030,"blue duiker","smoked intestins"
"20.08.18",NA,22,300,0,2522,"cassava","with skin"
"20.08.18",NA,85,500,0,1124,"rat","smoked"
"20.08.18",NA,55,700,0,3118,"ediki","with inedible"
"20.08.18",NA,55,1000,0,2544,"ediki","with inedible"
"20.08.18",NA,24,1100,0,1121,"cassava leaves","with stem"
"20.08.18",NA,14,1250,0,1016,"ekule","ready-to-eat"
"20.08.18",NA,35,1250,0,1016,"mela","ready-to-eat"
"20.08.18",NA,14,1400,0,3077,"ekule","ready-to-eat"
"20.08.18",NA,64,1500,0,1122,"blue duiker","smoked"
"20.08.18",NA,73,1500,0,3040,"brush-tailed porcupine","smoked"
"20.08.18",NA,55,1500,0,2523,"ediki","with inedible"
"20.08.18",NA,35,1600,0,3142,"mela","ready-to-eat"
"20.08.18",NA,91,1700,0,1006,"honey","ready-to-eat"
"20.08.18",NA,64,1900,0,2038,"blue duiker","smoked"
"20.08.18",NA,35,1900,0,1035,"mela","ready-to-eat"
"20.08.18",NA,35,1900,0,3077,"mela","ready-to-eat"
"20.08.18",NA,36,2000,0,3142,"pusa","without skin"
"20.08.18",NA,64,2100,0,2030,"blue duiker","smoked"
"20.08.18",NA,64,2250,0,1101,"blue duiker","smoked"
"20.08.18",NA,80,2500,0,2523,"lizard","with intestins"
"20.08.18",NA,37,3000,0,1121,"pusa","with skin"
"20.08.18",NA,64,3750,0,3040,"blue duiker","smoked"
"20.08.18",NA,64,4100,0,1124,"blue duiker","smoked"
"20.08.18",NA,35,4100,0,3041,"mela","ready-to-eat"
"20.08.18",NA,35,5200,0,1121,"mela","ready-to-eat"
"20.08.18",NA,35,5500,0,1102,"mela","ready-to-eat"
"21.08.18",NA,51,85.05,0,2031,"peppers","with stems"
"21.08.18",NA,22,100,0,2039,"cassava","with skin"
"21.08.18",NA,24,100,0,1009,"cassava leaves","with stem"
"21.08.18",NA,43,113.4,0,1120,"mbeku","0"
"21.08.18",NA,36,150,0,1008,"pusa","without skin"
"21.08.18",NA,75,200,0,1120,"caterpillars","with guts"
"21.08.18",NA,14,200,0,2039,"ekule","ready-to-eat"
"21.08.18",NA,53,200,0,3077,"mushooms","ready-to-eat"
"21.08.18",NA,11,250,0,1104,"papaya","with peel"
"21.08.18",NA,36,250,0,3119,"pusa","without skin"
"21.08.18",NA,40,300,0,1101,"kana","without husk"
"21.08.18",NA,25,300,0,1116,"kaso","with shell"
"21.08.18",NA,47,400,0,1116,"matokodi","ready-to-eat"
"21.08.18",NA,36,400,0,1116,"pusa","without skin"
"21.08.18",NA,30,500,0,1120,"koko","with stem"
"21.08.18",NA,2,500,0,3040,"maondo","with peel"
"21.08.18",NA,10,500,0,1121,"palm wine","0"
"21.08.18",NA,24,600,0,1101,"cassava leaves","with stem"
"21.08.18",NA,53,600,0,1115,"mushooms","ready-to-eat"
"21.08.18",NA,5,600,0,3040,"palm nut","without thorns"
"21.08.18",NA,38,650,0,3077,"banana","with peel"
"21.08.18",NA,35,750,0,1120,"mela","ready-to-eat"
"21.08.18",NA,4,900,0,3077,"taro leaves","ready-to-eat"
"21.08.18",NA,22,1000,0,2031,"cassava","with skin"
"21.08.18",NA,2,1000,0,2030,"maondo","with peel"
"21.08.18",NA,2,1000,0,2038,"maondo","with peel"
"21.08.18",NA,30,1250,0,2522,"koko","with stem"
"21.08.18",NA,55,1400,0,2522,"ediki","with inedible"
"21.08.18",NA,24,1500,0,2031,"cassava leaves","with stem"
"21.08.18",NA,35,1600,0,2039,"mela","ready-to-eat"
"21.08.18",NA,5,1750,0,1116,"palm nut","without thorns"
"21.08.18",NA,11,1850,0,2031,"papaya","with peel"
"21.08.18",NA,11,2250,0,1121,"papaya","with peel"
"21.08.18",NA,22,2750,0,1115,"cassava","with skin"
"21.08.18",NA,22,3100,0,1104,"cassava","with skin"
"21.08.18",NA,38,3250,0,2039,"banana","with peel"
"21.08.18",NA,6,3600,0,3040,"palm nut","with thorns"
"21.08.18",NA,24,4000,0,3041,"cassava leaves","with stem"
"21.08.18",NA,22,4250,0,3077,"cassava","with skin"
"21.08.18",NA,5,5250,0,2038,"palm nut","without thorns"
"21.08.18",NA,6,11000,0,3041,"palm nut","with thorns"
"21.08.18",NA,38,11350,0,1104,"banana","with peel"
"21.08.18",NA,7,15000,0,3040,"palm nut","head"
"21.08.18",NA,6,21200,0,1101,"palm nut","with thorns"
"21.08.18",NA,6,22250,0,2030,"palm nut","with thorns"
"22.08.18",NA,24,28.35,0,1009,"cassava leaves","with stem"
"22.08.18",NA,75,28.35,0,1116,"caterpillars","with guts"
"22.08.18",NA,24,42.525,0,1008,"cassava leaves","with stem"
"22.08.18",NA,43,56.7,0,1035,"mbeku","0"
"22.08.18",NA,24,85.05,0,2538,"cassava leaves","with stem"
"22.08.18",NA,51,99.225,0,1124,"peppers","with stems"
"22.08.18",NA,30,100,0,1116,"koko","with stem"
"22.08.18",NA,36,100,0,2031,"pusa","without skin"
"22.08.18",NA,30,150,0,1035,"koko","with stem"
"22.08.18",NA,30,200,0,1016,"koko","with stem"
"22.08.18",NA,75,250,0,2030,"caterpillars","with guts"
"22.08.18",NA,30,250,0,1104,"koko","with stem"
"22.08.18",NA,30,250,0,1120,"koko","with stem"
"22.08.18",NA,47,250,0,1035,"matokodi","ready-to-eat"
"22.08.18",NA,36,300,0,1116,"pusa","without skin"
"22.08.18",NA,75,350,0,2522,"caterpillars","with guts"
"22.08.18",NA,75,400,0,3077,"caterpillars","with guts"
"22.08.18",NA,36,400,0,1122,"pusa","without skin"
"22.08.18",NA,55,600,0,1011,"ediki","with inedible"
"22.08.18",NA,55,600,0,1030,"ediki","with inedible"
"22.08.18",NA,75,700,0,1023,"caterpillars","with guts"
"22.08.18",NA,35,750,0,3077,"mela","ready-to-eat"
"22.08.18",NA,75,800,0,3117,"caterpillars","with guts"
"22.08.18",NA,30,800,0,1102,"koko","with stem"
"22.08.18",NA,75,850,0,1016,"caterpillars","with guts"
"22.08.18",NA,75,900,0,1035,"caterpillars","with guts"
"22.08.18",NA,75,1150,0,1102,"caterpillars","with guts"
"22.08.18",NA,38,1250,1,2021,"banana","with peel"
"22.08.18",NA,75,1400,0,1121,"caterpillars","with guts"
"22.08.18",NA,93,1700,0,2055,"pangolin","with intestins"
"22.08.18",NA,35,1900,0,1120,"mela","ready-to-eat"
"22.08.18",NA,35,2100,0,1116,"mela","ready-to-eat"
"22.08.18",NA,35,2100,0,2031,"mela","ready-to-eat"
"22.08.18",NA,6,3100,1,2021,"palm nut","with thorns"
"22.08.18",NA,2,3500,0,2030,"maondo","with peel"
"22.08.18",NA,5,4200,0,1124,"palm nut","without thorns"
"23.08.18",NA,30,70.875,0,1016,"koko","with stem"
"23.08.18",NA,51,100,0,2039,"peppers","with stems"
"23.08.18",NA,75,200,0,1028,"caterpillars","with guts"
"23.08.18",NA,75,200,0,2522,"caterpillars","with guts"
"23.08.18",NA,24,250,0,1009,"cassava leaves","with stem"
"23.08.18",NA,47,250,0,1028,"matokodi","ready-to-eat"
"23.08.18",NA,75,300,0,1030,"caterpillars","with guts"
"23.08.18",NA,34,400,0,3040,"cacao","with husk"
"23.08.18",NA,75,500,0,1016,"caterpillars","with guts"
"23.08.18",NA,75,500,0,2513,"caterpillars","with guts"
"23.08.18",NA,75,500,0,2544,"caterpillars","with guts"
"23.08.18",NA,76,500,0,1032,"fish","raw"
"23.08.18",NA,75,600,0,1010,"caterpillars","with guts"
"23.08.18",NA,75,600,0,1035,"caterpillars","with guts"
"23.08.18",NA,75,600,0,1023,"caterpillars","with guts"
"23.08.18",NA,14,600,0,2055,"ekule","ready-to-eat"
"23.08.18",NA,26,600,0,2039,"kaso","with husk"
"23.08.18",NA,75,750,0,1007,"caterpillars","with guts"
"23.08.18",NA,55,750,0,2523,"ediki","with inedible"
"23.08.18",NA,38,800,0,1104,"banana","with peel"
"23.08.18",NA,39,900,0,2031,"banana","ready-to-eat"
"23.08.18",NA,47,1100,0,2031,"matokodi","ready-to-eat"
"23.08.18",NA,6,1100,0,2055,"palm nut","with thorns"
"23.08.18",NA,91,1250,0,1101,"honey","ready-to-eat"
"23.08.18",NA,35,1250,0,3077,"mela","ready-to-eat"
"23.08.18",NA,76,1350,0,3040,"fish","raw"
"23.08.18",NA,24,1500,0,2522,"cassava leaves","with stem"
"23.08.18",NA,38,1600,0,2522,"banana","with peel"
"23.08.18",NA,6,1700,0,2055,"palm nut","with thorns"
"23.08.18",NA,38,1800,0,1028,"banana","with peel"
"23.08.18",NA,55,1800,0,1121,"ediki","with inedible"
"23.08.18",NA,55,1818.825,0,1116,"ediki","with inedible"
"23.08.18",NA,5,2100,0,1122,"palm nut","without thorns"
"23.08.18",NA,75,2200,0,1121,"caterpillars","with guts"
"23.08.18",NA,91,2250,0,1101,"honey","ready-to-eat"
"23.08.18",NA,38,2400,0,2522,"banana","with peel"
"23.08.18",NA,6,2500,0,2055,"palm nut","with thorns"
"23.08.18",NA,24,3000,0,2031,"cassava leaves","with stem"
"23.08.18",NA,35,3000,0,1102,"mela","ready-to-eat"
"23.08.18",NA,24,3200,0,2039,"cassava leaves","with stem"
"23.08.18",NA,38,4100,0,2039,"banana","with peel"
"23.08.18",NA,5,4600,0,1122,"palm nut","without thorns"
"23.08.18",NA,6,4600,0,2055,"palm nut","with thorns"
"23.08.18",NA,22,4750,0,2031,"cassava","with skin"
"23.08.18",NA,20,6000,0,3077,"cassava","with water"
"23.08.18",NA,20,6850,0,1102,"cassava","with water"
"23.08.18",NA,20,7100,0,1116,"cassava","with water"
"23.08.18",NA,6,7500,0,3040,"palm nut","with thorns"
"23.08.18",NA,20,12750,0,1104,"cassava","with water"
"24.08.18",NA,24,100,0,2538,"cassava leaves","with stem"
"24.08.18",NA,14,100,0,3077,"ekule","ready-to-eat"
"24.08.18",NA,30,100,0,2522,"koko","with stem"
"24.08.18",NA,75,150,0,1120,"caterpillars","with guts"
"24.08.18",NA,30,150,0,1104,"koko","with stem"
"24.08.18",NA,2,150,0,1124,"maondo","with peel"
"24.08.18",NA,30,200,0,1102,"koko","with stem"
"24.08.18",NA,35,200,0,1035,"mela","ready-to-eat"
"24.08.18",NA,2,250,0,1122,"maondo","with peel"
"24.08.18",NA,35,250,0,3077,"mela","ready-to-eat"
"24.08.18",NA,53,250,0,1006,"mushooms","ready-to-eat"
"24.08.18",NA,39,300,0,9999,"banana","ready-to-eat"
"24.08.18",NA,35,300,0,1116,"mela","ready-to-eat"
"24.08.18",NA,55,400,0,2523,"ediki","with inedible"
"24.08.18",NA,25,400,0,2523,"kaso","with shell"
"24.08.18",NA,30,400,0,3041,"koko","with stem"
"24.08.18",NA,53,400,0,1121,"mushooms","ready-to-eat"
"24.08.18",NA,53,400,0,3077,"mushooms","ready-to-eat"
"24.08.18",NA,45,400,0,2039,"orange","with peel"
"24.08.18",NA,55,500,0,1016,"ediki","with inedible"
"24.08.18",NA,55,500,0,1030,"ediki","with inedible"
"24.08.18",NA,53,500,0,1028,"mushooms","ready-to-eat"
"24.08.18",NA,69,600,1,1107,"blue duiker","smoked head"
"24.08.18",NA,55,600,0,2523,"ediki","with inedible"
"24.08.18",NA,11,600,0,1035,"papaya","with peel"
"24.08.18",NA,2,800,0,3118,"maondo","with peel"
"24.08.18",NA,5,800,1,3115,"palm nut","without thorns"
"24.08.18",NA,24,1000,1,9999,"cassava leaves","with stem"
"24.08.18",NA,2,1000,0,1122,"maondo","with peel"
"24.08.18",NA,53,1000,0,1120,"mushooms","ready-to-eat"
"24.08.18",NA,53,1100,0,3040,"mushooms","ready-to-eat"
"24.08.18",NA,14,1300,0,1035,"ekule","ready-to-eat"
"24.08.18",NA,35,1300,0,2039,"mela","ready-to-eat"
"24.08.18",NA,35,1400,0,1102,"mela","ready-to-eat"
"24.08.18",NA,75,1600,0,3040,"caterpillars","with guts"
"24.08.18",NA,6,1700,0,9999,"palm nut","with thorns"
"24.08.18",NA,5,1800,1,1108,"palm nut","without thorns"
"24.08.18",NA,35,2000,0,1104,"mela","ready-to-eat"
"24.08.18",NA,35,2250,0,1115,"mela","ready-to-eat"
"24.08.18",NA,23,2700,0,2031,"cassava","with water and skin"
"24.08.18",NA,24,2850,0,1115,"cassava leaves","with stem"
"24.08.18",NA,2,4000,0,2030,"maondo","with peel"
"24.08.18",NA,6,10100,0,2038,"palm nut","with thorns"
"25.08.18",NA,51,42.525,0,1121,"peppers","with stems"
"25.08.18",NA,42,100,0,1119,"corn","without husk"
"25.08.18",NA,30,100,0,2031,"koko","with stem"
"25.08.18",NA,11,200,0,3142,"papaya","with peel"
"25.08.18",NA,22,250,0,3142,"cassava","with skin"
"25.08.18",NA,50,250,0,1106,"peppers","without stems"
"25.08.18",NA,39,300,0,1121,"banana","ready-to-eat"
"25.08.18",NA,30,300,0,1104,"koko","with stem"
"25.08.18",NA,24,400,0,2522,"cassava leaves","with stem"
"25.08.18",NA,75,400,1,1009,"caterpillars","with guts"
"25.08.18",NA,35,450,0,3077,"mela","ready-to-eat"
"25.08.18",NA,39,600,0,1121,"banana","ready-to-eat"
"25.08.18",NA,20,600,0,2039,"cassava","with water"
"25.08.18",NA,36,600,0,3077,"pusa","without skin"
"25.08.18",NA,55,750,0,1104,"ediki","with inedible"
"25.08.18",NA,75,800,0,1104,"caterpillars","with guts"
"25.08.18",NA,55,800,0,2539,"ediki","with inedible"
"25.08.18",NA,55,800,0,2544,"ediki","with inedible"
"25.08.18",NA,35,800,0,1007,"mela","ready-to-eat"
"25.08.18",NA,35,800,0,3142,"mela","ready-to-eat"
"25.08.18",NA,36,900,0,1016,"pusa","without skin"
"25.08.18",NA,4,900,0,1102,"taro leaves","ready-to-eat"
"25.08.18",NA,35,950,0,2523,"mela","ready-to-eat"
"25.08.18",NA,75,1000,0,1102,"caterpillars","with guts"
"25.08.18",NA,5,1000,0,1106,"palm nut","without thorns"
"25.08.18",NA,38,1100,0,1115,"banana","with peel"
"25.08.18",NA,41,1100,0,3041,"corn","with husk"
"25.08.18",NA,3,1100,0,2522,"taro","ready-to-eat"
"25.08.18",NA,38,1150,0,1121,"banana","with peel"
"25.08.18",NA,42,1200,0,3041,"corn","without husk"
"25.08.18",NA,35,1200,0,1120,"mela","ready-to-eat"
"25.08.18",NA,39,1250,0,1102,"banana","ready-to-eat"
"25.08.18",NA,75,1250,0,1121,"caterpillars","with guts"
"25.08.18",NA,42,1250,0,1121,"corn","without husk"
"25.08.18",NA,35,1250,0,2544,"mela","ready-to-eat"
"25.08.18",NA,38,1300,0,1121,"banana","with peel"
"25.08.18",NA,35,1400,0,1016,"mela","ready-to-eat"
"25.08.18",NA,35,1400,0,1104,"mela","ready-to-eat"
"25.08.18",NA,35,1450,0,3077,"mela","ready-to-eat"
"25.08.18",NA,75,1600,0,1103,"caterpillars","with guts"
"25.08.18",NA,22,1800,0,1115,"cassava","with skin"
"25.08.18",NA,38,2200,0,1121,"banana","with peel"
"25.08.18",NA,24,2250,0,3041,"cassava leaves","with stem"
"25.08.18",NA,24,2300,0,1102,"cassava leaves","with stem"
"25.08.18",NA,30,2300,0,1104,"koko","with stem"
"25.08.18",NA,5,2500,0,2038,"palm nut","without thorns"
"25.08.18",NA,24,2600,0,1121,"cassava leaves","with stem"
"25.08.18",NA,35,2600,0,1106,"mela","ready-to-eat"
"25.08.18",NA,22,2800,0,2039,"cassava","with skin"
"25.08.18",NA,38,3500,0,2039,"banana","with peel"
"25.08.18",NA,6,3600,0,3040,"palm nut","with thorns"
"25.08.18",NA,35,4000,0,2031,"mela","ready-to-eat"
"25.08.18",NA,24,4750,0,2039,"cassava leaves","with stem"
"25.08.18",NA,6,5000,0,1119,"palm nut","with thorns"
"25.08.18",NA,6,5000,0,3040,"palm nut","with thorns"
"25.08.18",NA,6,9250,0,1122,"palm nut","with thorns"
"25.08.18",NA,6,9750,0,2038,"palm nut","with thorns"
"25.08.18",NA,6,14150,0,1122,"palm nut","with thorns"
"25.08.18",NA,6,21000,0,2030,"palm nut","with thorns"
"26.08.18",NA,75,70.875,0,2544,"caterpillars","with guts"
"26.08.18",NA,30,100,0,1116,"koko","with stem"
"26.08.18",NA,30,100,0,2031,"koko","with stem"
"26.08.18",NA,80,100,0,1115,"lizard","with intestins"
"26.08.18",NA,30,113.4,0,3142,"koko","with stem"
"26.08.18",NA,75,127.575,0,1031,"caterpillars","with guts"
"26.08.18",NA,75,150,0,2538,"caterpillars","with guts"
"26.08.18",NA,75,200,0,1122,"caterpillars","with guts"
"26.08.18",NA,75,200,0,3142,"caterpillars","with guts"
"26.08.18",NA,30,200,0,3041,"koko","with stem"
"26.08.18",NA,36,250,0,3041,"pusa","without skin"
"26.08.18",NA,75,500,0,1115,"caterpillars","with guts"
"26.08.18",NA,53,700,0,1120,"mushooms","ready-to-eat"
"26.08.18",NA,75,750,0,1106,"caterpillars","with guts"
"26.08.18",NA,38,800,0,1028,"banana","with peel"
"26.08.18",NA,75,800,0,1116,"caterpillars","with guts"
"26.08.18",NA,75,800,0,1120,"caterpillars","with guts"
"26.08.18",NA,55,800,0,1103,"ediki","with inedible"
"26.08.18",NA,35,800,0,1115,"mela","ready-to-eat"
"26.08.18",NA,36,800,0,1115,"pusa","without skin"
"26.08.18",NA,47,900,0,2031,"matokodi","ready-to-eat"
"26.08.18",NA,24,1000,0,1028,"cassava leaves","with stem"
"26.08.18",NA,75,1200,0,1119,"caterpillars","with guts"
"26.08.18",NA,35,1400,0,1116,"mela","ready-to-eat"
"26.08.18",NA,71,1500,0,3040,"brush-tailed porcupine","with quills"
"26.08.18",NA,75,1500,0,1016,"caterpillars","with guts"
"26.08.18",NA,75,1600,0,1104,"caterpillars","with guts"
"26.08.18",NA,35,1600,0,1035,"mela","ready-to-eat"
"26.08.18",NA,75,1668.825,0,1102,"caterpillars","with guts"
"26.08.18",NA,35,1750,0,1104,"mela","ready-to-eat"
"26.08.18",NA,35,1850,0,3077,"mela","ready-to-eat"
"26.08.18",NA,35,2100,0,2039,"mela","ready-to-eat"
"26.08.18",NA,75,2500,0,1028,"caterpillars","with guts"
"26.08.18",NA,20,3600,0,1120,"cassava","with water"
"26.08.18",NA,75,4000,0,2031,"caterpillars","with guts"
"26.08.18",NA,35,4000,0,2031,"mela","ready-to-eat"
"26.08.18",NA,35,4750,0,2522,"mela","ready-to-eat"
"26.08.18",NA,91,5000,0,1124,"honey","ready-to-eat"
"26.08.18",NA,6,6500,0,1006,"palm nut","with thorns"
"27.08.18",NA,43,85.05,0,3117,"mbeku","0"
"27.08.18",NA,24,100,0,2538,"cassava leaves","with stem"
"27.08.18",NA,30,100,0,1016,"koko","with stem"
"27.08.18",NA,30,100,0,3077,"koko","with stem"
"27.08.18",NA,18,100,0,3077,"ndiki","ready-to-eat"
"27.08.18",NA,75,200,0,1119,"caterpillars","with guts"
"27.08.18",NA,30,200,0,1102,"koko","with stem"
"27.08.18",NA,30,200,0,3117,"koko","with stem"
"27.08.18",NA,35,200,0,1035,"mela","ready-to-eat"
"27.08.18",NA,24,400,0,2522,"cassava leaves","with stem"
"27.08.18",NA,76,400,0,3117,"fish","raw"
"27.08.18",NA,20,500,1,3058,"cassava","with water"
"27.08.18",NA,30,500,0,1121,"koko","with stem"
"27.08.18",NA,47,500,0,2031,"matokodi","ready-to-eat"
"27.08.18",NA,30,550,0,3041,"koko","with stem"
"27.08.18",NA,34,600,0,2522,"cacao","with husk"
"27.08.18",NA,20,600,0,3041,"cassava","with water"
"27.08.18",NA,35,700,0,3077,"mela","ready-to-eat"
"27.08.18",NA,75,750,0,1121,"caterpillars","with guts"
"27.08.18",NA,30,750,0,1035,"koko","with stem"
"27.08.18",NA,42,800,1,2521,"corn","without husk"
"27.08.18",NA,11,800,0,2039,"papaya","with peel"
"27.08.18",NA,2,900,0,1119,"maondo","with peel"
"27.08.18",NA,36,1100,0,1120,"pusa","without skin"
"27.08.18",NA,14,1250,0,3041,"ekule","ready-to-eat"
"27.08.18",NA,75,1500,0,2031,"caterpillars","with guts"
"27.08.18",NA,14,1500,0,1119,"ekule","ready-to-eat"
"27.08.18",NA,75,1800,0,1016,"caterpillars","with guts"
"27.08.18",NA,75,1850,0,3077,"caterpillars","with guts"
"27.08.18",NA,75,2100,0,1035,"caterpillars","with guts"
"27.08.18",NA,75,2150,0,3117,"caterpillars","with guts"
"27.08.18",NA,75,3300,0,1121,"caterpillars","with guts"
"27.08.18",NA,35,3600,0,1102,"mela","ready-to-eat"
"27.08.18",NA,6,9900,1,3135,"palm nut","with thorns"
"27.08.18",NA,38,10000,0,2039,"banana","with peel"
"28.08.18",NA,30,70.875,0,1023,"koko","with stem"
"28.08.18",NA,14,100,0,3077,"ekule","ready-to-eat"
"28.08.18",NA,30,100,0,2031,"koko","with stem"
"28.08.18",NA,50,100,0,1103,"peppers","without stems"
"28.08.18",NA,14,113.4,0,1023,"ekule","ready-to-eat"
"28.08.18",NA,22,200,0,3077,"cassava","with skin"
"28.08.18",NA,14,200,0,1121,"ekule","ready-to-eat"
"28.08.18",NA,2,200,0,1007,"maondo","with peel"
"28.08.18",NA,13,200,0,3077,"sweet potato","with skin"
"28.08.18",NA,2,250,0,2544,"maondo","with peel"
"28.08.18",NA,75,300,0,2031,"caterpillars","with guts"
"28.08.18",NA,36,300,0,1116,"pusa","without skin"
"28.08.18",NA,75,400,0,2031,"caterpillars","with guts"
"28.08.18",NA,75,400,0,2544,"caterpillars","with guts"
"28.08.18",NA,75,500,0,2539,"caterpillars","with guts"
"28.08.18",NA,35,500,0,1120,"mela","ready-to-eat"
"28.08.18",NA,75,600,0,1007,"caterpillars","with guts"
"28.08.18",NA,75,600,0,1010,"caterpillars","with guts"
"28.08.18",NA,75,600,0,1032,"caterpillars","with guts"
"28.08.18",NA,55,600,0,1011,"ediki","with inedible"
"28.08.18",NA,3,600,0,3077,"taro","ready-to-eat"
"28.08.18",NA,5,750,0,1035,"palm nut","without thorns"
"28.08.18",NA,36,750,0,2031,"pusa","without skin"
"28.08.18",NA,75,800,0,2523,"caterpillars","with guts"
"28.08.18",NA,11,800,0,1009,"papaya","with peel"
"28.08.18",NA,34,900,0,1008,"cacao","with husk"
"28.08.18",NA,55,900,0,2538,"ediki","with inedible"
"28.08.18",NA,14,950,0,1120,"ekule","ready-to-eat"
"28.08.18",NA,20,1000,0,2522,"cassava","with water"
"28.08.18",NA,55,1000,0,2538,"ediki","with inedible"
"28.08.18",NA,36,1000,0,1102,"pusa","without skin"
"28.08.18",NA,4,1000,0,3041,"taro leaves","ready-to-eat"
"28.08.18",NA,24,1250,0,2031,"cassava leaves","with stem"
"28.08.18",NA,35,1500,0,1104,"mela","ready-to-eat"
"28.08.18",NA,5,1518.825,0,1124,"palm nut","without thorns"
"28.08.18",NA,53,1550,0,2038,"mushooms","ready-to-eat"
"28.08.18",NA,6,1900,1,1108,"palm nut","with thorns"
"28.08.18",NA,75,1950,0,1102,"caterpillars","with guts"
"28.08.18",NA,11,2100,0,1104,"papaya","with peel"
"28.08.18",NA,37,2250,0,1115,"pusa","with skin"
"28.08.18",NA,75,2300,0,1115,"caterpillars","with guts"
"28.08.18",NA,35,2400,0,1035,"mela","ready-to-eat"
"28.08.18",NA,71,2600,0,3040,"brush-tailed porcupine","with quills"
"28.08.18",NA,35,2850,0,1115,"mela","ready-to-eat"
"28.08.18",NA,35,3100,0,3117,"mela","ready-to-eat"
"28.08.18",NA,35,3350,0,2031,"mela","ready-to-eat"
"28.08.18",NA,35,3350,0,2039,"mela","ready-to-eat"
"28.08.18",NA,35,3700,0,1121,"mela","ready-to-eat"
"28.08.18",NA,35,4050,0,1116,"mela","ready-to-eat"
"28.08.18",NA,75,4250,0,2544,"caterpillars","with guts"
"28.08.18",NA,35,5100,0,1028,"mela","ready-to-eat"
"28.08.18",NA,35,5300,0,1102,"mela","ready-to-eat"
"28.08.18",NA,6,8450,0,1122,"palm nut","with thorns"
"29.08.18",NA,39,100,0,1115,"banana","ready-to-eat"
"29.08.18",NA,75,100,0,3077,"caterpillars","with guts"
"29.08.18",NA,30,100,0,1102,"koko","with stem"
"29.08.18",NA,30,100,0,1115,"koko","with stem"
"29.08.18",NA,75,150,0,1102,"caterpillars","with guts"
"29.08.18",NA,47,200,0,2522,"matokodi","ready-to-eat"
"29.08.18",NA,51,200,0,1104,"peppers","with stems"
"29.08.18",NA,20,250,0,2522,"cassava","with water"
"29.08.18",NA,75,250,0,2539,"caterpillars","with guts"
"29.08.18",NA,75,400,0,1030,"caterpillars","with guts"
"29.08.18",NA,75,400,0,2031,"caterpillars","with guts"
"29.08.18",NA,75,500,0,1016,"caterpillars","with guts"
"29.08.18",NA,75,500,0,1035,"caterpillars","with guts"
"29.08.18",NA,2,500,0,1035,"maondo","with peel"
"29.08.18",NA,53,500,0,1115,"mushooms","ready-to-eat"
"29.08.18",NA,45,500,0,1010,"orange","with peel"
"29.08.18",NA,12,500,0,1102,"papaya","without peel"
"29.08.18",NA,34,600,0,2522,"cacao","with husk"
"29.08.18",NA,75,600,0,1121,"caterpillars","with guts"
"29.08.18",NA,75,600,0,2544,"caterpillars","with guts"
"29.08.18",NA,75,600,0,1106,"caterpillars","with guts"
"29.08.18",NA,75,600,1,1127,"caterpillars","with guts"
"29.08.18",NA,35,600,0,1121,"mela","ready-to-eat"
"29.08.18",NA,11,700,0,1121,"papaya","with peel"
"29.08.18",NA,75,750,0,3142,"caterpillars","with guts"
"29.08.18",NA,47,850,0,1102,"matokodi","ready-to-eat"
"29.08.18",NA,14,900,0,1121,"ekule","ready-to-eat"
"29.08.18",NA,75,1100,0,1010,"caterpillars","with guts"
"29.08.18",NA,19,1100,0,1119,"ngangi","ready-to-eat"
"29.08.18",NA,75,1168.825,0,1115,"caterpillars","with guts"
"29.08.18",NA,35,1300,0,3142,"mela","ready-to-eat"
"29.08.18",NA,75,1400,0,2522,"caterpillars","with guts"
"29.08.18",NA,5,1500,0,1121,"palm nut","without thorns"
"29.08.18",NA,11,1500,0,1121,"papaya","with peel"
"29.08.18",NA,75,1550,0,1116,"caterpillars","with guts"
"29.08.18",NA,5,1600,0,1121,"palm nut","without thorns"
"29.08.18",NA,35,1750,0,1115,"mela","ready-to-eat"
"29.08.18",NA,8,1750,0,1121,"palm nut","fruit without bract or thorns"
"29.08.18",NA,7,2950,0,2523,"palm nut","head"
"29.08.18",NA,6,3700,0,2055,"palm nut","with thorns"
"29.08.18",NA,35,4100,0,1102,"mela","ready-to-eat"
"29.08.18",NA,5,4850,0,1124,"palm nut","without thorns"
"29.08.18",NA,35,5850,0,3041,"mela","ready-to-eat"
"29.08.18",NA,35,6750,0,1121,"mela","ready-to-eat"
"03.08.18",NA,18,14.175,0,1116,"ndiki","ready-to-eat"
"03.08.18",NA,47,28.35,0,1031,"matokodi","ready-to-eat"
"03.08.18",NA,30,42.525,0,1031,"koko","with stem"
"03.08.18",NA,30,56.7,0,1009,"koko","with stem"
"03.08.18",NA,15,70.875,0,1116,"epangi","ready-to-eat"
"03.08.18",NA,25,100,0,1122,"kaso","with shell"
"03.08.18",NA,25,100,0,3077,"kaso","with shell"
"03.08.18",NA,25,100,0,3117,"kaso","with shell"
"03.08.18",NA,30,100,0,1121,"koko","with stem"
"03.08.18",NA,18,100,0,3077,"ndiki","ready-to-eat"
"03.08.18",NA,53,113.4,0,3077,"mushooms","ready-to-eat"
"03.08.18",NA,51,127.575,0,2030,"peppers","with stems"
"03.08.18",NA,25,141.75,0,1116,"kaso","with shell"
"03.08.18",NA,22,200,0,3077,"cassava","with skin"
"03.08.18",NA,30,200,0,1016,"koko","with stem"
"03.08.18",NA,30,200,0,1116,"koko","with stem"
"03.08.18",NA,30,200,0,3119,"koko","with stem"
"03.08.18",NA,53,240.975,0,3077,"mushooms","ready-to-eat"
"03.08.18",NA,26,250,0,2030,"kaso","with husk"
"03.08.18",NA,36,250,0,1121,"pusa","without skin"
"03.08.18",NA,36,250,0,2039,"pusa","without skin"
"03.08.18",NA,4,250,0,3077,"taro leaves","ready-to-eat"
"03.08.18",NA,14,300,0,3077,"ekule","ready-to-eat"
"03.08.18",NA,53,400,0,1035,"mushooms","ready-to-eat"
"03.08.18",NA,24,500,0,2538,"cassava leaves","with stem"
"03.08.18",NA,30,500,0,3117,"koko","with stem"
"03.08.18",NA,47,500,0,1116,"matokodi","ready-to-eat"
"03.08.18",NA,48,500,0,1120,"matokodi","with husk"
"03.08.18",NA,47,500,0,1121,"matokodi","ready-to-eat"
"03.08.18",NA,48,500,0,3077,"matokodi","with husk"
"03.08.18",NA,53,500,0,1121,"mushooms","ready-to-eat"
"03.08.18",NA,39,600,0,2031,"banana","ready-to-eat"
"03.08.18",NA,53,600,0,1120,"mushooms","ready-to-eat"
"03.08.18",NA,53,750,0,1102,"mushooms","ready-to-eat"
"03.08.18",NA,24,1100,0,3142,"cassava leaves","with stem"
"03.08.18",NA,35,1150,0,1035,"mela","ready-to-eat"
"03.08.18",NA,55,1250,0,3117,"ediki","with inedible"
"03.08.18",NA,2,1300,0,3040,"maondo","with peel"
"03.08.18",NA,26,1400,0,2030,"kaso","with husk"
"03.08.18",NA,55,1500,0,1121,"ediki","with inedible"
"03.08.18",NA,21,1600,0,2031,"cassava","without skin"
"03.08.18",NA,24,1850,0,2031,"cassava leaves","with stem"
"03.08.18",NA,35,1850,0,3077,"mela","ready-to-eat"
"03.08.18",NA,38,2000,0,2031,"banana","with peel"
"03.08.18",NA,36,2000,0,1106,"pusa","without skin"
"03.08.18",NA,2,2300,0,3117,"maondo","with peel"
"03.08.18",NA,24,2500,0,3077,"cassava leaves","with stem"
"03.08.18",NA,35,2900,0,1104,"mela","ready-to-eat"
"03.08.18",NA,35,3850,0,1102,"mela","ready-to-eat"
"03.08.18",NA,35,3850,0,1120,"mela","ready-to-eat"
"03.08.18",NA,71,4000,0,1124,"brush-tailed porcupine","with quills"
"03.08.18",NA,37,4180,0,1104,"pusa","with skin"
"03.08.18",NA,6,7400,0,2030,"palm nut","with thorns"
"30.08.18",NA,24,56.7,0,1011,"cassava leaves","with stem"
"30.08.18",NA,31,56.7,0,1009,"koko","ready-to-eat"
"30.08.18",NA,24,85.05,0,1008,"cassava leaves","with stem"
"30.08.18",NA,24,100,0,1031,"cassava leaves","with stem"
"30.08.18",NA,24,100,0,2538,"cassava leaves","with stem"
"30.08.18",NA,75,100,0,1007,"caterpillars","with guts"
"30.08.18",NA,75,100,0,1030,"caterpillars","with guts"
"30.08.18",NA,35,100,0,3077,"mela","ready-to-eat"
"30.08.18",NA,75,150,0,2523,"caterpillars","with guts"
"30.08.18",NA,75,150,0,3077,"caterpillars","with guts"
"30.08.18",NA,90,150,0,1011,"egg","with shell"
"30.08.18",NA,75,200,0,1010,"caterpillars","with guts"
"30.08.18",NA,75,200,0,2544,"caterpillars","with guts"
"30.08.18",NA,75,250,0,1121,"caterpillars","with guts"
"30.08.18",NA,75,250,0,2544,"caterpillars","with guts"
"30.08.18",NA,75,350,0,1016,"caterpillars","with guts"
"30.08.18",NA,75,400,0,1007,"caterpillars","with guts"
"30.08.18",NA,75,400,0,1016,"caterpillars","with guts"
"30.08.18",NA,75,400,0,2522,"caterpillars","with guts"
"30.08.18",NA,75,400,0,3117,"caterpillars","with guts"
"30.08.18",NA,75,450,0,2523,"caterpillars","with guts"
"30.08.18",NA,30,500,0,1030,"koko","with stem"
"30.08.18",NA,36,500,0,1102,"pusa","without skin"
"30.08.18",NA,75,600,0,2544,"caterpillars","with guts"
"30.08.18",NA,75,1000,0,2031,"caterpillars","with guts"
"30.08.18",NA,24,1100,0,1102,"cassava leaves","with stem"
"30.08.18",NA,34,1250,0,3117,"cacao","with husk"
"30.08.18",NA,20,1300,0,1121,"cassava","with water"
"30.08.18",NA,24,1400,0,2031,"cassava leaves","with stem"
"30.08.18",NA,91,1400,1,2609,"honey","ready-to-eat"
"30.08.18",NA,34,1550,0,2522,"cacao","with husk"
"30.08.18",NA,75,1600,0,1102,"caterpillars","with guts"
"30.08.18",NA,50,2250,0,1124,"peppers","without stems"
"30.08.18",NA,74,2300,0,3040,"brush-tailed porcupine","without quills"
"30.08.18",NA,24,3000,0,3117,"cassava leaves","with stem"
"30.08.18",NA,24,3100,0,2522,"cassava leaves","with stem"
"30.08.18",NA,20,5000,0,1028,"cassava","with water"
"30.08.18",NA,6,8650,0,1119,"palm nut","with thorns"
"31.08.18",NA,75,100,0,3041,"caterpillars","with guts"
"31.08.18",NA,14,100,0,3117,"ekule","ready-to-eat"
"31.08.18",NA,25,100,0,1028,"kaso","with shell"
"31.08.18",NA,31,100,0,1121,"koko","ready-to-eat"
"31.08.18",NA,21,200,0,3142,"cassava","without skin"
"31.08.18",NA,30,200,0,3142,"koko","with stem"
"31.08.18",NA,47,250,0,3077,"matokodi","ready-to-eat"
"31.08.18",NA,30,300,0,1028,"koko","with stem"
"31.08.18",NA,47,500,0,1116,"matokodi","ready-to-eat"
"31.08.18",NA,47,500,0,1023,"matokodi","ready-to-eat"
"31.08.18",NA,75,550,0,2523,"caterpillars","with guts"
"31.08.18",NA,55,600,0,1009,"ediki","with inedible"
"31.08.18",NA,47,600,0,3117,"matokodi","ready-to-eat"
"31.08.18",NA,35,600,0,1120,"mela","ready-to-eat"
"31.08.18",NA,75,700,0,1007,"caterpillars","with guts"
"31.08.18",NA,47,700,0,2031,"matokodi","ready-to-eat"
"31.08.18",NA,75,750,0,2544,"caterpillars","with guts"
"31.08.18",NA,75,800,0,1030,"caterpillars","with guts"
"31.08.18",NA,14,850,0,1120,"ekule","ready-to-eat"
"31.08.18",NA,75,1000,0,1016,"caterpillars","with guts"
"31.08.18",NA,6,1700,1,2009,"palm nut","with thorns"
"31.08.18",NA,22,1750,0,2039,"cassava","with skin"
"31.08.18",NA,35,1750,0,1102,"mela","ready-to-eat"
"31.08.18",NA,75,1800,0,1103,"caterpillars","with guts"
"31.08.18",NA,75,1950,0,2522,"caterpillars","with guts"
"31.08.18",NA,22,2000,0,2031,"cassava","with skin"
"31.08.18",NA,3,2000,0,2039,"taro","ready-to-eat"
"31.08.18",NA,35,2200,0,1035,"mela","ready-to-eat"
"31.08.18",NA,14,2350,0,2031,"ekule","ready-to-eat"
"31.08.18",NA,35,2500,0,1116,"mela","ready-to-eat"
"31.08.18",NA,35,2850,0,3117,"mela","ready-to-eat"
"31.08.18",NA,35,3200,0,1016,"mela","ready-to-eat"
"31.08.18",NA,37,3300,0,1116,"pusa","with skin"
"31.08.18",NA,35,3750,0,1121,"mela","ready-to-eat"
"31.08.18",NA,75,4100,0,3142,"caterpillars","with guts"
"31.08.18",NA,35,4500,0,1028,"mela","ready-to-eat"
"31.08.18",NA,5,4700,0,1103,"palm nut","without thorns"
"31.08.18",NA,24,6450,0,2039,"cassava leaves","with stem"
"31.08.18",NA,5,7100,0,1103,"palm nut","without thorns"
"31.08.18",NA,6,12600,0,1124,"palm nut","with thorns"
"31.08.18",NA,38,12750,0,2039,"banana","with peel"
"31.08.18",NA,6,12800,0,1124,"palm nut","with thorns"
"04.08.18",NA,90,42.525,0,3077,"egg","with shell"
"04.08.18",NA,26,42.525,0,3077,"kaso","with husk"
"04.08.18",NA,56,56.7,0,1104,"ngai ngai","with peel"
"04.08.18",NA,25,155.925,0,3117,"kaso","with shell"
"04.08.18",NA,76,200,0,3077,"fish","raw"
"04.08.18",NA,55,250,0,3077,"ediki","with inedible"
"04.08.18",NA,25,250,0,1116,"kaso","with shell"
"04.08.18",NA,30,250,0,2031,"koko","with stem"
"04.08.18",NA,47,300,0,2030,"matokodi","ready-to-eat"
"04.08.18",NA,76,500,0,1121,"fish","raw"
"04.08.18",NA,25,500,0,1032,"kaso","with shell"
"04.08.18",NA,53,500,0,2039,"mushooms","ready-to-eat"
"04.08.18",NA,55,600,0,1120,"ediki","with inedible"
"04.08.18",NA,76,600,0,1101,"fish","raw"
"04.08.18",NA,76,750,0,3041,"fish","raw"
"04.08.18",NA,20,900,0,1102,"cassava","with water"
"04.08.18",NA,76,900,0,2030,"fish","raw"
"04.08.18",NA,47,1250,0,1102,"matokodi","ready-to-eat"
"04.08.18",NA,47,1250,0,1104,"matokodi","ready-to-eat"
"04.08.18",NA,47,1250,0,1116,"matokodi","ready-to-eat"
"04.08.18",NA,71,1400,0,1032,"brush-tailed porcupine","with quills"
"04.08.18",NA,76,1400,0,1124,"fish","raw"
"04.08.18",NA,20,1500,1,1110,"cassava","with water"
"04.08.18",NA,91,1500,0,1124,"honey","ready-to-eat"
"04.08.18",NA,35,1900,0,1120,"mela","ready-to-eat"
"04.08.18",NA,76,2000,0,1119,"fish","raw"
"04.08.18",NA,25,2000,0,2030,"kaso","with shell"
"04.08.18",NA,5,2100,0,2038,"palm nut","without thorns"
"04.08.18",NA,6,2750,0,3040,"palm nut","with thorns"
"04.08.18",NA,38,2800,1,2899,"banana","with peel"
"04.08.18",NA,24,3000,0,1102,"cassava leaves","with stem"
"04.08.18",NA,24,3600,0,1104,"cassava leaves","with stem"
"04.08.18",NA,6,9500,0,1122,"palm nut","with thorns"
"04.08.18",NA,6,12100,0,1104,"palm nut","with thorns"
"04.08.18",NA,6,12200,0,1102,"palm nut","with thorns"
"04.08.18",NA,6,20625,0,1119,"palm nut","with thorns"
"05.08.18",NA,51,70.875,0,1028,"peppers","with stems"
"05.08.18",NA,30,85.05,0,3077,"koko","with stem"
"05.08.18",NA,74,100,1,3135,"brush-tailed porcupine","without quills"
"05.08.18",NA,51,100,0,1120,"peppers","with stems"
"05.08.18",NA,2,200,0,1032,"maondo","with peel"
"05.08.18",NA,2,200,0,1006,"maondo","with peel"
"05.08.18",NA,47,200,0,3117,"matokodi","ready-to-eat"
"05.08.18",NA,35,200,0,3077,"mela","ready-to-eat"
"05.08.18",NA,3,200,0,1120,"taro","ready-to-eat"
"05.08.18",NA,14,250,0,3117,"ekule","ready-to-eat"
"05.08.18",NA,30,250,0,1028,"koko","with stem"
"05.08.18",NA,30,250,0,1120,"koko","with stem"
"05.08.18",NA,44,250,0,1028,"lemon","with peel"
"05.08.18",NA,48,250,0,1116,"matokodi","with husk"
"05.08.18",NA,51,300,0,1116,"peppers","with stems"
"05.08.18",NA,24,400,0,1120,"cassava leaves","with stem"
"05.08.18",NA,24,400,0,3142,"cassava leaves","with stem"
"05.08.18",NA,25,400,0,1102,"kaso","with shell"
"05.08.18",NA,24,500,0,2031,"cassava leaves","with stem"
"05.08.18",NA,55,500,0,3119,"ediki","with inedible"
"05.08.18",NA,14,600,0,1122,"ekule","ready-to-eat"
"05.08.18",NA,91,600,0,3040,"honey","ready-to-eat"
"05.08.18",NA,35,900,0,1102,"mela","ready-to-eat"
"05.08.18",NA,64,1000,0,1028,"blue duiker","smoked"
"05.08.18",NA,25,1000,0,1102,"kaso","with shell"
"05.08.18",NA,91,1200,0,1122,"honey","ready-to-eat"
"05.08.18",NA,91,1218.825,0,3040,"honey","ready-to-eat"
"05.08.18",NA,35,1850,0,1106,"mela","ready-to-eat"
"05.08.18",NA,36,1900,0,3077,"pusa","without skin"
"05.08.18",NA,35,2100,0,2039,"mela","ready-to-eat"
"05.08.18",NA,24,2500,0,1116,"cassava leaves","with stem"
"05.08.18",NA,71,3600,0,1103,"brush-tailed porcupine","with quills"
"05.08.18",NA,35,4500,0,1104,"mela","ready-to-eat"
"05.08.18",NA,35,5800,0,1102,"mela","ready-to-eat"
"05.08.18",NA,26,7600,0,1106,"kaso","with husk"
"05.08.18",NA,26,7700,0,1104,"kaso","with husk"
"05.08.18",NA,5,7750,0,3142,"palm nut","without thorns"
"06.08.18",NA,75,56.7,0,1106,"caterpillars","with guts"
"06.08.18",NA,76,100,0,3117,"fish","raw"
"06.08.18",NA,30,100,0,2039,"koko","with stem"
"06.08.18",NA,49,113.4,0,1106,"mondonge",NA
"06.08.18",NA,76,200,0,2522,"fish","raw"
"06.08.18",NA,76,250,0,1102,"fish","raw"
"06.08.18",NA,30,250,0,1102,"koko","with stem"
"06.08.18",NA,76,300,0,2522,"fish","raw"
"06.08.18",NA,35,300,0,1016,"mela","ready-to-eat"
"06.08.18",NA,76,400,0,1032,"fish","raw"
"06.08.18",NA,76,400,0,1121,"fish","raw"
"06.08.18",NA,30,400,0,1120,"koko","with stem"
"06.08.18",NA,30,400,0,2031,"koko","with stem"
"06.08.18",NA,35,400,0,3077,"mela","ready-to-eat"
"06.08.18",NA,76,500,0,3117,"fish","raw"
"06.08.18",NA,25,500,0,1102,"kaso","with shell"
"06.08.18",NA,20,600,0,3040,"cassava","with water"
"06.08.18",NA,47,600,0,2030,"matokodi","ready-to-eat"
"06.08.18",NA,48,700,0,1106,"matokodi","with husk"
"06.08.18",NA,5,700,1,3065,"palm nut","without thorns"
"06.08.18",NA,2,750,0,2030,"maondo","with peel"
"06.08.18",NA,55,800,0,1104,"ediki","with inedible"
"06.08.18",NA,35,900,0,1035,"mela","ready-to-eat"
"06.08.18",NA,53,900,0,1119,"mushooms","ready-to-eat"
"06.08.18",NA,20,1250,0,1102,"cassava","with water"
"06.08.18",NA,20,1300,1,3002,"cassava","with water"
"06.08.18",NA,54,1750,0,1103,"mushooms","smoked"
"06.08.18",NA,24,1850,0,1104,"cassava leaves","with stem"
"06.08.18",NA,35,1900,0,1116,"mela","ready-to-eat"
"06.08.18",NA,57,2000,0,2039,"bat","raw"
"06.08.18",NA,25,2000,0,2030,"kaso","with shell"
"06.08.18",NA,76,2100,0,1124,"fish","raw"
"06.08.18",NA,76,2250,0,1101,"fish","raw"
"06.08.18",NA,1,2500,0,1106,"mobe","with seeds"
"06.08.18",NA,64,2600,0,1103,"blue duiker","smoked"
"06.08.18",NA,76,2750,0,3040,"fish","raw"
"06.08.18",NA,53,2750,0,1103,"mushooms","ready-to-eat"
"06.08.18",NA,76,4100,0,1119,"fish","raw"
"06.08.18",NA,35,6600,0,2039,"mela","ready-to-eat"
"07.08.18",NA,50,99.225,0,1115,"peppers","without stems"
"07.08.18",NA,76,100,0,1032,"fish","raw"
"07.08.18",NA,30,100,0,1120,"koko","with stem"
"07.08.18",NA,30,200,0,3142,"koko","with stem"
"07.08.18",NA,30,250,0,1006,"koko","with stem"
"07.08.18",NA,2,250,0,1028,"maondo","with peel"
"07.08.18",NA,48,250,0,1032,"matokodi","with husk"
"07.08.18",NA,47,250,0,1023,"matokodi","ready-to-eat"
"07.08.18",NA,35,250,0,3117,"mela","ready-to-eat"
"07.08.18",NA,26,300,0,1116,"kaso","with husk"
"07.08.18",NA,48,300,0,1028,"matokodi","with husk"
"07.08.18",NA,53,300,0,1104,"mushooms","ready-to-eat"
"07.08.18",NA,65,400,1,2039,"blue duiker","head"
"07.08.18",NA,14,400,0,1028,"ekule","ready-to-eat"
"07.08.18",NA,26,400,0,3142,"kaso","with husk"
"07.08.18",NA,30,400,0,1035,"koko","with stem"
"07.08.18",NA,47,400,0,3117,"matokodi","ready-to-eat"
"07.08.18",NA,45,400,0,1115,"orange","with peel"
"07.08.18",NA,24,500,0,3076,"cassava leaves","with stem"
"07.08.18",NA,76,500,0,1122,"fish","raw"
"07.08.18",NA,76,500,0,2523,"fish","raw"
"07.08.18",NA,76,500,0,1006,"fish","raw"
"07.08.18",NA,30,500,0,3117,"koko","with stem"
"07.08.18",NA,47,500,0,1115,"matokodi","ready-to-eat"
"07.08.18",NA,45,500,0,3076,"orange","with peel"
"07.08.18",NA,35,518.825,0,1010,"mela","ready-to-eat"
"07.08.18",NA,91,600,0,1124,"honey","ready-to-eat"
"07.08.18",NA,25,600,0,2030,"kaso","with shell"
"07.08.18",NA,47,600,0,1116,"matokodi","ready-to-eat"
"07.08.18",NA,35,600,0,1120,"mela","ready-to-eat"
"07.08.18",NA,36,600,0,1028,"pusa","without skin"
"07.08.18",NA,36,600,0,1120,"pusa","without skin"
"07.08.18",NA,15,650,0,2030,"epangi","ready-to-eat"
"07.08.18",NA,48,750,0,1006,"matokodi","with husk"
"07.08.18",NA,22,900,0,2039,"cassava","with skin"
"07.08.18",NA,25,900,0,1032,"kaso","with shell"
"07.08.18",NA,2,1000,1,1108,"maondo","with peel"
"07.08.18",NA,35,1000,0,3142,"mela","ready-to-eat"
"07.08.18",NA,25,1100,0,1102,"kaso","with shell"
"07.08.18",NA,76,1200,0,2055,"fish","raw"
"07.08.18",NA,91,1250,0,2055,"honey","ready-to-eat"
"07.08.18",NA,25,1250,0,1006,"kaso","with shell"
"07.08.18",NA,74,1500,0,3040,"brush-tailed porcupine","without quills"
"07.08.18",NA,26,2000,0,1104,"kaso","with husk"
"07.08.18",NA,76,2100,0,1119,"fish","raw"
"07.08.18",NA,51,2500,0,3076,"peppers","with stems"
"07.08.18",NA,71,2750,0,2030,"brush-tailed porcupine","with quills"
"07.08.18",NA,5,5250,0,3142,"palm nut","without thorns"
"07.08.18",NA,35,6100,0,1102,"mela","ready-to-eat"
"07.08.18",NA,35,8250,0,1104,"mela","ready-to-eat"
"07.08.18",NA,6,10100,0,1115,"palm nut","with thorns"
"07.08.18",NA,6,10375,0,3040,"palm nut","with thorns"
"07.08.18",NA,6,11250,0,3076,"palm nut","with thorns"
"07.08.18",NA,6,11600,0,1122,"palm nut","with thorns"
"07.08.18",NA,6,14100,0,2038,"palm nut","with thorns"
"08.08.18",NA,20,150,0,3119,"cassava","with water"
"08.08.18",NA,30,200,0,1120,"koko","with stem"
"08.08.18",NA,44,200,0,3119,"lemon","with peel"
"08.08.18",NA,47,200,0,2522,"matokodi","ready-to-eat"
"08.08.18",NA,35,250,0,1121,"mela","ready-to-eat"
"08.08.18",NA,36,250,0,2522,"pusa","without skin"
"08.08.18",NA,36,250,0,3117,"pusa","without skin"
"08.08.18",NA,55,300,0,1016,"ediki","with inedible"
"08.08.18",NA,30,500,0,1116,"koko","with stem"
"08.08.18",NA,24,1400,0,1102,"cassava leaves","with stem"
"08.08.18",NA,42,1600,1,3078,"corn","without husk"
"08.08.18",NA,35,1700,0,2522,"mela","ready-to-eat"
"08.08.18",NA,35,1900,0,3117,"mela","ready-to-eat"
"08.08.18",NA,2,3100,0,2038,"maondo","with peel"
"09.08.18",NA,24,28.35,0,1009,"cassava leaves","with stem"
"09.08.18",NA,38,100,0,1115,"banana","with peel"
"09.08.18",NA,26,100,0,2539,"kaso","with husk"
"09.08.18",NA,30,100,0,1120,"koko","with stem"
"09.08.18",NA,2,100,0,1023,"maondo","with peel"
"09.08.18",NA,36,100,0,1031,"pusa","without skin"
"09.08.18",NA,30,200,0,2522,"koko","with stem"
"09.08.18",NA,44,200,0,1104,"lemon","with peel"
"09.08.18",NA,43,200,0,2031,"mbeku","0"
"09.08.18",NA,24,250,0,3119,"cassava leaves","with stem"
"09.08.18",NA,76,250,0,3117,"fish","raw"
"09.08.18",NA,26,250,0,1120,"kaso","with husk"
"09.08.18",NA,44,250,0,1023,"lemon","with peel"
"09.08.18",NA,47,250,0,1031,"matokodi","ready-to-eat"
"09.08.18",NA,35,250,0,3142,"mela","ready-to-eat"
"09.08.18",NA,51,250,0,1104,"peppers","with stems"
"09.08.18",NA,22,300,0,1104,"cassava","with skin"
"09.08.18",NA,41,300,1,3075,"corn","with husk"
"09.08.18",NA,25,400,0,1103,"kaso","with shell"
"09.08.18",NA,17,400,0,3142,"kobo","ready-to-eat"
"09.08.18",NA,2,400,0,1032,"maondo","with peel"
"09.08.18",NA,48,400,0,3117,"matokodi","with husk"
"09.08.18",NA,53,400,0,1120,"mushooms","ready-to-eat"
"09.08.18",NA,24,500,0,3142,"cassava leaves","with stem"
"09.08.18",NA,41,500,1,9999,"corn","with husk"
"09.08.18",NA,30,500,0,1120,"koko","with stem"
"09.08.18",NA,48,500,0,1028,"matokodi","with husk"
"09.08.18",NA,35,500,0,2523,"mela","ready-to-eat"
"09.08.18",NA,22,600,0,2039,"cassava","with skin"
"09.08.18",NA,26,600,0,2030,"kaso","with husk"
"09.08.18",NA,55,750,0,2523,"ediki","with inedible"
"09.08.18",NA,55,750,0,2544,"ediki","with inedible"
"09.08.18",NA,48,750,0,1121,"matokodi","with husk"
"09.08.18",NA,42,900,1,9999,"corn","without husk"
"09.08.18",NA,48,900,0,1119,"matokodi","with husk"
"09.08.18",NA,48,900,0,2055,"matokodi","with husk"
"09.08.18",NA,75,1000,1,9999,"caterpillars","with guts"
"09.08.18",NA,70,1300,1,1110,"blue duiker","intestins"
"09.08.18",NA,36,1450,0,3142,"pusa","without skin"
"09.08.18",NA,39,1500,0,1104,"banana","ready-to-eat"
"09.08.18",NA,62,1500,1,3075,"black-fronted duiker","raw"
"09.08.18",NA,5,1500,0,1115,"palm nut","without thorns"
"09.08.18",NA,24,2100,0,1115,"cassava leaves","with stem"
"09.08.18",NA,2,2400,0,2030,"maondo","with peel"
"09.08.18",NA,20,2750,1,3078,"cassava","with water"
"09.08.18",NA,6,3150,0,2038,"palm nut","with thorns"
"09.08.18",NA,36,3150,0,1120,"pusa","without skin"
"09.08.18",NA,62,3450,1,3075,"black-fronted duiker","raw"
"09.08.18",NA,35,3600,0,2031,"mela","ready-to-eat"
"09.08.18",NA,35,3600,0,3117,"mela","ready-to-eat"
"09.08.18",NA,6,4100,0,2038,"palm nut","with thorns"
"09.08.18",NA,24,4200,0,1104,"cassava leaves","with stem"
"09.08.18",NA,35,4350,0,1028,"mela","ready-to-eat"
"09.08.18",NA,35,5000,0,1121,"mela","ready-to-eat"
"09.08.18",NA,35,8500,0,1102,"mela","ready-to-eat"
"09.08.18",NA,6,9050,0,1035,"palm nut","with thorns"
"09.08.18",NA,6,13350,0,2038,"palm nut","with thorns"
"09.08.18",NA,6,17700,0,1115,"palm nut","with thorns"
"01.09.18",NA,75,100,0,2513,"caterpillars","with guts"
"01.09.18",NA,30,100,0,1104,"koko","with stem"
"01.09.18",NA,35,100,0,1016,"mela","ready-to-eat"
"01.09.18",NA,75,150,0,1007,"caterpillars","with guts"
"01.09.18",NA,75,150,0,1035,"caterpillars","with guts"
"01.09.18",NA,75,200,0,1115,"caterpillars","with guts"
"01.09.18",NA,30,200,0,1116,"koko","with stem"
"01.09.18",NA,30,200,0,2031,"koko","with stem"
"01.09.18",NA,30,200,0,2523,"koko","with stem"
"01.09.18",NA,75,250,0,1007,"caterpillars","with guts"
"01.09.18",NA,75,250,0,1010,"caterpillars","with guts"
"01.09.18",NA,75,250,0,2513,"caterpillars","with guts"
"01.09.18",NA,35,250,0,1035,"mela","ready-to-eat"
"01.09.18",NA,47,300,0,1119,"matokodi","ready-to-eat"
"01.09.18",NA,35,300,0,3077,"mela","ready-to-eat"
"01.09.18",NA,75,350,0,1016,"caterpillars","with guts"
"01.09.18",NA,75,350,0,2544,"caterpillars","with guts"
"01.09.18",NA,75,400,0,3041,"caterpillars","with guts"
"01.09.18",NA,30,450,0,2522,"koko","with stem"
"01.09.18",NA,59,500,0,1124,"bird","with feathers"
"01.09.18",NA,75,500,0,1120,"caterpillars","with guts"
"01.09.18",NA,47,500,0,1104,"matokodi","ready-to-eat"
"01.09.18",NA,36,500,0,3041,"pusa","without skin"
"01.09.18",NA,75,600,0,1016,"caterpillars","with guts"
"01.09.18",NA,75,600,0,1028,"caterpillars","with guts"
"01.09.18",NA,75,600,0,1102,"caterpillars","with guts"
"01.09.18",NA,30,600,0,1102,"koko","with stem"
"01.09.18",NA,30,600,0,1121,"koko","with stem"
"01.09.18",NA,35,600,0,2522,"mela","ready-to-eat"
"01.09.18",NA,75,750,0,2513,"caterpillars","with guts"
"01.09.18",NA,75,800,0,1007,"caterpillars","with guts"
"01.09.18",NA,75,800,0,1010,"caterpillars","with guts"
"01.09.18",NA,75,800,0,1121,"caterpillars","with guts"
"01.09.18",NA,75,800,0,2544,"caterpillars","with guts"
"01.09.18",NA,75,900,0,2523,"caterpillars","with guts"
"01.09.18",NA,75,950,0,2522,"caterpillars","with guts"
"01.09.18",NA,75,1000,0,2031,"caterpillars","with guts"
"01.09.18",NA,75,1250,0,1116,"caterpillars","with guts"
"01.09.18",NA,35,2000,0,2523,"mela","ready-to-eat"
"01.09.18",NA,35,2250,0,1104,"mela","ready-to-eat"
"01.09.18",NA,6,3250,0,2055,"palm nut","with thorns"
"01.09.18",NA,6,8500,0,1124,"palm nut","with thorns"
"02.09.18",NA,30,99.225,0,1031,"koko","with stem"
"02.09.18",NA,30,100,0,1115,"koko","with stem"
"02.09.18",NA,50,100,0,1103,"peppers","without stems"
"02.09.18",NA,51,100,0,1120,"peppers","with stems"
"02.09.18",NA,30,150,0,2538,"koko","with stem"
"02.09.18",NA,51,200,0,2039,"peppers","with stems"
"02.09.18",NA,75,300,0,2523,"caterpillars","with guts"
"02.09.18",NA,75,300,0,2539,"caterpillars","with guts"
"02.09.18",NA,75,350,0,1010,"caterpillars","with guts"
"02.09.18",NA,75,500,0,2538,"caterpillars","with guts"
"02.09.18",NA,2,600,0,3117,"maondo","with peel"
"02.09.18",NA,75,650,0,1016,"caterpillars","with guts"
"02.09.18",NA,55,750,0,1030,"ediki","with inedible"
"02.09.18",NA,75,900,0,3142,"caterpillars","with guts"
"02.09.18",NA,20,1250,0,1101,"cassava","with water"
"02.09.18",NA,75,1600,0,1103,"caterpillars","with guts"
"02.09.18",NA,76,1900,0,1103,"fish","raw"
"02.09.18",NA,35,2500,0,3117,"mela","ready-to-eat"
"02.09.18",NA,75,3000,0,2030,"caterpillars","with guts"
"02.09.18",NA,7,3000,0,2513,"palm nut","head"
"02.09.18",NA,35,3900,0,1035,"mela","ready-to-eat"
"02.09.18",NA,35,4300,0,2522,"mela","ready-to-eat"
"02.09.18",NA,35,6100,0,1102,"mela","ready-to-eat"
"02.09.18",NA,35,6500,0,2039,"mela","ready-to-eat"
"02.09.18",NA,35,7100,0,1115,"mela","ready-to-eat"
"02.09.18",NA,35,8000,0,1116,"mela","ready-to-eat"
"02.09.18",NA,6,9375,0,2038,"palm nut","with thorns"
"02.09.18",NA,35,9500,0,1120,"mela","ready-to-eat"
"02.09.18",NA,6,12000,0,2030,"palm nut","with thorns"
