Date,anon_id,Group,Date_Depart,Depart,Date_Arrive,Arrive,Activity.Type,Time.Out,Total.Minutes,Precision
02/08/2018,P043,0,02/08/2018,17.42,02/08/2018,17.58,Foraging,0.16,16,Observed
10/08/2018,P043,0,10/08/2018,12.41,10/08/2018,13.48,Foraging,1.07,67,Observed
10/08/2018,P043,0,10/08/2018,14.31,10/08/2018,14.45,Foraging,0.14,14,Observed
17/08/2018,P043,0,17/08/2018,10.55,17/08/2018,11.29,Foraging,0.34,34,Observed
14/08/2018,P052,0,14/08/2018,10.08,14/08/2018,10.3,Foraging,0.22,22,Observed
19/08/2018,P052,0,19/08/2018,10.47,19/08/2018,11.19,Foraging,0.32,32,Observed
19/08/2018,P052,0,19/08/2018,12.21,19/08/2018,12.39,Not Foraging,0.18,18,Observed
26/07/2018,P037,0,26/07/2018,11.07,26/07/2018,11.19,Foraging,0.12,12,Observed
12/08/2018,P037,0,12/08/2018,14.57,12/08/2018,15.28,Not Foraging,0.31,31,Observed
10/08/2018,P063,0,10/08/2018,10.43,10/08/2018,11.03,Foraging,0.2,2,Observed
10/08/2018,P063,0,10/08/2018,6.57,10/08/2018,7.15,Foraging,0.18,18,Observed
26/08/2018,P063,0,26/08/2018,8.31,26/08/2018,8.5,Foraging,0.19,19,Observed
26/07/2018,P016,0,26/07/2018,14.18,26/07/2018,14.27,Foraging,0.09,9,Observed
30/08/2018,P016,0,30/08/2018,10.28,30/08/2018,10.39,Foraging,0.11,11,Observed
01/09/2018,P016,0,01/09/2018,9.09,01/09/2018,13.02,Foraging,3.53,233,Observed
19/08/2018,P028,0,19/08/2018,12.21,19/08/2018,12.39,Not Foraging,0.18,18,Observed
28/07/2018,P072,0,28/07/2018,16.13,28/07/2018,16.45,Not Foraging,0.32,32,Observed
09/08/2018,P072,0,09/08/2018,13.23,09/08/2018,14.04,Foraging,0.41,41,Observed
12/08/2018,P008,0,12/08/2018,14.57,12/08/2018,15.28,Not Foraging,0.31,31,Observed
24/07/2018,P027,0,24/07/2018,11.0,24/07/2018,11.28,Foraging,0.28,28,Observed
25/07/2018,P027,0,25/07/2018,7.58,25/07/2018,8.21,Foraging,0.23,23,Observed
04/08/2018,P027,0,04/08/2018,14.25,04/08/2018,14.4,Foraging,0.15,15,Observed
06/08/2018,P027,0,06/08/2018,9.28,06/08/2018,9.41,Foraging,0.13,13,Observed
09/08/2018,P027,0,09/08/2018,10.11,09/08/2018,10.24,Foraging,0.13,13,Observed
12/08/2018,P027,0,12/08/2018,17.37,12/08/2018,17.41,Foraging,0.04,4,Observed
13/08/2018,P027,0,13/08/2018,14.03,13/08/2018,15.04,Foraging,1.01,61,Observed
15/08/2018,P027,0,15/08/2018,7.58,15/08/2018,8.48,Foraging,0.5,5,Observed
16/08/2018,P027,0,16/08/2018,9.33,16/08/2018,10.07,Foraging,0.34,34,Observed
29/08/2018,P027,0,29/08/2018,9.1,29/08/2018,9.27,Foraging,0.17,17,Observed
01/09/2018,P027,0,01/09/2018,12.13,01/09/2018,12.37,Foraging,0.24,24,Observed
23/07/2018,P049,0,23/07/2018,6.15,23/07/2018,6.31,Foraging,0.16,16,Observed
23/07/2018,P049,0,23/07/2018,7.04,23/07/2018,7.16,Foraging,0.12,12,Observed
24/07/2018,P049,0,24/07/2018,6.21,24/07/2018,7.51,Foraging,1.3,63,Observed
24/07/2018,P049,0,24/07/2018,6.08,24/07/2018,6.19,Foraging,0.11,11,Observed
25/07/2018,P049,0,25/07/2018,7.47,25/07/2018,13.21,Foraging,5.34,334,Observed
26/07/2018,P049,0,26/07/2018,7.17,26/07/2018,10.18,Foraging,3.01,181,Observed
27/07/2018,P049,0,27/07/2018,7.23,27/07/2018,12.14,Foraging,4.51,291,Observed
27/07/2018,P049,0,27/07/2018,6.55,27/07/2018,7.13,Foraging,0.18,18,Observed
28/07/2018,P049,0,28/07/2018,8.13,28/07/2018,10.1,Foraging,1.57,117,Observed
30/07/2018,P049,0,30/07/2018,7.01,30/07/2018,9.44,Foraging,2.43,163,Observed
31/07/2018,P049,0,31/07/2018,7.14,31/07/2018,12.17,Not Foraging,5.03,303,Observed
01/08/2018,P049,0,01/08/2018,7.18,01/08/2018,9.51,Foraging,2.33,153,Observed
02/08/2018,P049,0,02/08/2018,6.46,02/08/2018,8.02,Foraging,1.16,76,Observed
02/08/2018,P049,0,02/08/2018,16.04,02/08/2018,17.2,Foraging,1.16,76,Observed
03/08/2018,P049,0,03/08/2018,10.44,03/08/2018,14.17,Foraging,3.33,213,Observed
03/08/2018,P049,0,03/08/2018,16.14,03/08/2018,16.38,Foraging,0.24,24,Observed
04/08/2018,P049,0,04/08/2018,14.42,04/08/2018,17.58,Foraging,3.16,196,Observed
04/08/2018,P049,0,04/08/2018,7.17,04/08/2018,10.06,Foraging,2.49,169,Observed
05/08/2018,P049,0,05/08/2018,6.57,05/08/2018,9.16,Foraging,2.19,139,Observed
06/08/2018,P049,0,06/08/2018,6.44,06/08/2018,9.06,Foraging,2.22,142,Observed
07/08/2018,P049,0,07/08/2018,6.46,07/08/2018,7.46,Foraging,1.0,60,Observed
08/08/2018,P049,0,08/08/2018,7.37,08/08/2018,8.52,Foraging,1.15,75,Observed
10/08/2018,P049,0,10/08/2018,6.46,10/08/2018,7.4,Foraging,0.54,54,Observed
14/08/2018,P049,0,14/08/2018,8.36,14/08/2018,13.42,Foraging,5.06,306,Observed
15/08/2018,P049,0,15/08/2018,8.52,15/08/2018,10.1,Foraging,1.18,78,Observed
21/08/2018,P049,0,21/08/2018,8.08,21/08/2018,8.27,Foraging,0.19,19,Observed
22/08/2018,P049,0,22/08/2018,13.06,22/08/2018,17.54,Foraging,4.48,288,Observed
24/08/2018,P049,0,24/08/2018,7.26,24/08/2018,7.49,Foraging,0.23,23,Observed
25/08/2018,P049,0,25/08/2018,7.59,25/08/2018,8.58,Foraging,0.59,59,Observed
26/08/2018,P049,0,26/08/2018,6.44,26/08/2018,7.07,Foraging,0.23,23,Observed
27/08/2018,P049,0,27/08/2018,8.19,27/08/2018,8.47,Foraging,0.28,28,Observed
28/08/2018,P049,0,28/08/2018,8.38,28/08/2018,12.49,Foraging,4.11,251,Observed
23/07/2018,P067,0,23/07/2018,8.51,23/07/2018,9.26,Foraging,0.35,35,Observed
28/07/2018,P067,0,28/07/2018,12.15,28/07/2018,15.0,Foraging,2.45,165,Observed
28/07/2018,P067,0,28/07/2018,16.18,28/07/2018,16.45,Not Foraging,0.27,27,Observed
29/07/2018,P067,0,29/07/2018,16.04,29/07/2018,16.22,Not Foraging,0.18,18,Observed
30/07/2018,P067,0,30/07/2018,6.48,30/07/2018,7.22,Not Foraging,0.34,34,Observed
01/08/2018,P067,0,01/08/2018,16.15,01/08/2018,16.36,Not Foraging,0.21,21,Observed
10/08/2018,P067,0,10/08/2018,6.57,10/08/2018,7.15,Foraging,0.18,18,Observed
16/08/2018,P067,0,16/08/2018,7.48,16/08/2018,8.14,Not Foraging,0.26,26,Observed
19/08/2018,P067,0,19/08/2018,6.25,19/08/2018,6.41,Foraging,0.16,16,Observed
20/08/2018,P067,0,20/08/2018,8.19,20/08/2018,17.18,Foraging,8.59,539,Observed
20/08/2018,P067,0,20/08/2018,6.47,20/08/2018,7.23,Foraging,0.36,36,Observed
21/08/2018,P067,0,21/08/2018,6.37,21/08/2018,7.03,Foraging,0.26,26,Observed
31/08/2018,P067,0,31/08/2018,6.11,31/08/2018,6.3,Not Foraging,0.19,19,Observed
23/07/2018,P013,0,23/07/2018,6.33,23/07/2018,7.47,Not Foraging,1.14,74,Observed
23/07/2018,P013,0,23/07/2018,11.57,23/07/2018,12.58,Not Foraging,1.01,61,Observed
23/07/2018,P013,0,23/07/2018,8.22,23/07/2018,8.41,Not Foraging,0.19,19,Observed
24/07/2018,P013,0,24/07/2018,8.52,24/07/2018,9.45,Not Foraging,0.53,53,Observed
24/07/2018,P013,0,24/07/2018,6.35,24/07/2018,7.06,Foraging,0.31,31,Observed
24/07/2018,P013,0,24/07/2018,8.28,24/07/2018,8.42,Not Foraging,0.14,14,Observed
26/07/2018,P013,0,26/07/2018,11.22,26/07/2018,14.49,Foraging,3.27,207,Observed
29/07/2018,P013,0,29/07/2018,10.0,29/07/2018,12.04,Not Foraging,2.04,124,Observed
29/07/2018,P013,0,29/07/2018,6.57,29/07/2018,8.22,Foraging,1.25,85,Observed
31/07/2018,P013,0,31/07/2018,6.43,31/07/2018,8.32,Foraging,1.49,109,Observed
01/08/2018,P013,0,01/08/2018,7.57,01/08/2018,8.32,Foraging,0.35,35,Observed
03/08/2018,P013,0,03/08/2018,8.19,03/08/2018,18.28,Not Foraging,10.09,609,Observed
03/08/2018,P013,0,03/08/2018,0.0,03/08/2018,4.3,Foraging,4.3,243,Observed
04/08/2018,P013,0,04/08/2018,20.18,06/08/2018,13.11,Not Foraging,40.53,1013,Estimated
04/08/2018,P013,0,04/08/2018,14.14,04/08/2018,16.56,Foraging,2.42,162,Observed
07/08/2018,P013,0,07/08/2018,7.44,07/08/2018,8.48,Foraging,1.04,64,Observed
10/08/2018,P013,0,10/08/2018,10.53,10/08/2018,14.41,Foraging,3.48,228,Observed
10/08/2018,P013,0,10/08/2018,7.29,10/08/2018,9.08,Foraging,1.39,99,Observed
11/08/2018,P013,0,11/08/2018,7.32,11/08/2018,10.06,Foraging,2.34,154,Observed
12/08/2018,P013,0,12/08/2018,9.58,12/08/2018,16.18,Foraging,6.2,362,Observed
13/08/2018,P013,0,13/08/2018,9.15,13/08/2018,16.35,Foraging,7.2,422,Observed
13/08/2018,P013,0,13/08/2018,7.32,13/08/2018,8.35,Foraging,1.03,63,Observed
16/08/2018,P013,0,16/08/2018,6.59,16/08/2018,8.4,Foraging,1.41,101,Observed
25/08/2018,P013,0,25/08/2018,11.18,25/08/2018,13.56,Foraging,2.38,158,Observed
29/08/2018,P013,0,29/08/2018,6.37,29/08/2018,15.37,Not Foraging,9.0,540,Observed
30/08/2018,P013,0,30/08/2018,22.42,30/08/2018,4.13,Foraging,5.31,331,Observed
31/08/2018,P013,0,31/08/2018,10.27,31/08/2018,12.06,Foraging,1.39,99,Observed
01/09/2018,P013,0,01/09/2018,16.03,02/09/2018,13.06,Not Foraging,21.03,543,Estimated
23/07/2018,P069,0,23/07/2018,7.34,23/07/2018,10.31,Not Foraging,2.57,177,Observed
29/07/2018,P069,0,29/07/2018,16.27,29/07/2018,17.2,Not Foraging,0.53,53,Observed
31/07/2018,P069,0,31/07/2018,12.37,31/07/2018,12.49,Not Foraging,0.12,12,Observed
10/08/2018,P069,0,10/08/2018,10.17,10/08/2018,13.22,Not Foraging,3.05,185,Observed
10/08/2018,P069,0,10/08/2018,9.07,10/08/2018,10.05,Not Foraging,0.58,58,Observed
10/08/2018,P069,0,10/08/2018,15.07,10/08/2018,15.14,Not Foraging,0.07,7,Observed
12/08/2018,P069,0,12/08/2018,14.57,12/08/2018,15.28,Not Foraging,0.31,31,Observed
12/08/2018,P069,0,12/08/2018,9.06,12/08/2018,9.2,Not Foraging,0.14,14,Observed
16/08/2018,P069,0,16/08/2018,7.4,16/08/2018,8.32,Not Foraging,0.52,52,Observed
16/08/2018,P069,0,16/08/2018,11.24,16/08/2018,11.45,Not Foraging,0.21,21,Observed
22/08/2018,P069,0,22/08/2018,7.52,22/08/2018,8.58,Not Foraging,1.06,66,Observed
22/08/2018,P069,0,22/08/2018,9.15,22/08/2018,9.26,Foraging,0.11,11,Observed
27/08/2018,P069,0,27/08/2018,14.2,27/08/2018,14.54,Not Foraging,0.34,34,Observed
31/08/2018,P069,0,31/08/2018,13.54,31/08/2018,14.25,Not Foraging,0.31,31,Observed
03/08/2018,P073,0,03/08/2018,10.3,03/08/2018,12.01,Not Foraging,1.31,91,Observed
03/08/2018,P073,0,03/08/2018,12.53,03/08/2018,14.05,Not Foraging,1.12,72,Observed
03/08/2018,P073,0,03/08/2018,15.13,03/08/2018,15.39,Not Foraging,0.26,26,Observed
04/08/2018,P073,0,04/08/2018,8.01,04/08/2018,12.41,Not Foraging,4.4,244,Observed
05/08/2018,P073,0,05/08/2018,7.22,05/08/2018,16.23,Foraging,9.01,541,Observed
14/08/2018,P073,0,14/08/2018,10.55,14/08/2018,12.17,Not Foraging,1.22,82,Observed
17/08/2018,P073,0,17/08/2018,8.12,17/08/2018,9.06,Not Foraging,0.54,54,Observed
17/08/2018,P073,0,17/08/2018,16.43,17/08/2018,17.32,Not Foraging,0.49,49,Observed
18/08/2018,P073,0,18/08/2018,9.36,18/08/2018,17.07,Foraging,7.31,451,Observed
24/08/2018,P073,0,24/08/2018,6.56,24/08/2018,9.43,Foraging,2.47,167,Observed
25/08/2018,P073,0,25/08/2018,9.29,25/08/2018,17.45,Not Foraging,8.16,496,Observed
28/08/2018,P073,0,28/08/2018,16.08,28/08/2018,17.58,Not Foraging,1.5,65,Observed
26/07/2018,P055,0,26/07/2018,10.3,26/07/2018,11.27,Foraging,0.57,57,Observed
29/07/2018,P055,0,29/07/2018,10.28,29/07/2018,11.43,Not Foraging,1.15,75,Observed
29/07/2018,P055,0,29/07/2018,13.19,29/07/2018,14.23,Not Foraging,1.04,64,Observed
31/07/2018,P055,0,31/07/2018,9.46,31/07/2018,10.1,Not Foraging,0.24,24,Observed
04/08/2018,P055,0,04/08/2018,10.24,04/08/2018,10.58,Not Foraging,0.34,34,Observed
06/08/2018,P055,0,06/08/2018,16.05,06/08/2018,16.4,Not Foraging,0.35,35,Observed
07/08/2018,P055,0,07/08/2018,8.27,07/08/2018,14.18,Foraging,5.51,351,Observed
07/08/2018,P055,0,07/08/2018,15.03,07/08/2018,15.22,Not Foraging,0.19,19,Observed
10/08/2018,P055,0,10/08/2018,14.47,10/08/2018,15.14,Not Foraging,0.27,27,Observed
10/08/2018,P055,0,10/08/2018,9.12,10/08/2018,9.36,Not Foraging,0.24,24,Observed
15/08/2018,P055,0,15/08/2018,13.13,15/08/2018,14.04,Not Foraging,0.51,51,Observed
16/08/2018,P055,0,16/08/2018,11.1,16/08/2018,11.56,Not Foraging,0.46,46,Observed
22/08/2018,P055,0,22/08/2018,8.14,22/08/2018,8.58,Not Foraging,0.44,44,Observed
27/08/2018,P055,0,27/08/2018,13.35,27/08/2018,13.54,Not Foraging,0.19,19,Observed
01/09/2018,P055,0,01/09/2018,7.54,01/09/2018,8.57,Foraging,1.03,63,Observed
25/07/2018,P042,0,25/07/2018,15.03,25/07/2018,15.19,Not Foraging,0.16,16,Observed
25/07/2018,P042,0,25/07/2018,8.4,25/07/2018,8.52,Not Foraging,0.12,12,Observed
27/07/2018,P042,0,27/07/2018,8.28,27/07/2018,16.35,Foraging,8.07,487,Observed
28/07/2018,P042,0,28/07/2018,6.58,28/07/2018,7.25,Not Foraging,0.27,27,Observed
29/07/2018,P042,0,29/07/2018,14.56,29/07/2018,15.03,Not Foraging,0.07,7,Observed
30/07/2018,P042,0,30/07/2018,6.5,30/07/2018,7.22,Not Foraging,0.32,32,Observed
31/07/2018,P042,0,31/07/2018,10.47,31/07/2018,11.42,Not Foraging,0.55,55,Observed
01/08/2018,P042,0,01/08/2018,15.32,01/08/2018,16.1,Not Foraging,0.38,38,Observed
03/08/2018,P042,0,03/08/2018,7.5,03/08/2018,8.04,Not Foraging,0.14,14,Observed
07/08/2018,P042,0,07/08/2018,8.06,07/08/2018,8.23,Not Foraging,0.17,17,Observed
08/08/2018,P042,0,08/08/2018,8.37,08/08/2018,8.54,Foraging,0.17,17,Observed
08/08/2018,P042,0,08/08/2018,14.51,08/08/2018,15.03,Not Foraging,0.12,12,Observed
09/08/2018,P042,0,09/08/2018,7.07,09/08/2018,7.23,Not Foraging,0.16,16,Observed
10/08/2018,P042,0,10/08/2018,12.36,10/08/2018,16.32,Not Foraging,3.56,236,Observed
13/08/2018,P042,0,13/08/2018,9.22,13/08/2018,16.5,Foraging,7.28,448,Observed
19/08/2018,P042,0,19/08/2018,12.55,19/08/2018,13.11,Not Foraging,0.16,16,Observed
27/08/2018,P042,0,27/08/2018,10.1,27/08/2018,15.1,Foraging,5.0,300,Observed
30/08/2018,P042,0,30/08/2018,15.07,30/08/2018,15.34,Not Foraging,0.27,27,Observed
31/08/2018,P042,0,31/08/2018,14.5,31/08/2018,15.2,Not Foraging,0.3,3,Observed
23/07/2018,P010,0,23/07/2018,6.31,23/07/2018,7.38,Foraging,1.07,67,Observed
24/07/2018,P010,0,24/07/2018,6.07,24/07/2018,6.54,Foraging,0.47,47,Observed
25/07/2018,P010,0,25/07/2018,7.46,25/07/2018,8.07,Foraging,0.21,21,Observed
26/07/2018,P010,0,26/07/2018,8.52,31/07/2018,10.0,Not Foraging,121.08,3668,Estimated
05/08/2018,P010,0,05/08/2018,7.13,05/08/2018,8.11,Foraging,0.58,58,Observed
06/08/2018,P010,0,06/08/2018,17.27,06/08/2018,17.32,Foraging,0.05,5,Observed
09/08/2018,P010,0,09/08/2018,7.24,09/08/2018,17.5,Not Foraging,10.26,626,Observed
09/08/2018,P010,0,09/08/2018,6.17,09/08/2018,6.45,Foraging,0.28,28,Observed
10/08/2018,P010,0,10/08/2018,6.56,10/08/2018,7.37,Foraging,0.41,41,Observed
13/08/2018,P010,0,13/08/2018,7.06,13/08/2018,11.51,Foraging,4.45,285,Observed
13/08/2018,P010,0,13/08/2018,15.36,13/08/2018,17.56,Foraging,2.2,122,Observed
21/08/2018,P010,0,21/08/2018,14.17,21/08/2018,14.36,Foraging,0.19,19,Observed
27/08/2018,P010,0,27/08/2018,9.49,27/08/2018,17.4,Foraging,7.51,471,Observed
01/09/2018,P010,0,01/09/2018,7.51,01/09/2018,10.57,Foraging,3.06,186,Observed
23/07/2018,P015,0,23/07/2018,14.33,23/07/2018,14.42,Not Foraging,0.09,9,Observed
25/07/2018,P015,0,25/07/2018,15.06,25/07/2018,15.22,Not Foraging,0.16,16,Observed
26/07/2018,P015,0,26/07/2018,15.28,26/07/2018,15.47,Not Foraging,0.19,19,Observed
27/07/2018,P015,0,27/07/2018,6.59,27/07/2018,8.0,Foraging,1.01,61,Observed
30/07/2018,P015,0,30/07/2018,15.15,30/07/2018,15.3,Not Foraging,0.15,15,Observed
31/07/2018,P015,0,31/07/2018,9.49,31/07/2018,10.1,Not Foraging,0.21,21,Observed
03/08/2018,P015,0,03/08/2018,16.2,03/08/2018,16.59,Not Foraging,0.39,39,Observed
10/08/2018,P015,0,10/08/2018,15.2,10/08/2018,16.3,Foraging,1.1,61,Observed
13/08/2018,P015,0,13/08/2018,9.04,13/08/2018,10.55,Foraging,1.51,111,Observed
13/08/2018,P015,0,13/08/2018,14.03,13/08/2018,14.39,Not Foraging,0.36,36,Observed
15/08/2018,P015,0,15/08/2018,7.38,15/08/2018,9.07,Foraging,1.29,89,Observed
24/08/2018,P015,0,24/08/2018,13.23,24/08/2018,15.09,Foraging,1.46,106,Observed
27/08/2018,P015,0,27/08/2018,9.52,27/08/2018,17.4,Foraging,7.48,468,Observed
01/09/2018,P015,0,01/09/2018,7.51,01/09/2018,10.57,Foraging,3.06,186,Observed
01/09/2018,P015,0,01/09/2018,16.2,01/09/2018,16.38,Foraging,0.18,18,Observed
25/07/2018,P071,0,25/07/2018,17.07,25/07/2018,17.19,Not Foraging,0.12,12,Observed
26/07/2018,P071,0,26/07/2018,9.38,26/07/2018,12.55,Foraging,3.17,197,Observed
30/07/2018,P071,0,30/07/2018,15.21,30/07/2018,15.36,Not Foraging,0.15,15,Observed
02/08/2018,P071,0,02/08/2018,9.51,02/08/2018,9.59,Not Foraging,0.08,8,Observed
03/08/2018,P071,0,03/08/2018,14.26,03/08/2018,14.34,Not Foraging,0.08,8,Observed
07/08/2018,P071,0,07/08/2018,14.59,07/08/2018,15.31,Not Foraging,0.32,32,Observed
15/08/2018,P071,0,15/08/2018,15.0,15/08/2018,15.43,Not Foraging,0.43,43,Observed
16/08/2018,P071,0,16/08/2018,8.16,16/08/2018,16.05,Foraging,7.49,469,Observed
20/08/2018,P071,0,20/08/2018,6.54,20/08/2018,7.22,Foraging,0.28,28,Observed
26/08/2018,P071,0,26/08/2018,13.36,26/08/2018,14.48,Not Foraging,1.12,72,Observed
26/07/2018,P017,0,26/07/2018,15.32,26/07/2018,16.51,Not Foraging,1.19,79,Observed
01/08/2018,P017,0,01/08/2018,12.03,01/08/2018,18.01,Foraging,5.58,358,Observed
01/08/2018,P017,0,01/08/2018,7.31,01/08/2018,9.51,Foraging,2.2,122,Observed
06/08/2018,P017,0,06/08/2018,6.56,06/08/2018,9.33,Foraging,2.37,157,Observed
10/08/2018,P017,0,10/08/2018,6.46,10/08/2018,8.54,Foraging,2.08,128,Observed
13/08/2018,P017,0,13/08/2018,8.02,13/08/2018,10.51,Foraging,2.49,169,Observed
13/08/2018,P017,0,13/08/2018,15.38,13/08/2018,16.46,Foraging,1.08,68,Observed
14/08/2018,P017,0,14/08/2018,1.48,14/08/2018,9.48,Foraging,8.0,480,Observed
14/08/2018,P017,0,14/08/2018,10.53,14/08/2018,14.4,Foraging,3.47,227,Observed
15/08/2018,P017,0,15/08/2018,6.5,15/08/2018,7.34,Foraging,0.44,44,Observed
16/08/2018,P017,0,16/08/2018,10.13,16/08/2018,16.14,Not Foraging,6.01,361,Observed
25/08/2018,P017,0,25/08/2018,9.31,25/08/2018,13.05,Foraging,3.34,214,Observed
30/08/2018,P017,0,30/08/2018,9.08,30/08/2018,12.17,Not Foraging,3.09,189,Observed
01/09/2018,P017,0,01/09/2018,10.28,01/09/2018,10.47,Foraging,0.19,19,Observed
25/07/2018,P005,0,25/07/2018,11.06,25/07/2018,11.13,Not Foraging,0.07,7,Observed
27/07/2018,P005,0,27/07/2018,8.59,27/07/2018,16.35,Foraging,7.36,456,Observed
28/07/2018,P005,0,28/07/2018,9.32,28/07/2018,9.4,Not Foraging,0.08,8,Observed
31/07/2018,P005,0,31/07/2018,12.41,31/07/2018,12.54,Foraging,0.13,13,Observed
01/08/2018,P005,0,01/08/2018,7.09,01/08/2018,8.53,Foraging,1.44,104,Observed
01/08/2018,P005,0,01/08/2018,16.09,01/08/2018,16.54,Foraging,0.45,45,Observed
02/08/2018,P005,0,02/08/2018,7.52,02/08/2018,9.52,Foraging,2.0,120,Observed
02/08/2018,P005,0,02/08/2018,6.27,02/08/2018,7.38,Foraging,1.11,71,Observed
03/08/2018,P005,0,03/08/2018,6.59,03/08/2018,7.31,Foraging,0.32,32,Observed
04/08/2018,P005,0,04/08/2018,7.03,04/08/2018,7.43,Foraging,0.4,4,Observed
05/08/2018,P005,0,05/08/2018,6.58,05/08/2018,7.27,Foraging,0.29,29,Observed
06/08/2018,P005,0,06/08/2018,6.45,06/08/2018,7.39,Foraging,0.54,54,Observed
07/08/2018,P005,0,07/08/2018,6.55,07/08/2018,7.32,Foraging,0.37,37,Observed
08/08/2018,P005,0,08/08/2018,7.59,08/08/2018,8.44,Foraging,0.45,45,Observed
09/08/2018,P005,0,09/08/2018,8.48,09/08/2018,12.53,Foraging,4.05,245,Observed
09/08/2018,P005,0,09/08/2018,7.04,09/08/2018,7.36,Foraging,0.32,32,Observed
10/08/2018,P005,0,10/08/2018,12.34,10/08/2018,16.32,Foraging,3.58,238,Observed
10/08/2018,P005,0,10/08/2018,6.46,10/08/2018,7.15,Foraging,0.29,29,Observed
11/08/2018,P005,0,11/08/2018,20.19,11/08/2018,1.17,Foraging,4.58,298,Observed
12/08/2018,P005,0,12/08/2018,23.32,12/08/2018,3.28,Foraging,3.56,236,Observed
13/08/2018,P005,0,13/08/2018,9.28,13/08/2018,11.41,Foraging,2.13,133,Observed
13/08/2018,P005,0,13/08/2018,12.46,13/08/2018,13.39,Foraging,0.53,53,Observed
14/08/2018,P005,0,14/08/2018,8.03,14/08/2018,13.28,Foraging,5.25,325,Observed
14/08/2018,P005,0,14/08/2018,16.58,14/08/2018,17.58,Foraging,1.0,60,Observed
15/08/2018,P005,0,15/08/2018,6.42,15/08/2018,8.0,Foraging,1.18,78,Observed
17/08/2018,P005,0,17/08/2018,8.23,17/08/2018,8.26,Not Foraging,0.03,3,Observed
21/08/2018,P005,0,21/08/2018,7.12,21/08/2018,7.21,Foraging,0.09,9,Observed
24/08/2018,P005,0,24/08/2018,6.35,24/08/2018,7.26,Foraging,0.51,51,Observed
25/08/2018,P005,0,25/08/2018,6.35,25/08/2018,7.29,Foraging,0.54,54,Observed
25/08/2018,P005,0,25/08/2018,16.32,25/08/2018,16.56,Foraging,0.24,24,Observed
26/08/2018,P005,0,26/08/2018,8.07,26/08/2018,17.55,Not Foraging,9.48,588,Observed
26/08/2018,P005,0,26/08/2018,6.4,26/08/2018,7.49,Foraging,1.09,69,Observed
27/08/2018,P005,0,27/08/2018,7.29,27/08/2018,10.05,Foraging,2.36,156,Observed
29/08/2018,P005,0,29/08/2018,7.42,29/08/2018,8.48,Foraging,1.06,66,Observed
30/08/2018,P005,0,30/08/2018,20.23,30/08/2018,23.16,Foraging,2.53,173,Observed
30/08/2018,P005,0,30/08/2018,8.56,30/08/2018,9.05,Foraging,0.09,9,Observed
30/08/2018,P005,0,30/08/2018,13.41,30/08/2018,13.5,Foraging,0.09,9,Observed
01/09/2018,P005,0,01/09/2018,5.57,01/09/2018,6.49,Foraging,0.52,52,Observed
02/09/2018,P005,0,02/09/2018,6.28,02/09/2018,7.2,Foraging,0.52,52,Observed
29/07/2018,P040,0,29/07/2018,14.58,29/07/2018,16.26,Foraging,1.28,88,Observed
01/08/2018,P040,0,01/08/2018,7.58,01/08/2018,14.59,Foraging,7.01,421,Observed
04/08/2018,P040,0,04/08/2018,7.03,04/08/2018,10.14,Foraging,3.11,191,Observed
06/08/2018,P040,0,06/08/2018,6.51,06/08/2018,10.13,Foraging,3.22,202,Observed
07/08/2018,P040,0,07/08/2018,9.27,07/08/2018,16.57,Foraging,7.3,423,Observed
08/08/2018,P040,0,08/08/2018,13.11,08/08/2018,14.44,Not Foraging,1.33,93,Observed
09/08/2018,P040,0,09/08/2018,8.12,09/08/2018,15.02,Foraging,6.5,365,Observed
10/08/2018,P040,0,10/08/2018,6.41,10/08/2018,13.03,Foraging,6.22,382,Observed
11/08/2018,P040,0,11/08/2018,7.46,11/08/2018,15.14,Foraging,7.28,448,Observed
13/08/2018,P040,0,13/08/2018,9.47,13/08/2018,16.35,Foraging,6.48,408,Observed
16/08/2018,P040,0,16/08/2018,8.16,16/08/2018,10.18,Foraging,2.02,122,Observed
21/08/2018,P040,0,21/08/2018,12.17,21/08/2018,16.23,Foraging,4.06,246,Observed
21/08/2018,P040,0,21/08/2018,9.18,21/08/2018,10.03,Foraging,0.45,45,Observed
25/08/2018,P040,0,25/08/2018,9.49,25/08/2018,16.18,Foraging,6.29,389,Observed
28/08/2018,P040,0,28/08/2018,8.51,28/08/2018,17.05,Not Foraging,8.14,494,Observed
29/08/2018,P040,0,29/08/2018,11.3,29/08/2018,17.04,Foraging,5.34,334,Observed
30/08/2018,P040,0,30/08/2018,12.55,30/08/2018,16.22,Foraging,3.27,207,Observed
01/09/2018,P040,0,01/09/2018,7.57,01/09/2018,15.15,Not Foraging,7.18,438,Observed
02/09/2018,P040,0,02/09/2018,7.52,02/09/2018,14.17,Foraging,6.25,385,Observed
26/07/2018,P036,0,26/07/2018,11.47,26/07/2018,12.39,Not Foraging,0.52,52,Observed
06/08/2018,P036,0,06/08/2018,14.11,06/08/2018,16.55,Foraging,2.44,164,Observed
06/08/2018,P036,0,06/08/2018,10.49,06/08/2018,13.07,Foraging,2.18,138,Observed
10/08/2018,P036,0,10/08/2018,11.06,10/08/2018,12.26,Foraging,1.2,62,Observed
12/08/2018,P036,0,12/08/2018,8.03,12/08/2018,8.15,Not Foraging,0.12,12,Observed
13/08/2018,P036,0,13/08/2018,9.56,13/08/2018,16.35,Foraging,6.39,399,Observed
19/08/2018,P036,0,19/08/2018,7.3,19/08/2018,12.52,Foraging,5.22,322,Observed
21/08/2018,P036,0,21/08/2018,12.15,21/08/2018,16.23,Foraging,4.08,248,Observed
24/08/2018,P036,0,24/08/2018,7.01,24/08/2018,7.52,Not Foraging,0.51,51,Observed
25/08/2018,P036,0,25/08/2018,10.0,25/08/2018,16.18,Foraging,6.18,378,Observed
28/08/2018,P036,0,28/08/2018,6.42,28/08/2018,7.29,Foraging,0.47,47,Observed
01/09/2018,P036,0,01/09/2018,6.1,01/09/2018,13.02,Foraging,6.52,412,Observed
24/07/2018,P031,0,24/07/2018,8.37,24/07/2018,10.44,Not Foraging,2.07,127,Observed
24/07/2018,P031,0,24/07/2018,12.55,24/07/2018,13.29,Not Foraging,0.34,34,Observed
25/07/2018,P031,0,25/07/2018,12.55,25/07/2018,14.0,Not Foraging,1.05,65,Observed
28/07/2018,P031,0,28/07/2018,13.13,28/07/2018,17.28,Foraging,4.15,255,Observed
28/07/2018,P031,0,28/07/2018,8.29,28/07/2018,9.01,Not Foraging,0.32,32,Observed
28/07/2018,P031,0,28/07/2018,9.34,28/07/2018,9.48,Not Foraging,0.14,14,Observed
28/07/2018,P031,0,28/07/2018,10.1,28/07/2018,10.15,Not Foraging,0.05,5,Observed
30/07/2018,P031,0,30/07/2018,7.05,30/07/2018,8.59,Foraging,1.54,114,Observed
31/07/2018,P031,0,31/07/2018,7.3,31/07/2018,9.0,Foraging,1.3,63,Observed
03/08/2018,P031,0,03/08/2018,5.38,03/08/2018,6.59,Foraging,1.21,81,Observed
05/08/2018,P031,0,05/08/2018,7.11,05/08/2018,8.59,Foraging,1.48,108,Observed
08/08/2018,P031,0,08/08/2018,7.39,08/08/2018,10.23,Foraging,2.44,164,Observed
08/08/2018,P031,0,08/08/2018,14.47,08/08/2018,16.46,Foraging,1.59,119,Observed
10/08/2018,P031,0,10/08/2018,7.29,10/08/2018,9.11,Foraging,1.42,102,Observed
10/08/2018,P031,0,10/08/2018,12.29,10/08/2018,13.33,Foraging,1.04,64,Observed
12/08/2018,P031,0,12/08/2018,8.43,12/08/2018,13.35,Foraging,4.52,292,Observed
14/08/2018,P031,0,14/08/2018,13.09,14/08/2018,13.19,Foraging,0.1,1,Observed
16/08/2018,P031,0,16/08/2018,15.3,16/08/2018,17.26,Foraging,1.56,116,Observed
17/08/2018,P031,0,17/08/2018,11.57,17/08/2018,16.16,Foraging,4.19,259,Observed
25/08/2018,P031,0,25/08/2018,8.0,25/08/2018,10.35,Foraging,2.35,155,Observed
28/08/2018,P031,0,28/08/2018,8.55,28/08/2018,17.09,Foraging,8.14,494,Observed
29/08/2018,P031,0,29/08/2018,10.12,29/08/2018,10.33,Foraging,0.21,21,Observed
02/09/2018,P031,0,02/09/2018,8.16,02/09/2018,14.23,Foraging,6.07,367,Observed
24/07/2018,P079,0,24/07/2018,8.58,24/07/2018,10.48,Not Foraging,1.5,65,Observed
25/07/2018,P079,0,25/07/2018,10.54,25/07/2018,13.15,Not Foraging,2.21,141,Observed
28/07/2018,P079,0,28/07/2018,13.18,28/07/2018,13.42,Not Foraging,0.24,24,Observed
31/07/2018,P079,0,31/07/2018,13.17,31/07/2018,13.52,Not Foraging,0.35,35,Observed
31/07/2018,P079,0,31/07/2018,15.53,31/07/2018,16.22,Not Foraging,0.29,29,Observed
05/08/2018,P079,0,05/08/2018,12.54,05/08/2018,16.01,Foraging,3.07,187,Observed
05/08/2018,P079,0,05/08/2018,12.03,05/08/2018,12.4,Not Foraging,0.37,37,Observed
08/08/2018,P079,0,08/08/2018,8.37,08/08/2018,9.54,Not Foraging,1.17,77,Observed
16/08/2018,P079,0,16/08/2018,13.3,16/08/2018,14.45,Foraging,1.15,75,Observed
16/08/2018,P079,0,16/08/2018,7.34,16/08/2018,8.31,Not Foraging,0.57,57,Observed
16/08/2018,P079,0,16/08/2018,9.1,16/08/2018,9.58,Foraging,0.48,48,Observed
18/08/2018,P079,0,18/08/2018,9.24,18/08/2018,10.06,Not Foraging,0.42,42,Observed
18/08/2018,P079,0,18/08/2018,14.03,18/08/2018,14.25,Not Foraging,0.22,22,Observed
20/08/2018,P079,0,20/08/2018,7.58,20/08/2018,11.11,Foraging,3.13,193,Observed
25/08/2018,P079,0,25/08/2018,8.08,25/08/2018,8.25,Not Foraging,0.17,17,Observed
28/08/2018,P079,0,28/08/2018,8.55,28/08/2018,17.09,Foraging,8.14,494,Observed
09/08/2018,P020,0,09/08/2018,9.06,09/08/2018,9.49,Not Foraging,0.43,43,Observed
09/08/2018,P020,0,09/08/2018,11.08,09/08/2018,11.23,Foraging,0.15,15,Observed
10/08/2018,P020,0,10/08/2018,12.19,10/08/2018,13.27,Not Foraging,1.08,68,Observed
29/08/2018,P020,0,29/08/2018,14.59,29/08/2018,15.15,Foraging,0.16,16,Observed
30/08/2018,P020,0,30/08/2018,15.24,30/08/2018,15.45,Foraging,0.21,21,Observed
26/07/2018,P018,0,26/07/2018,7.29,26/07/2018,7.34,Not Foraging,0.05,5,Observed
05/08/2018,P018,0,05/08/2018,7.33,05/08/2018,8.0,Foraging,0.27,27,Observed
14/08/2018,P018,0,14/08/2018,12.0,14/08/2018,12.41,Not Foraging,0.41,41,Observed
17/08/2018,P018,0,17/08/2018,8.07,17/08/2018,8.24,Foraging,0.17,17,Observed
01/09/2018,P018,0,01/09/2018,12.14,01/09/2018,12.47,Foraging,0.33,33,Observed
10/08/2018,P026,0,10/08/2018,12.02,10/08/2018,14.51,Foraging,2.49,169,Observed
10/08/2018,P026,0,10/08/2018,7.35,10/08/2018,8.15,Foraging,0.4,4,Observed
18/08/2018,P026,0,18/08/2018,7.42,18/08/2018,8.02,Foraging,0.2,2,Observed
19/08/2018,P026,0,19/08/2018,7.41,19/08/2018,7.53,Foraging,0.12,12,Observed
20/08/2018,P026,0,20/08/2018,7.43,20/08/2018,8.07,Foraging,0.24,24,Observed
31/07/2018,P074,0,31/07/2018,12.41,31/07/2018,13.5,Foraging,1.09,69,Observed
04/08/2018,P074,0,04/08/2018,14.25,05/08/2018,13.49,Not Foraging,23.24,684,Estimated
09/08/2018,P074,0,09/08/2018,10.11,09/08/2018,10.24,Foraging,0.13,13,Observed
13/08/2018,P074,0,13/08/2018,13.19,13/08/2018,13.28,Not Foraging,0.09,9,Observed
16/08/2018,P074,0,16/08/2018,15.27,16/08/2018,15.57,Foraging,0.3,3,Observed
18/08/2018,P074,0,18/08/2018,9.17,18/08/2018,9.5,Foraging,0.33,33,Observed
21/08/2018,P074,0,21/08/2018,9.43,22/08/2018,17.44,Not Foraging,32.01,1201,Estimated
10/08/2018,P056,0,10/08/2018,10.43,10/08/2018,11.03,Foraging,0.2,2,Observed
01/09/2018,P056,0,01/09/2018,6.1,01/09/2018,11.35,Foraging,5.25,325,Observed
13/08/2018,P051,0,13/08/2018,16.4,13/08/2018,17.17,Foraging,0.37,37,Observed
22/08/2018,P051,0,22/08/2018,10.07,22/08/2018,10.47,Foraging,0.4,4,Observed
25/08/2018,P051,0,25/08/2018,9.17,25/08/2018,9.52,Foraging,0.35,35,Observed
26/08/2018,P051,0,26/08/2018,9.08,26/08/2018,9.51,Foraging,0.43,43,Observed
27/08/2018,P051,0,27/08/2018,10.17,27/08/2018,11.2,Foraging,1.03,63,Observed
23/07/2018,P059,0,23/07/2018,7.14,23/07/2018,8.38,Foraging,1.24,84,Observed
24/07/2018,P059,0,24/07/2018,6.14,24/07/2018,7.46,Foraging,1.32,92,Observed
26/07/2018,P059,0,26/07/2018,12.56,26/07/2018,15.18,Foraging,2.22,142,Observed
26/07/2018,P059,0,26/07/2018,7.29,26/07/2018,9.21,Foraging,1.52,112,Observed
28/07/2018,P059,0,28/07/2018,9.12,28/07/2018,14.04,Foraging,4.52,292,Observed
28/07/2018,P059,0,28/07/2018,14.55,28/07/2018,15.07,Foraging,0.12,12,Observed
01/08/2018,P059,0,01/08/2018,20.4,01/08/2018,2.39,Foraging,5.59,359,Observed
02/08/2018,P059,0,02/08/2018,7.31,02/08/2018,8.36,Foraging,1.05,65,Observed
03/08/2018,P059,0,03/08/2018,10.38,03/08/2018,15.39,Foraging,5.01,301,Observed
03/08/2018,P059,0,03/08/2018,16.22,03/08/2018,18.28,Foraging,2.06,126,Observed
08/08/2018,P059,0,08/08/2018,14.59,09/08/2018,13.0,Not Foraging,22.01,601,Estimated
10/08/2018,P059,0,10/08/2018,7.47,10/08/2018,9.07,Foraging,1.2,62,Observed
10/08/2018,P059,0,10/08/2018,12.39,10/08/2018,13.26,Foraging,0.47,47,Observed
13/08/2018,P059,0,13/08/2018,16.3,13/08/2018,17.17,Foraging,0.47,47,Observed
15/08/2018,P059,0,15/08/2018,20.51,15/08/2018,1.11,Foraging,4.2,242,Observed
15/08/2018,P059,0,15/08/2018,11.13,15/08/2018,12.04,Foraging,0.51,51,Observed
17/08/2018,P059,0,17/08/2018,9.15,17/08/2018,9.43,Not Foraging,0.28,28,Observed
21/08/2018,P059,0,21/08/2018,15.36,21/08/2018,17.57,Foraging,2.21,141,Observed
24/08/2018,P059,0,24/08/2018,7.4,24/08/2018,12.12,Foraging,4.32,272,Observed
24/08/2018,P059,0,24/08/2018,21.11,24/08/2018,23.36,Foraging,2.25,145,Observed
26/08/2018,P059,0,26/08/2018,4.14,26/08/2018,7.02,Foraging,2.48,168,Observed
28/08/2018,P059,0,28/08/2018,10.47,28/08/2018,13.09,Foraging,2.22,142,Observed
30/08/2018,P059,0,30/08/2018,6.47,30/08/2018,7.42,Foraging,0.55,55,Observed
23/07/2018,P009,0,23/07/2018,13.31,23/07/2018,14.42,Not Foraging,1.11,71,Observed
25/07/2018,P009,0,25/07/2018,12.38,25/07/2018,12.53,Not Foraging,0.15,15,Observed
31/07/2018,P009,0,31/07/2018,12.39,31/07/2018,12.49,Not Foraging,0.1,1,Observed
10/08/2018,P009,0,10/08/2018,9.31,10/08/2018,10.0,Not Foraging,0.29,29,Observed
14/08/2018,P009,0,14/08/2018,10.45,14/08/2018,11.32,Not Foraging,0.47,47,Observed
14/08/2018,P009,0,14/08/2018,9.05,14/08/2018,9.2,Not Foraging,0.15,15,Observed
24/08/2018,P009,0,24/08/2018,14.31,24/08/2018,14.59,Foraging,0.28,28,Observed
31/07/2018,P002,0,31/07/2018,8.14,31/07/2018,8.16,Foraging,0.02,2,Observed
06/08/2018,P002,0,06/08/2018,10.39,06/08/2018,12.23,Foraging,1.44,104,Observed
07/08/2018,P002,0,07/08/2018,8.43,07/08/2018,14.18,Foraging,5.35,335,Observed
23/07/2018,P014,0,23/07/2018,15.41,23/07/2018,15.52,,0.11,11,Observed
10/08/2018,P014,0,10/08/2018,7.41,10/08/2018,8.58,Foraging,1.17,77,Observed
19/08/2018,P014,0,19/08/2018,10.03,19/08/2018,10.54,Foraging,0.51,51,Observed
28/07/2018,P061,0,28/07/2018,16.13,28/07/2018,16.45,Not Foraging,0.32,32,Observed
06/08/2018,P061,0,06/08/2018,16.32,06/08/2018,16.56,Not Foraging,0.24,24,Observed
20/08/2018,P061,0,20/08/2018,9.44,20/08/2018,10.51,Foraging,1.07,67,Observed
24/08/2018,P061,0,24/08/2018,9.46,24/08/2018,10.03,Not Foraging,0.17,17,Observed
27/08/2018,P061,0,27/08/2018,13.35,27/08/2018,13.58,Not Foraging,0.23,23,Observed
31/07/2018,P039,0,31/07/2018,12.21,31/07/2018,16.05,Not Foraging,3.44,224,Observed
01/08/2018,P039,0,01/08/2018,6.56,01/08/2018,7.15,Not Foraging,0.19,19,Observed
03/08/2018,P039,0,03/08/2018,8.08,03/08/2018,8.29,Not Foraging,0.21,21,Observed
04/08/2018,P039,0,04/08/2018,16.1,04/08/2018,16.56,Not Foraging,0.46,46,Observed
07/08/2018,P039,0,07/08/2018,10.54,07/08/2018,16.49,Foraging,5.55,355,Observed
07/08/2018,P039,0,07/08/2018,8.39,07/08/2018,9.46,Foraging,1.07,67,Observed
09/08/2018,P039,0,09/08/2018,9.46,09/08/2018,16.53,Foraging,7.07,427,Observed
12/08/2018,P039,0,12/08/2018,8.06,12/08/2018,9.21,Not Foraging,1.15,75,Observed
16/08/2018,P039,0,16/08/2018,10.26,16/08/2018,16.51,Foraging,6.25,385,Observed
20/08/2018,P039,0,20/08/2018,9.08,20/08/2018,17.14,Foraging,8.06,486,Observed
23/08/2018,P039,0,23/08/2018,9.1,23/08/2018,10.24,Not Foraging,1.14,74,Observed
25/08/2018,P039,0,25/08/2018,9.32,25/08/2018,16.37,Foraging,7.05,425,Observed
31/08/2018,P039,0,31/08/2018,6.0,31/08/2018,13.15,Foraging,7.15,435,Observed
24/07/2018,P043,1,24/07/2018,6.08,24/07/2018,6.19,Foraging,0.11,11,Observed
26/07/2018,P043,1,26/07/2018,7.2,26/07/2018,7.41,Foraging,0.21,21,Observed
27/07/2018,P043,1,27/07/2018,7.07,27/07/2018,8.19,Foraging,1.12,72,Observed
28/07/2018,P043,1,28/07/2018,8.14,28/07/2018,8.43,Foraging,0.29,29,Observed
02/08/2018,P043,1,02/08/2018,6.23,02/08/2018,6.4,Foraging,0.17,17,Observed
04/08/2018,P043,1,04/08/2018,5.41,04/08/2018,5.59,Foraging,0.18,18,Observed
07/08/2018,P043,1,07/08/2018,6.42,07/08/2018,7.19,Foraging,0.37,37,Observed
18/08/2018,P043,1,18/08/2018,6.49,18/08/2018,7.33,Foraging,0.44,44,Observed
24/08/2018,P043,1,24/08/2018,7.1,24/08/2018,8.33,Foraging,1.23,83,Observed
23/07/2018,P024,1,23/07/2018,6.57,23/07/2018,7.42,Foraging,0.45,45,Observed
18/08/2018,P024,1,18/08/2018,6.49,18/08/2018,7.33,Foraging,0.44,44,Observed
19/08/2018,P024,1,19/08/2018,6.24,19/08/2018,7.29,Foraging,1.05,65,Observed
23/08/2018,P024,1,23/08/2018,7.16,23/08/2018,15.2,Foraging,8.04,484,Observed
25/08/2018,P024,1,25/08/2018,7.29,25/08/2018,7.44,Foraging,0.15,15,Observed
26/08/2018,P024,1,26/08/2018,6.34,26/08/2018,7.47,Foraging,1.13,73,Observed
30/08/2018,P024,1,30/08/2018,6.01,30/08/2018,6.12,Foraging,0.11,11,Observed
01/09/2018,P024,1,01/09/2018,6.39,01/09/2018,11.26,Foraging,4.47,287,Observed
02/09/2018,P024,1,02/09/2018,7.22,02/09/2018,17.21,Foraging,9.59,599,Observed
23/07/2018,P052,1,23/07/2018,7.13,23/07/2018,7.42,Foraging,0.29,29,Observed
02/09/2018,P052,1,02/09/2018,7.22,02/09/2018,8.56,Foraging,1.34,94,Observed
23/07/2018,P037,1,23/07/2018,7.13,23/07/2018,7.27,Foraging,0.14,14,Observed
23/07/2018,P063,1,23/07/2018,7.13,23/07/2018,7.42,Foraging,0.29,29,Observed
28/07/2018,P063,1,28/07/2018,8.14,28/07/2018,8.43,Foraging,0.29,29,Observed
03/08/2018,P063,1,03/08/2018,7.06,03/08/2018,8.28,Foraging,1.22,82,Observed
23/08/2018,P063,1,23/08/2018,7.15,23/08/2018,15.2,Foraging,8.05,485,Observed
26/08/2018,P063,1,26/08/2018,6.34,26/08/2018,7.47,Foraging,1.13,73,Observed
29/08/2018,P063,1,29/08/2018,7.21,29/08/2018,14.36,Foraging,7.15,435,Observed
01/09/2018,P063,1,01/09/2018,9.22,01/09/2018,10.49,Foraging,1.27,87,Observed
01/09/2018,P063,1,01/09/2018,6.42,01/09/2018,7.56,Foraging,1.14,74,Observed
02/09/2018,P063,1,02/09/2018,7.22,02/09/2018,8.56,Foraging,1.34,94,Observed
28/07/2018,P070,1,28/07/2018,8.14,28/07/2018,8.43,Foraging,0.29,29,Observed
23/07/2018,P016,1,23/07/2018,6.57,23/07/2018,7.42,Foraging,0.45,45,Observed
13/08/2018,P016,1,13/08/2018,6.51,13/08/2018,7.0,Foraging,0.09,9,Observed
14/08/2018,P016,1,14/08/2018,7.3,14/08/2018,15.52,Foraging,8.22,502,Observed
23/08/2018,P016,1,23/08/2018,7.16,23/08/2018,15.2,Foraging,8.04,484,Observed
27/08/2018,P016,1,27/08/2018,6.49,27/08/2018,12.19,Foraging,5.3,303,Observed
30/08/2018,P016,1,30/08/2018,6.01,30/08/2018,6.12,Foraging,0.11,11,Observed
01/09/2018,P016,1,01/09/2018,6.38,01/09/2018,7.56,Foraging,1.18,78,Observed
02/09/2018,P016,1,02/09/2018,7.22,02/09/2018,8.56,Foraging,1.34,94,Observed
29/08/2018,P050,1,29/08/2018,7.22,29/08/2018,17.02,Foraging,9.4,544,Observed
01/09/2018,P050,1,01/09/2018,7.48,01/09/2018,13.06,Foraging,5.18,318,Observed
09/08/2018,P028,1,09/08/2018,6.21,09/08/2018,6.38,Foraging,0.17,17,Observed
22/08/2018,P028,1,22/08/2018,2.35,22/08/2018,5.31,Foraging,2.56,176,Observed
29/08/2018,P028,1,29/08/2018,7.22,29/08/2018,17.02,Foraging,9.4,544,Observed
23/08/2018,P072,1,23/08/2018,7.15,23/08/2018,15.2,Foraging,8.05,485,Observed
01/09/2018,P072,1,01/09/2018,6.39,01/09/2018,7.56,Foraging,1.17,77,Observed
23/07/2018,P008,1,23/07/2018,7.24,23/07/2018,7.34,Foraging,0.1,1,Observed
01/09/2018,P008,1,01/09/2018,6.39,01/09/2018,7.56,Foraging,1.17,77,Observed
24/07/2018,P027,1,24/07/2018,6.08,24/07/2018,6.19,Foraging,0.11,11,Observed
26/07/2018,P027,1,26/07/2018,7.2,26/07/2018,7.41,Foraging,0.21,21,Observed
27/07/2018,P027,1,27/07/2018,7.07,27/07/2018,8.19,Foraging,1.12,72,Observed
02/08/2018,P027,1,02/08/2018,6.23,02/08/2018,6.4,Foraging,0.17,17,Observed
04/08/2018,P027,1,04/08/2018,5.41,04/08/2018,5.59,Foraging,0.18,18,Observed
07/08/2018,P027,1,07/08/2018,6.42,07/08/2018,7.19,Foraging,0.37,37,Observed
17/08/2018,P027,1,17/08/2018,6.45,17/08/2018,16.49,Not Foraging,10.04,604,Observed
18/08/2018,P027,1,18/08/2018,6.49,18/08/2018,7.33,Foraging,0.44,44,Observed
20/08/2018,P027,1,20/08/2018,7.1,20/08/2018,9.27,Foraging,2.17,137,Observed
24/08/2018,P027,1,24/08/2018,7.1,24/08/2018,8.33,Foraging,1.23,83,Observed
08/08/2018,P057,1,08/08/2018,6.36,08/08/2018,7.13,Foraging,0.37,37,Observed
12/08/2018,P057,1,12/08/2018,7.3,12/08/2018,14.19,Foraging,6.49,409,Observed
14/08/2018,P057,1,14/08/2018,7.3,14/08/2018,15.52,Foraging,8.22,502,Observed
15/08/2018,P057,1,15/08/2018,6.29,15/08/2018,17.08,Not Foraging,10.39,639,Observed
23/08/2018,P057,1,23/08/2018,7.16,23/08/2018,15.2,Foraging,8.04,484,Observed
25/08/2018,P057,1,25/08/2018,7.29,25/08/2018,7.44,Foraging,0.15,15,Observed
27/08/2018,P057,1,27/08/2018,6.49,27/08/2018,12.19,Foraging,5.3,303,Observed
01/09/2018,P057,1,01/09/2018,6.39,01/09/2018,9.01,Foraging,2.22,142,Observed
03/08/2018,P049,1,03/08/2018,7.06,03/08/2018,8.28,Foraging,1.22,82,Observed
11/08/2018,P049,1,11/08/2018,7.08,11/08/2018,13.45,Foraging,6.37,397,Observed
25/07/2018,P067,1,25/07/2018,8.08,25/07/2018,13.15,Foraging,5.07,307,Observed
31/07/2018,P067,1,31/07/2018,6.39,31/07/2018,6.55,Not Foraging,0.16,16,Observed
12/08/2018,P067,1,12/08/2018,7.3,12/08/2018,14.49,Foraging,7.19,439,Observed
14/08/2018,P067,1,14/08/2018,7.37,14/08/2018,15.52,Foraging,8.15,495,Observed
29/08/2018,P067,1,29/08/2018,7.21,29/08/2018,16.19,Foraging,8.58,538,Observed
28/08/2018,P013,1,28/08/2018,6.56,28/08/2018,16.53,Foraging,9.57,597,Observed
25/07/2018,P069,1,25/07/2018,8.08,25/07/2018,13.15,Foraging,5.07,307,Observed
28/08/2018,P069,1,28/08/2018,6.56,28/08/2018,16.53,Foraging,9.57,597,Observed
29/08/2018,P069,1,29/08/2018,7.16,29/08/2018,16.19,Foraging,9.03,543,Observed
01/09/2018,P073,1,01/09/2018,7.48,01/09/2018,13.31,Foraging,5.43,343,Observed
29/08/2018,P055,1,29/08/2018,7.13,29/08/2018,14.39,Foraging,7.26,446,Observed
29/07/2018,P042,1,29/07/2018,6.4,29/07/2018,6.53,Not Foraging,0.13,13,Observed
29/08/2018,P042,1,29/08/2018,7.13,29/08/2018,14.37,Foraging,7.24,444,Observed
17/08/2018,P010,1,17/08/2018,6.45,17/08/2018,16.49,Not Foraging,10.04,604,Observed
29/07/2018,P015,1,29/07/2018,6.4,29/07/2018,6.49,Not Foraging,0.09,9,Observed
08/08/2018,P015,1,08/08/2018,6.35,08/08/2018,7.18,Foraging,0.43,43,Observed
20/08/2018,P015,1,20/08/2018,7.09,20/08/2018,9.27,Foraging,2.18,138,Observed
24/08/2018,P015,1,24/08/2018,7.15,24/08/2018,8.45,Foraging,1.3,63,Observed
29/07/2018,P071,1,29/07/2018,6.4,29/07/2018,6.53,Not Foraging,0.13,13,Observed
30/07/2018,P071,1,30/07/2018,6.3,30/07/2018,6.53,Foraging,0.23,23,Observed
31/07/2018,P071,1,31/07/2018,6.39,31/07/2018,6.53,Not Foraging,0.14,14,Observed
09/08/2018,P071,1,09/08/2018,6.21,09/08/2018,6.38,Foraging,0.17,17,Observed
12/08/2018,P071,1,12/08/2018,7.3,12/08/2018,14.19,Foraging,6.49,409,Observed
13/08/2018,P071,1,13/08/2018,6.51,13/08/2018,7.0,Foraging,0.09,9,Observed
27/08/2018,P071,1,27/08/2018,6.47,27/08/2018,12.19,Foraging,5.32,332,Observed
29/08/2018,P071,1,29/08/2018,7.19,29/08/2018,17.02,Foraging,9.43,583,Observed
31/08/2018,P071,1,31/08/2018,6.34,31/08/2018,7.07,Not Foraging,0.33,33,Observed
16/08/2018,P017,1,16/08/2018,6.51,16/08/2018,8.24,Foraging,1.33,93,Observed
23/08/2018,P040,1,23/08/2018,7.15,23/08/2018,12.47,Foraging,5.32,332,Observed
23/08/2018,P036,1,23/08/2018,7.11,23/08/2018,12.47,Foraging,5.36,336,Observed
31/08/2018,P036,1,31/08/2018,6.34,31/08/2018,7.07,Not Foraging,0.33,33,Observed
22/08/2018,P020,1,22/08/2018,2.35,22/08/2018,5.31,Foraging,2.56,176,Observed
21/08/2018,P018,1,21/08/2018,6.5,21/08/2018,7.08,Foraging,0.18,18,Observed
23/08/2018,P018,1,23/08/2018,7.18,23/08/2018,15.2,Foraging,8.02,482,Observed
21/08/2018,P026,1,21/08/2018,6.5,21/08/2018,7.08,Foraging,0.18,18,Observed
29/08/2018,P026,1,29/08/2018,7.16,29/08/2018,14.36,Foraging,7.2,422,Observed
19/08/2018,P074,1,19/08/2018,6.24,19/08/2018,7.29,Foraging,1.05,65,Observed
24/08/2018,P074,1,24/08/2018,7.11,24/08/2018,7.59,Foraging,0.48,48,Observed
25/08/2018,P074,1,25/08/2018,7.29,25/08/2018,7.44,Foraging,0.15,15,Observed
26/08/2018,P074,1,26/08/2018,6.34,26/08/2018,7.47,Foraging,1.13,73,Observed
30/08/2018,P074,1,30/08/2018,6.01,30/08/2018,6.12,Foraging,0.11,11,Observed
01/09/2018,P074,1,01/09/2018,9.22,01/09/2018,11.28,Foraging,2.06,126,Observed
02/09/2018,P074,1,02/09/2018,7.22,02/09/2018,17.21,Foraging,9.59,599,Observed
02/09/2018,P056,1,02/09/2018,7.22,02/09/2018,8.56,Foraging,1.34,94,Observed
23/08/2018,P051,1,23/08/2018,7.11,23/08/2018,15.2,Foraging,8.09,489,Observed
30/08/2018,P051,1,30/08/2018,6.01,30/08/2018,6.12,Foraging,0.11,11,Observed
01/09/2018,P051,1,01/09/2018,6.39,01/09/2018,11.28,Foraging,4.49,289,Observed
01/08/2018,P059,1,01/08/2018,6.56,01/08/2018,16.02,Not Foraging,9.06,546,Observed
05/08/2018,P059,1,05/08/2018,6.46,06/08/2018,19.46,Not Foraging,37.0,1500,Estimated
11/08/2018,P059,1,11/08/2018,7.08,11/08/2018,13.45,Foraging,6.37,397,Observed
16/08/2018,P059,1,16/08/2018,6.51,16/08/2018,8.24,Foraging,1.33,93,Observed
29/07/2018,P009,1,29/07/2018,6.4,29/07/2018,6.49,Not Foraging,0.09,9,Observed
31/07/2018,P009,1,31/07/2018,6.39,31/07/2018,6.53,Not Foraging,0.14,14,Observed
01/08/2018,P009,1,01/08/2018,6.57,01/08/2018,16.02,Not Foraging,9.05,545,Observed
05/08/2018,P009,1,05/08/2018,6.46,06/08/2018,19.46,Not Foraging,37.0,1500,Estimated
29/08/2018,P009,1,29/08/2018,7.4,29/08/2018,17.02,Foraging,9.22,562,Observed
31/08/2018,P009,1,31/08/2018,6.34,31/08/2018,7.07,Not Foraging,0.33,33,Observed
23/07/2018,P014,1,23/07/2018,6.57,23/07/2018,7.42,Foraging,0.45,45,Observed
25/07/2018,P014,1,25/07/2018,8.08,25/07/2018,13.15,Foraging,5.07,307,Observed
29/07/2018,P014,1,29/07/2018,6.4,29/07/2018,6.49,Not Foraging,0.09,9,Observed
01/08/2018,P014,1,01/08/2018,6.57,01/08/2018,16.02,Not Foraging,9.05,545,Observed
05/08/2018,P014,1,05/08/2018,6.46,05/08/2018,8.5,Not Foraging,2.04,124,Observed
06/08/2018,P014,1,06/08/2018,6.11,06/08/2018,7.4,Foraging,1.29,89,Observed
14/08/2018,P014,1,14/08/2018,7.3,14/08/2018,15.52,Foraging,8.22,502,Observed
15/08/2018,P014,1,15/08/2018,6.29,15/08/2018,17.08,Not Foraging,10.39,639,Observed
27/08/2018,P014,1,27/08/2018,6.49,27/08/2018,12.19,Foraging,5.3,303,Observed
30/08/2018,P014,1,30/08/2018,6.01,30/08/2018,6.12,Foraging,0.11,11,Observed
01/09/2018,P014,1,01/09/2018,6.4,01/09/2018,9.01,Foraging,2.21,141,Observed
30/07/2018,P061,1,30/07/2018,6.3,30/07/2018,6.53,Foraging,0.23,23,Observed
06/08/2018,P061,1,06/08/2018,6.11,06/08/2018,7.4,Foraging,1.29,89,Observed
09/08/2018,P061,1,09/08/2018,6.21,09/08/2018,6.38,Foraging,0.17,17,Observed
14/08/2018,P061,1,14/08/2018,7.3,14/08/2018,15.52,Foraging,8.22,502,Observed
15/08/2018,P061,1,15/08/2018,6.29,15/08/2018,17.08,Not Foraging,10.39,639,Observed
27/08/2018,P061,1,27/08/2018,6.47,27/08/2018,12.19,Foraging,5.32,332,Observed
30/08/2018,P061,1,30/08/2018,6.01,30/08/2018,8.23,Foraging,2.22,142,Observed
01/09/2018,P061,1,01/09/2018,7.48,01/09/2018,13.06,Foraging,5.18,318,Observed
19/08/2018,P029,1,19/08/2018,6.24,19/08/2018,7.29,Foraging,1.05,65,Observed
23/08/2018,P029,1,23/08/2018,7.16,23/08/2018,15.2,Foraging,8.04,484,Observed
14/08/2018,P025,1,14/08/2018,7.3,14/08/2018,15.52,Foraging,8.22,502,Observed
23/08/2018,P025,1,23/08/2018,7.16,23/08/2018,15.2,Foraging,8.04,484,Observed
23/07/2018,P043,2,23/07/2018,7.0,23/07/2018,7.38,Foraging,0.38,38,Observed
30/07/2018,P043,2,30/07/2018,6.37,30/07/2018,18.52,Not Foraging,12.15,735,Observed
31/07/2018,P043,2,31/07/2018,6.51,31/07/2018,8.35,Foraging,1.44,104,Observed
01/08/2018,P043,2,01/08/2018,7.27,01/08/2018,7.48,Foraging,0.21,21,Observed
05/08/2018,P043,2,05/08/2018,6.45,05/08/2018,9.41,Not Foraging,2.56,176,Observed
11/08/2018,P043,2,11/08/2018,7.23,11/08/2018,12.24,Not Foraging,5.01,301,Observed
22/08/2018,P043,2,22/08/2018,6.38,22/08/2018,6.52,Foraging,0.14,14,Observed
26/07/2018,P024,2,26/07/2018,7.15,26/07/2018,7.25,Foraging,0.1,1,Observed
02/08/2018,P024,2,02/08/2018,7.16,02/08/2018,11.11,Not Foraging,3.55,235,Observed
06/08/2018,P024,2,06/08/2018,6.27,06/08/2018,6.58,Foraging,0.31,31,Observed
13/08/2018,P024,2,13/08/2018,8.18,13/08/2018,10.55,Not Foraging,2.37,157,Observed
14/08/2018,P024,2,14/08/2018,7.48,14/08/2018,10.18,Not Foraging,2.3,123,Observed
15/08/2018,P024,2,15/08/2018,7.0,15/08/2018,7.24,Not Foraging,0.24,24,Observed
14/08/2018,P037,2,14/08/2018,7.5,14/08/2018,7.57,Not Foraging,0.07,7,Observed
14/08/2018,P063,2,14/08/2018,7.5,14/08/2018,9.38,Not Foraging,1.48,108,Observed
15/08/2018,P063,2,15/08/2018,7.08,15/08/2018,7.24,Not Foraging,0.16,16,Observed
20/08/2018,P063,2,20/08/2018,7.22,20/08/2018,7.36,Foraging,0.14,14,Observed
27/08/2018,P063,2,27/08/2018,7.33,27/08/2018,8.01,Foraging,0.28,28,Observed
10/08/2018,P070,2,10/08/2018,7.57,10/08/2018,8.06,Not Foraging,0.09,9,Observed
08/08/2018,P016,2,08/08/2018,7.29,08/08/2018,14.22,Not Foraging,6.53,413,Observed
15/08/2018,P016,2,15/08/2018,7.05,15/08/2018,7.24,Not Foraging,0.19,19,Observed
31/08/2018,P016,2,31/08/2018,7.06,31/08/2018,8.01,Foraging,0.55,55,Observed
08/08/2018,P050,2,08/08/2018,7.06,09/08/2018,17.47,Not Foraging,34.41,1361,Estimated
23/08/2018,P050,2,23/08/2018,7.17,23/08/2018,13.3,Foraging,6.13,373,Observed
28/08/2018,P050,2,28/08/2018,7.29,28/08/2018,10.39,Foraging,3.1,181,Observed
30/08/2018,P028,2,30/08/2018,6.51,30/08/2018,7.42,Foraging,0.51,51,Observed
01/09/2018,P028,2,01/09/2018,7.26,01/09/2018,13.01,Foraging,5.35,335,Observed
09/08/2018,P072,2,09/08/2018,6.3,09/08/2018,7.16,Foraging,0.46,46,Observed
14/08/2018,P072,2,14/08/2018,7.5,14/08/2018,9.38,Not Foraging,1.48,108,Observed
15/08/2018,P072,2,15/08/2018,7.08,15/08/2018,7.24,Not Foraging,0.16,16,Observed
26/08/2018,P072,2,26/08/2018,7.08,26/08/2018,7.59,Foraging,0.51,51,Observed
31/08/2018,P072,2,31/08/2018,7.06,31/08/2018,8.01,Foraging,0.55,55,Observed
02/09/2018,P072,2,02/09/2018,7.3,02/09/2018,14.26,Foraging,6.56,416,Observed
14/08/2018,P008,2,14/08/2018,7.5,14/08/2018,8.01,Not Foraging,0.11,11,Observed
23/07/2018,P027,2,23/07/2018,7.0,23/07/2018,7.38,Foraging,0.38,38,Observed
31/07/2018,P027,2,31/07/2018,6.51,31/07/2018,8.35,Foraging,1.44,104,Observed
01/08/2018,P027,2,01/08/2018,7.27,01/08/2018,7.48,Foraging,0.21,21,Observed
22/08/2018,P027,2,22/08/2018,6.38,22/08/2018,6.52,Foraging,0.14,14,Observed
05/08/2018,P057,2,05/08/2018,6.45,05/08/2018,13.16,Not Foraging,6.31,391,Observed
08/08/2018,P057,2,08/08/2018,7.17,09/08/2018,12.52,Not Foraging,29.35,1055,Estimated
10/08/2018,P057,2,10/08/2018,7.57,10/08/2018,8.02,Not Foraging,0.05,5,Observed
02/09/2018,P057,2,02/09/2018,7.27,02/09/2018,15.36,Foraging,8.09,489,Observed
29/07/2018,P049,2,29/07/2018,7.07,29/07/2018,15.46,Foraging,8.39,519,Observed
08/08/2018,P049,2,08/08/2018,8.55,09/08/2018,13.0,Not Foraging,28.05,965,Estimated
04/08/2018,P067,2,04/08/2018,6.48,04/08/2018,14.3,Foraging,7.42,462,Observed
08/08/2018,P067,2,08/08/2018,8.55,08/08/2018,14.29,Not Foraging,5.34,334,Observed
10/08/2018,P067,2,10/08/2018,7.57,10/08/2018,8.19,Not Foraging,0.22,22,Observed
25/08/2018,P067,2,25/08/2018,7.52,25/08/2018,17.07,Not Foraging,9.15,555,Observed
01/09/2018,P067,2,01/09/2018,7.12,01/09/2018,13.02,Foraging,5.5,305,Observed
02/09/2018,P067,2,02/09/2018,7.35,02/09/2018,15.37,Foraging,8.02,482,Observed
27/07/2018,P013,2,27/07/2018,7.14,28/07/2018,17.11,Not Foraging,33.57,1317,Estimated
08/08/2018,P013,2,08/08/2018,7.04,09/08/2018,13.13,Not Foraging,30.09,1089,Estimated
27/07/2018,P069,2,27/07/2018,7.14,28/07/2018,17.11,Not Foraging,33.57,1317,Estimated
04/08/2018,P069,2,04/08/2018,6.47,04/08/2018,14.3,Foraging,7.43,463,Observed
08/08/2018,P069,2,08/08/2018,7.04,09/08/2018,13.13,Not Foraging,30.09,1089,Estimated
02/09/2018,P069,2,02/09/2018,7.27,02/09/2018,15.39,Foraging,8.12,492,Observed
08/08/2018,P073,2,08/08/2018,7.06,09/08/2018,17.47,Not Foraging,34.41,1361,Estimated
28/08/2018,P073,2,28/08/2018,7.29,28/08/2018,10.39,Foraging,3.1,181,Observed
29/08/2018,P073,2,29/08/2018,7.22,29/08/2018,11.49,Foraging,4.27,267,Observed
05/08/2018,P055,2,05/08/2018,6.45,05/08/2018,13.16,Not Foraging,6.31,391,Observed
08/08/2018,P055,2,08/08/2018,7.04,09/08/2018,12.52,Not Foraging,29.48,1068,Estimated
21/08/2018,P055,2,21/08/2018,7.56,21/08/2018,8.24,Not Foraging,0.28,28,Observed
02/09/2018,P055,2,02/09/2018,7.26,02/09/2018,15.39,Foraging,8.13,493,Observed
24/07/2018,P042,2,24/07/2018,6.21,24/07/2018,6.27,Foraging,0.06,6,Observed
05/08/2018,P042,2,05/08/2018,6.46,05/08/2018,13.16,Not Foraging,6.3,363,Observed
19/08/2018,P042,2,19/08/2018,7.27,19/08/2018,9.54,Foraging,2.27,147,Observed
24/08/2018,P042,2,24/08/2018,7.12,24/08/2018,7.52,Not Foraging,0.4,4,Observed
27/08/2018,P042,2,27/08/2018,7.33,27/08/2018,8.01,Foraging,0.28,28,Observed
01/09/2018,P042,2,01/09/2018,7.12,01/09/2018,13.02,Foraging,5.5,305,Observed
16/08/2018,P010,2,16/08/2018,7.06,16/08/2018,17.04,Foraging,9.58,598,Observed
24/07/2018,P015,2,24/07/2018,6.21,24/07/2018,6.27,Foraging,0.06,6,Observed
05/08/2018,P015,2,05/08/2018,6.45,05/08/2018,13.16,Not Foraging,6.31,391,Observed
09/08/2018,P015,2,09/08/2018,6.3,09/08/2018,7.16,Foraging,0.46,46,Observed
16/08/2018,P015,2,16/08/2018,7.08,16/08/2018,17.04,Foraging,9.56,596,Observed
19/08/2018,P015,2,19/08/2018,7.27,19/08/2018,9.54,Foraging,2.27,147,Observed
21/08/2018,P015,2,21/08/2018,7.56,21/08/2018,8.24,Not Foraging,0.28,28,Observed
26/08/2018,P015,2,26/08/2018,7.08,26/08/2018,7.59,Foraging,0.51,51,Observed
02/09/2018,P015,2,02/09/2018,7.3,02/09/2018,14.26,Foraging,6.56,416,Observed
28/07/2018,P071,2,28/07/2018,9.01,28/07/2018,16.24,Foraging,7.23,443,Observed
23/08/2018,P071,2,23/08/2018,7.15,23/08/2018,13.3,Foraging,6.15,375,Observed
25/08/2018,P071,2,25/08/2018,7.46,25/08/2018,17.07,Not Foraging,9.21,561,Observed
30/08/2018,P071,2,30/08/2018,6.51,30/08/2018,7.42,Foraging,0.51,51,Observed
01/09/2018,P071,2,01/09/2018,7.26,01/09/2018,13.01,Foraging,5.35,335,Observed
02/09/2018,P071,2,02/09/2018,7.27,02/09/2018,15.36,Foraging,8.09,489,Observed
28/07/2018,P017,2,28/07/2018,9.01,28/07/2018,16.44,Foraging,7.43,463,Observed
07/08/2018,P017,2,07/08/2018,6.53,07/08/2018,10.43,Foraging,3.5,185,Observed
29/07/2018,P005,2,29/07/2018,7.07,29/07/2018,15.46,Foraging,8.39,519,Observed
08/08/2018,P036,2,08/08/2018,7.29,08/08/2018,14.29,Not Foraging,7.0,420,Observed
17/08/2018,P079,2,17/08/2018,7.41,17/08/2018,17.36,Not Foraging,9.55,595,Observed
29/08/2018,P079,2,29/08/2018,7.19,29/08/2018,11.49,Foraging,4.3,243,Observed
01/09/2018,P079,2,01/09/2018,12.4,01/09/2018,13.23,Foraging,0.43,43,Observed
11/08/2018,P020,2,11/08/2018,7.23,11/08/2018,12.24,Not Foraging,5.01,301,Observed
25/07/2018,P018,2,25/07/2018,8.45,25/07/2018,11.44,Foraging,2.59,179,Observed
13/08/2018,P018,2,13/08/2018,8.18,13/08/2018,9.43,Not Foraging,1.25,85,Observed
14/08/2018,P018,2,14/08/2018,7.48,14/08/2018,10.16,Not Foraging,2.28,148,Observed
15/08/2018,P018,2,15/08/2018,7.0,15/08/2018,7.24,Not Foraging,0.24,24,Observed
01/09/2018,P018,2,01/09/2018,6.41,01/09/2018,11.26,Foraging,4.45,285,Observed
24/08/2018,P026,2,24/08/2018,7.12,24/08/2018,7.52,Not Foraging,0.4,4,Observed
30/08/2018,P026,2,30/08/2018,6.52,30/08/2018,8.23,Foraging,1.31,91,Observed
01/09/2018,P026,2,01/09/2018,6.43,01/09/2018,13.01,Foraging,6.18,378,Observed
25/07/2018,P074,2,25/07/2018,8.45,25/07/2018,11.44,Foraging,2.59,179,Observed
02/08/2018,P074,2,02/08/2018,7.16,02/08/2018,11.11,Not Foraging,3.55,235,Observed
06/08/2018,P074,2,06/08/2018,6.27,06/08/2018,6.58,Foraging,0.31,31,Observed
13/08/2018,P074,2,13/08/2018,8.18,13/08/2018,10.55,Not Foraging,2.37,157,Observed
14/08/2018,P074,2,14/08/2018,7.48,14/08/2018,9.2,Not Foraging,1.32,92,Observed
15/08/2018,P074,2,15/08/2018,7.0,15/08/2018,7.24,Not Foraging,0.24,24,Observed
17/08/2018,P074,2,17/08/2018,7.41,17/08/2018,17.36,Not Foraging,9.55,595,Observed
14/08/2018,P056,2,14/08/2018,7.5,14/08/2018,9.38,Not Foraging,1.48,108,Observed
15/08/2018,P056,2,15/08/2018,7.05,15/08/2018,7.24,Not Foraging,0.19,19,Observed
20/08/2018,P056,2,20/08/2018,7.22,20/08/2018,7.36,Foraging,0.14,14,Observed
08/08/2018,P051,2,08/08/2018,7.29,08/08/2018,14.22,Not Foraging,6.53,413,Observed
14/08/2018,P051,2,14/08/2018,7.48,14/08/2018,10.16,Not Foraging,2.28,148,Observed
15/08/2018,P051,2,15/08/2018,7.0,15/08/2018,7.24,Not Foraging,0.24,24,Observed
30/07/2018,P059,2,30/07/2018,6.37,30/07/2018,19.0,Not Foraging,12.23,743,Observed
03/08/2018,P059,2,03/08/2018,7.08,03/08/2018,9.27,Foraging,2.19,139,Observed
07/08/2018,P059,2,07/08/2018,6.53,07/08/2018,10.43,Foraging,3.5,185,Observed
30/07/2018,P009,2,30/07/2018,6.37,30/07/2018,19.0,Not Foraging,12.23,743,Observed
08/08/2018,P009,2,08/08/2018,7.07,09/08/2018,13.0,Not Foraging,29.53,1073,Estimated
18/08/2018,P009,2,18/08/2018,7.39,18/08/2018,8.14,Foraging,0.35,35,Observed
25/08/2018,P009,2,25/08/2018,7.46,25/08/2018,17.07,Not Foraging,9.21,561,Observed
02/09/2018,P009,2,02/09/2018,7.3,02/09/2018,15.36,Foraging,8.06,486,Observed
29/08/2018,P065,2,29/08/2018,7.19,29/08/2018,11.49,Foraging,4.3,243,Observed
01/09/2018,P065,2,01/09/2018,6.41,01/09/2018,11.35,Foraging,4.54,294,Observed
05/08/2018,P002,2,05/08/2018,6.45,05/08/2018,13.16,Not Foraging,6.31,391,Observed
28/07/2018,P014,2,28/07/2018,9.12,28/07/2018,16.24,Foraging,7.12,432,Observed
03/08/2018,P014,2,03/08/2018,7.1,03/08/2018,8.22,Foraging,1.12,72,Observed
08/08/2018,P014,2,08/08/2018,7.07,09/08/2018,13.0,Not Foraging,29.53,1073,Estimated
02/09/2018,P014,2,02/09/2018,7.3,02/09/2018,15.36,Foraging,8.06,486,Observed
26/07/2018,P061,2,26/07/2018,7.15,26/07/2018,7.25,Foraging,0.1,1,Observed
03/08/2018,P061,2,03/08/2018,7.1,03/08/2018,8.22,Foraging,1.12,72,Observed
18/08/2018,P061,2,18/08/2018,7.39,18/08/2018,8.3,Foraging,0.51,51,Observed
13/08/2018,P029,2,13/08/2018,8.19,13/08/2018,10.55,Not Foraging,2.36,156,Observed
14/08/2018,P029,2,14/08/2018,7.48,14/08/2018,10.16,Not Foraging,2.28,148,Observed
15/08/2018,P029,2,15/08/2018,7.0,15/08/2018,7.24,Not Foraging,0.24,24,Observed
15/08/2018,P025,2,15/08/2018,7.05,15/08/2018,7.24,Not Foraging,0.19,19,Observed
29/08/2018,P039,2,29/08/2018,7.19,29/08/2018,15.52,Foraging,8.33,513,Observed
28/07/2018,P043,3,28/07/2018,9.12,28/07/2018,9.34,Foraging,0.22,22,Observed
03/08/2018,P043,3,03/08/2018,7.2,03/08/2018,7.3,Foraging,0.1,1,Observed
10/08/2018,P043,3,10/08/2018,8.07,10/08/2018,9.44,Not Foraging,1.37,97,Observed
14/08/2018,P043,3,14/08/2018,8.02,14/08/2018,9.2,Foraging,1.18,78,Observed
24/07/2018,P024,3,24/07/2018,6.54,24/07/2018,9.1,Foraging,2.16,136,Observed
25/07/2018,P024,3,25/07/2018,9.4,25/07/2018,10.05,Foraging,0.25,25,Observed
27/07/2018,P024,3,27/07/2018,7.25,27/07/2018,9.31,Not Foraging,2.06,126,Observed
31/07/2018,P024,3,31/07/2018,6.53,31/07/2018,7.18,Foraging,0.25,25,Observed
04/08/2018,P024,3,04/08/2018,7.51,04/08/2018,10.06,Foraging,2.15,135,Observed
05/08/2018,P024,3,05/08/2018,8.0,05/08/2018,8.25,Not Foraging,0.25,25,Observed
10/08/2018,P024,3,10/08/2018,8.1,10/08/2018,9.33,Not Foraging,1.23,83,Observed
20/08/2018,P024,3,20/08/2018,7.52,20/08/2018,11.33,Foraging,3.41,221,Observed
31/08/2018,P024,3,31/08/2018,8.1,31/08/2018,10.37,Foraging,2.27,147,Observed
10/08/2018,P052,3,10/08/2018,8.21,10/08/2018,8.45,Not Foraging,0.24,24,Observed
13/08/2018,P052,3,13/08/2018,8.23,13/08/2018,9.42,Not Foraging,1.19,79,Observed
29/08/2018,P052,3,29/08/2018,7.52,29/08/2018,10.03,Foraging,2.11,131,Observed
23/07/2018,P037,3,23/07/2018,8.2,23/07/2018,8.29,Foraging,0.09,9,Observed
10/08/2018,P037,3,10/08/2018,8.21,10/08/2018,8.45,Not Foraging,0.24,24,Observed
13/08/2018,P037,3,13/08/2018,8.23,13/08/2018,9.01,Not Foraging,0.38,38,Observed
16/08/2018,P037,3,16/08/2018,7.2,16/08/2018,7.42,Not Foraging,0.22,22,Observed
29/08/2018,P037,3,29/08/2018,9.12,29/08/2018,10.05,Foraging,0.53,53,Observed
25/07/2018,P063,3,25/07/2018,9.4,25/07/2018,10.05,Foraging,0.25,25,Observed
27/07/2018,P063,3,27/07/2018,7.25,27/07/2018,9.31,Not Foraging,2.06,126,Observed
29/07/2018,P063,3,29/07/2018,7.06,29/07/2018,8.37,Foraging,1.31,91,Observed
01/08/2018,P063,3,01/08/2018,7.26,01/08/2018,7.48,Foraging,0.22,22,Observed
04/08/2018,P063,3,04/08/2018,7.51,04/08/2018,10.06,Foraging,2.15,135,Observed
05/08/2018,P063,3,05/08/2018,8.09,05/08/2018,8.25,Not Foraging,0.16,16,Observed
10/08/2018,P063,3,10/08/2018,8.07,10/08/2018,8.47,Not Foraging,0.4,4,Observed
10/08/2018,P063,3,10/08/2018,9.05,10/08/2018,9.26,Not Foraging,0.21,21,Observed
11/08/2018,P063,3,11/08/2018,7.34,11/08/2018,10.06,Foraging,2.32,152,Observed
13/08/2018,P063,3,13/08/2018,8.21,13/08/2018,9.42,Not Foraging,1.21,81,Observed
20/08/2018,P063,3,20/08/2018,7.52,20/08/2018,11.33,Foraging,3.41,221,Observed
26/07/2018,P070,3,26/07/2018,7.27,26/07/2018,7.55,Foraging,0.28,28,Observed
10/08/2018,P070,3,10/08/2018,8.07,10/08/2018,8.47,Not Foraging,0.4,4,Observed
15/08/2018,P070,3,15/08/2018,8.16,15/08/2018,9.57,Not Foraging,1.41,101,Observed
04/08/2018,P016,3,04/08/2018,7.51,04/08/2018,10.06,Foraging,2.15,135,Observed
10/08/2018,P016,3,10/08/2018,8.21,10/08/2018,8.45,Not Foraging,0.24,24,Observed
13/08/2018,P016,3,13/08/2018,8.23,13/08/2018,9.42,Not Foraging,1.19,79,Observed
22/08/2018,P016,3,22/08/2018,7.01,22/08/2018,14.42,Foraging,7.41,461,Observed
26/08/2018,P016,3,26/08/2018,7.36,26/08/2018,14.04,Foraging,6.28,388,Observed
29/08/2018,P016,3,29/08/2018,7.52,29/08/2018,10.03,Foraging,2.11,131,Observed
17/08/2018,P050,3,17/08/2018,7.47,17/08/2018,9.25,Not Foraging,1.38,98,Observed
22/08/2018,P050,3,22/08/2018,7.27,22/08/2018,14.08,Foraging,6.41,401,Observed
17/08/2018,P028,3,17/08/2018,7.47,17/08/2018,9.25,Not Foraging,1.38,98,Observed
26/08/2018,P028,3,26/08/2018,7.36,26/08/2018,14.04,Foraging,6.28,388,Observed
23/07/2018,P072,3,23/07/2018,8.03,23/07/2018,8.42,Foraging,0.39,39,Observed
25/07/2018,P072,3,25/07/2018,9.4,25/07/2018,10.05,Foraging,0.25,25,Observed
05/08/2018,P072,3,05/08/2018,8.0,05/08/2018,8.25,Not Foraging,0.25,25,Observed
06/08/2018,P072,3,06/08/2018,6.27,06/08/2018,7.15,Foraging,0.48,48,Observed
07/08/2018,P072,3,07/08/2018,6.54,07/08/2018,7.26,Foraging,0.32,32,Observed
10/08/2018,P072,3,10/08/2018,8.07,10/08/2018,8.47,Not Foraging,0.4,4,Observed
10/08/2018,P072,3,10/08/2018,9.05,10/08/2018,9.26,Not Foraging,0.21,21,Observed
20/08/2018,P072,3,20/08/2018,7.52,20/08/2018,9.21,Foraging,1.29,89,Observed
28/08/2018,P072,3,28/08/2018,7.59,28/08/2018,16.14,Foraging,8.15,495,Observed
29/08/2018,P072,3,29/08/2018,7.47,29/08/2018,8.58,Foraging,1.11,71,Observed
10/08/2018,P008,3,10/08/2018,8.21,10/08/2018,8.45,Not Foraging,0.24,24,Observed
13/08/2018,P008,3,13/08/2018,8.23,13/08/2018,9.42,Foraging,1.19,79,Observed
28/08/2018,P008,3,28/08/2018,7.59,28/08/2018,16.14,Foraging,8.15,495,Observed
29/08/2018,P008,3,29/08/2018,9.12,29/08/2018,10.05,Foraging,0.53,53,Observed
23/07/2018,P027,3,23/07/2018,8.2,23/07/2018,8.43,Foraging,0.23,23,Observed
23/07/2018,P027,3,23/07/2018,8.02,23/07/2018,8.06,Foraging,0.04,4,Observed
28/07/2018,P027,3,28/07/2018,9.12,28/07/2018,9.34,Foraging,0.22,22,Observed
10/08/2018,P027,3,10/08/2018,8.1,10/08/2018,9.4,Not Foraging,1.3,63,Observed
14/08/2018,P027,3,14/08/2018,8.02,14/08/2018,9.2,Foraging,1.18,78,Observed
18/08/2018,P027,3,18/08/2018,7.46,18/08/2018,8.0,Foraging,0.14,14,Observed
13/08/2018,P057,3,13/08/2018,8.27,13/08/2018,9.42,Foraging,1.15,75,Observed
16/08/2018,P057,3,16/08/2018,7.19,16/08/2018,8.06,Not Foraging,0.47,47,Observed
22/08/2018,P057,3,22/08/2018,6.58,22/08/2018,14.42,Foraging,7.44,464,Observed
10/08/2018,P049,3,10/08/2018,8.43,10/08/2018,8.5,Not Foraging,0.07,7,Observed
01/09/2018,P049,3,01/09/2018,7.01,01/09/2018,16.32,Foraging,9.31,571,Observed
02/09/2018,P049,3,02/09/2018,7.45,02/09/2018,17.21,Not Foraging,9.36,576,Observed
26/07/2018,P067,3,26/07/2018,7.27,26/07/2018,7.55,Foraging,0.28,28,Observed
29/07/2018,P067,3,29/07/2018,7.06,29/07/2018,8.37,Foraging,1.31,91,Observed
05/08/2018,P067,3,05/08/2018,7.21,05/08/2018,16.18,Foraging,8.57,537,Observed
11/08/2018,P067,3,11/08/2018,7.34,11/08/2018,8.0,Foraging,0.26,26,Observed
22/08/2018,P067,3,22/08/2018,6.58,22/08/2018,14.42,Foraging,7.44,464,Observed
23/08/2018,P067,3,23/08/2018,7.22,23/08/2018,8.1,Foraging,0.48,48,Observed
26/08/2018,P067,3,26/08/2018,7.36,26/08/2018,14.04,Foraging,6.28,388,Observed
30/08/2018,P067,3,30/08/2018,7.09,30/08/2018,9.4,Foraging,2.31,151,Observed
30/07/2018,P069,3,30/07/2018,6.56,30/07/2018,18.09,Foraging,11.13,673,Observed
05/08/2018,P069,3,05/08/2018,7.21,05/08/2018,16.2,Foraging,8.59,539,Observed
23/08/2018,P069,3,23/08/2018,7.22,23/08/2018,8.1,Foraging,0.48,48,Observed
23/08/2018,P042,3,23/08/2018,7.22,23/08/2018,8.05,Foraging,0.43,43,Observed
01/08/2018,P010,3,01/08/2018,7.26,04/08/2018,17.51,Not Foraging,82.25,2785,Estimated
06/08/2018,P010,3,06/08/2018,6.27,06/08/2018,7.15,Foraging,0.48,48,Observed
07/08/2018,P010,3,07/08/2018,6.54,07/08/2018,7.26,Foraging,0.32,32,Observed
28/08/2018,P010,3,28/08/2018,7.36,28/08/2018,16.14,Foraging,8.38,518,Observed
02/09/2018,P010,3,02/09/2018,7.45,02/09/2018,17.21,Not Foraging,9.36,576,Observed
23/07/2018,P015,3,23/07/2018,8.02,23/07/2018,8.42,Not Foraging,0.4,4,Observed
18/08/2018,P015,3,18/08/2018,7.46,18/08/2018,8.03,Foraging,0.17,17,Observed
28/08/2018,P015,3,28/08/2018,7.36,28/08/2018,16.14,Foraging,8.38,518,Observed
02/08/2018,P071,3,02/08/2018,7.31,02/08/2018,8.29,Foraging,0.58,58,Observed
08/08/2018,P071,3,08/08/2018,7.45,08/08/2018,8.17,Foraging,0.32,32,Observed
17/08/2018,P071,3,17/08/2018,7.4,17/08/2018,9.25,Not Foraging,1.45,105,Observed
22/08/2018,P071,3,22/08/2018,7.27,22/08/2018,14.08,Foraging,6.41,401,Observed
12/08/2018,P017,3,12/08/2018,7.42,12/08/2018,9.34,Foraging,1.52,112,Observed
02/09/2018,P017,3,02/09/2018,7.45,02/09/2018,17.21,Not Foraging,9.36,576,Observed
10/08/2018,P005,3,10/08/2018,8.08,10/08/2018,8.5,Not Foraging,0.42,42,Observed
10/08/2018,P005,3,10/08/2018,9.31,10/08/2018,9.35,Not Foraging,0.04,4,Observed
01/09/2018,P005,3,01/09/2018,7.02,01/09/2018,16.32,Foraging,9.3,543,Observed
02/09/2018,P005,3,02/09/2018,7.45,02/09/2018,17.21,Not Foraging,9.36,576,Observed
15/08/2018,P040,3,15/08/2018,7.32,15/08/2018,15.34,Foraging,8.02,482,Observed
15/08/2018,P036,3,15/08/2018,7.08,15/08/2018,15.1,Foraging,8.02,482,Observed
20/08/2018,P036,3,20/08/2018,7.58,20/08/2018,15.23,Foraging,7.25,445,Observed
29/08/2018,P036,3,29/08/2018,7.47,29/08/2018,10.03,Foraging,2.16,136,Observed
30/08/2018,P036,3,30/08/2018,7.02,30/08/2018,9.48,Foraging,2.46,166,Observed
09/08/2018,P031,3,09/08/2018,6.39,09/08/2018,18.04,Not Foraging,11.25,685,Observed
09/08/2018,P079,3,09/08/2018,6.39,09/08/2018,18.04,Not Foraging,11.25,685,Observed
27/08/2018,P079,3,27/08/2018,7.49,27/08/2018,15.31,Not Foraging,7.42,462,Observed
30/08/2018,P079,3,30/08/2018,7.04,30/08/2018,8.04,Foraging,1.0,60,Observed
10/08/2018,P020,3,10/08/2018,8.09,10/08/2018,8.51,Not Foraging,0.42,42,Observed
24/07/2018,P018,3,24/07/2018,6.54,24/07/2018,9.1,Foraging,2.16,136,Observed
04/08/2018,P018,3,04/08/2018,7.53,04/08/2018,10.06,Foraging,2.13,133,Observed
10/08/2018,P018,3,10/08/2018,8.07,10/08/2018,9.31,Not Foraging,1.24,84,Observed
24/08/2018,P018,3,24/08/2018,7.27,24/08/2018,7.57,Foraging,0.3,3,Observed
31/08/2018,P018,3,31/08/2018,8.05,31/08/2018,9.08,Foraging,1.03,63,Observed
22/08/2018,P026,3,22/08/2018,7.01,22/08/2018,15.33,Foraging,8.32,512,Observed
25/08/2018,P026,3,25/08/2018,7.49,25/08/2018,8.12,Foraging,0.23,23,Observed
27/08/2018,P026,3,27/08/2018,7.48,27/08/2018,15.3,Not Foraging,7.42,462,Observed
24/07/2018,P074,3,24/07/2018,6.54,24/07/2018,9.1,Foraging,2.16,136,Observed
31/07/2018,P074,3,31/07/2018,6.53,31/07/2018,7.18,Foraging,0.25,25,Observed
04/08/2018,P074,3,04/08/2018,8.01,04/08/2018,10.06,Foraging,2.05,125,Observed
09/08/2018,P074,3,09/08/2018,6.4,09/08/2018,6.46,Not Foraging,0.06,6,Observed
10/08/2018,P074,3,10/08/2018,8.07,10/08/2018,8.49,Not Foraging,0.42,42,Observed
20/08/2018,P074,3,20/08/2018,7.52,20/08/2018,11.33,Foraging,3.41,221,Observed
27/08/2018,P074,3,27/08/2018,7.49,27/08/2018,15.3,Not Foraging,7.41,461,Observed
31/08/2018,P074,3,31/08/2018,8.1,31/08/2018,10.37,Foraging,2.27,147,Observed
31/08/2018,P046,3,31/08/2018,8.05,31/08/2018,9.08,Foraging,1.03,63,Observed
29/08/2018,P045,3,29/08/2018,7.47,29/08/2018,10.03,Foraging,2.16,136,Observed
01/08/2018,P056,3,01/08/2018,7.26,01/08/2018,7.48,Foraging,0.22,22,Observed
04/08/2018,P056,3,04/08/2018,7.51,04/08/2018,10.06,Foraging,2.15,135,Observed
10/08/2018,P056,3,10/08/2018,8.07,10/08/2018,8.47,Not Foraging,0.4,4,Observed
10/08/2018,P056,3,10/08/2018,9.05,10/08/2018,9.26,Not Foraging,0.21,21,Observed
13/08/2018,P056,3,13/08/2018,8.21,13/08/2018,8.5,Not Foraging,0.29,29,Observed
20/08/2018,P056,3,20/08/2018,7.52,20/08/2018,11.33,Foraging,3.41,221,Observed
29/08/2018,P056,3,29/08/2018,7.47,29/08/2018,8.58,Foraging,1.11,71,Observed
03/08/2018,P051,3,03/08/2018,7.2,03/08/2018,7.4,Foraging,0.2,2,Observed
04/08/2018,P051,3,04/08/2018,7.53,04/08/2018,10.06,Foraging,2.13,133,Observed
10/08/2018,P051,3,10/08/2018,8.07,10/08/2018,9.35,Not Foraging,1.28,88,Observed
20/08/2018,P051,3,20/08/2018,7.52,20/08/2018,9.21,Foraging,1.29,89,Observed
24/08/2018,P051,3,24/08/2018,7.27,24/08/2018,7.57,Foraging,0.3,3,Observed
31/08/2018,P051,3,31/08/2018,8.1,31/08/2018,10.37,Foraging,2.27,147,Observed
12/08/2018,P059,3,12/08/2018,7.39,12/08/2018,12.02,Foraging,4.23,263,Observed
14/08/2018,P059,3,14/08/2018,8.02,14/08/2018,9.2,Foraging,1.18,78,Observed
21/08/2018,P059,3,21/08/2018,9.14,21/08/2018,13.46,Foraging,4.32,272,Observed
23/07/2018,P009,3,23/07/2018,8.02,23/07/2018,8.42,Not Foraging,0.4,4,Observed
02/08/2018,P009,3,02/08/2018,7.31,02/08/2018,8.29,Foraging,0.58,58,Observed
12/08/2018,P009,3,12/08/2018,7.39,12/08/2018,12.06,Foraging,4.27,267,Observed
15/08/2018,P009,3,15/08/2018,7.08,15/08/2018,15.1,Foraging,8.02,482,Observed
19/08/2018,P009,3,19/08/2018,7.31,19/08/2018,8.4,Foraging,1.09,69,Observed
21/08/2018,P009,3,21/08/2018,9.14,21/08/2018,13.46,Foraging,4.32,272,Observed
30/07/2018,P002,3,30/07/2018,6.56,30/07/2018,18.09,Foraging,11.13,673,Observed
23/07/2018,P014,3,23/07/2018,8.18,23/07/2018,8.42,Foraging,0.24,24,Observed
30/07/2018,P014,3,30/07/2018,6.56,30/07/2018,18.09,Foraging,11.13,673,Observed
02/08/2018,P014,3,02/08/2018,7.31,02/08/2018,8.29,Foraging,0.58,58,Observed
12/08/2018,P014,3,12/08/2018,7.4,12/08/2018,12.06,Foraging,4.26,266,Observed
21/08/2018,P014,3,21/08/2018,9.14,21/08/2018,13.46,Foraging,4.32,272,Observed
22/08/2018,P014,3,22/08/2018,7.27,22/08/2018,15.33,Foraging,8.06,486,Observed
23/08/2018,P014,3,23/08/2018,7.22,23/08/2018,8.1,Foraging,0.48,48,Observed
29/08/2018,P014,3,29/08/2018,7.52,29/08/2018,10.03,Foraging,2.11,131,Observed
08/08/2018,P061,3,08/08/2018,7.45,08/08/2018,8.17,Foraging,0.32,32,Observed
12/08/2018,P061,3,12/08/2018,7.39,12/08/2018,12.06,Foraging,4.27,267,Observed
16/08/2018,P061,3,16/08/2018,7.19,16/08/2018,8.06,Not Foraging,0.47,47,Observed
19/08/2018,P061,3,19/08/2018,7.31,19/08/2018,8.3,Foraging,0.59,59,Observed
22/08/2018,P061,3,22/08/2018,6.58,22/08/2018,15.33,Foraging,8.35,515,Observed
25/08/2018,P061,3,25/08/2018,7.49,25/08/2018,8.12,Foraging,0.23,23,Observed
29/08/2018,P061,3,29/08/2018,7.52,29/08/2018,8.48,Foraging,0.56,56,Observed
29/08/2018,P061,3,29/08/2018,9.12,29/08/2018,10.05,Foraging,0.53,53,Observed
04/08/2018,P029,3,04/08/2018,7.51,04/08/2018,10.06,Foraging,2.15,135,Observed
05/08/2018,P029,3,05/08/2018,8.0,05/08/2018,8.25,Not Foraging,0.25,25,Observed
10/08/2018,P029,3,10/08/2018,8.07,10/08/2018,9.33,Not Foraging,1.26,86,Observed
20/08/2018,P029,3,20/08/2018,7.52,20/08/2018,9.21,Foraging,1.29,89,Observed
04/08/2018,P025,3,04/08/2018,7.51,04/08/2018,10.06,Foraging,2.15,135,Observed
10/08/2018,P025,3,10/08/2018,8.21,10/08/2018,8.45,Not Foraging,0.24,24,Observed
13/08/2018,P025,3,13/08/2018,8.23,13/08/2018,9.42,Not Foraging,1.19,79,Observed
04/08/2018,P043,4,04/08/2018,8.01,04/08/2018,17.3,Not Foraging,9.29,569,Observed
06/08/2018,P043,4,06/08/2018,6.3,06/08/2018,7.32,Foraging,1.02,62,Observed
13/08/2018,P043,4,13/08/2018,8.26,13/08/2018,9.41,Foraging,1.15,75,Observed
26/08/2018,P043,4,26/08/2018,7.47,26/08/2018,17.48,Not Foraging,10.01,601,Observed
28/08/2018,P043,4,28/08/2018,8.0,28/08/2018,16.39,Foraging,8.39,519,Observed
29/08/2018,P043,4,29/08/2018,8.1,29/08/2018,9.48,Foraging,1.38,98,Observed
23/07/2018,P024,4,23/07/2018,10.28,23/07/2018,11.04,Not Foraging,0.36,36,Observed
30/07/2018,P024,4,30/07/2018,6.37,30/07/2018,7.01,Foraging,0.24,24,Observed
01/08/2018,P024,4,01/08/2018,8.01,01/08/2018,8.26,Foraging,0.25,25,Observed
15/08/2018,P024,4,15/08/2018,8.17,16/08/2018,11.22,Not Foraging,27.05,905,Estimated
29/08/2018,P024,4,29/08/2018,7.53,29/08/2018,9.42,Foraging,1.49,109,Observed
30/08/2018,P024,4,30/08/2018,7.55,30/08/2018,8.26,Foraging,0.31,31,Observed
28/08/2018,P052,4,28/08/2018,7.59,28/08/2018,16.46,Foraging,8.47,527,Observed
24/07/2018,P037,4,24/07/2018,7.0,24/07/2018,7.29,Foraging,0.29,29,Observed
09/08/2018,P037,4,09/08/2018,7.36,09/08/2018,8.19,Not Foraging,0.43,43,Observed
17/08/2018,P037,4,17/08/2018,7.49,17/08/2018,7.52,Foraging,0.03,3,Observed
23/07/2018,P063,4,23/07/2018,10.28,23/07/2018,11.04,Not Foraging,0.36,36,Observed
24/07/2018,P063,4,24/07/2018,7.0,24/07/2018,7.46,Foraging,0.46,46,Observed
31/07/2018,P063,4,31/07/2018,7.19,31/07/2018,8.36,Foraging,1.17,77,Observed
15/08/2018,P063,4,15/08/2018,8.16,15/08/2018,17.08,Not Foraging,8.52,532,Observed
25/08/2018,P063,4,25/08/2018,7.51,25/08/2018,7.56,Foraging,0.05,5,Observed
30/08/2018,P063,4,30/08/2018,7.55,30/08/2018,8.26,Foraging,0.31,31,Observed
24/07/2018,P070,4,24/07/2018,7.3,24/07/2018,7.51,Foraging,0.21,21,Observed
03/08/2018,P070,4,03/08/2018,7.41,03/08/2018,8.04,Not Foraging,0.23,23,Observed
24/07/2018,P016,4,24/07/2018,7.0,24/07/2018,7.51,Foraging,0.51,51,Observed
28/07/2018,P016,4,28/07/2018,9.16,28/07/2018,12.33,Foraging,3.17,197,Observed
29/07/2018,P016,4,29/07/2018,7.13,29/07/2018,17.53,Not Foraging,10.4,604,Observed
09/08/2018,P016,4,09/08/2018,7.14,09/08/2018,8.19,Not Foraging,1.05,65,Observed
15/08/2018,P016,4,15/08/2018,8.17,15/08/2018,9.57,Not Foraging,1.4,64,Observed
16/08/2018,P016,4,16/08/2018,7.19,16/08/2018,8.42,Foraging,1.23,83,Observed
20/08/2018,P016,4,20/08/2018,7.57,20/08/2018,12.56,Foraging,4.59,299,Observed
24/08/2018,P016,4,24/08/2018,7.32,24/08/2018,7.57,Not Foraging,0.25,25,Observed
14/08/2018,P050,4,14/08/2018,8.08,14/08/2018,17.18,Not Foraging,9.1,541,Observed
19/08/2018,P050,4,19/08/2018,8.38,19/08/2018,9.15,Not Foraging,0.37,37,Observed
31/08/2018,P050,4,31/08/2018,8.07,31/08/2018,12.41,Foraging,4.34,274,Observed
02/09/2018,P050,4,02/09/2018,8.15,02/09/2018,16.23,Foraging,8.08,488,Observed
14/08/2018,P028,4,14/08/2018,8.08,14/08/2018,15.43,Not Foraging,7.35,455,Observed
02/09/2018,P028,4,02/09/2018,8.15,02/09/2018,16.23,Foraging,8.08,488,Observed
24/07/2018,P072,4,24/07/2018,7.0,24/07/2018,7.51,Foraging,0.51,51,Observed
26/07/2018,P072,4,26/07/2018,7.03,26/07/2018,7.55,Foraging,0.52,52,Observed
08/08/2018,P072,4,08/08/2018,7.52,08/08/2018,8.45,Foraging,0.53,53,Observed
11/08/2018,P072,4,11/08/2018,7.4,11/08/2018,13.18,Foraging,5.38,338,Observed
12/08/2018,P072,4,12/08/2018,7.4,12/08/2018,9.46,Foraging,2.06,126,Observed
15/08/2018,P072,4,15/08/2018,8.16,15/08/2018,17.08,Not Foraging,8.52,532,Observed
21/08/2018,P072,4,21/08/2018,9.25,21/08/2018,14.01,Foraging,4.36,276,Observed
24/07/2018,P008,4,24/07/2018,7.0,24/07/2018,7.11,Foraging,0.11,11,Observed
17/08/2018,P008,4,17/08/2018,7.49,17/08/2018,7.52,Foraging,0.03,3,Observed
06/08/2018,P027,4,06/08/2018,6.3,06/08/2018,7.32,Foraging,1.02,62,Observed
13/08/2018,P027,4,13/08/2018,8.26,13/08/2018,9.44,Foraging,1.18,78,Observed
02/08/2018,P057,4,02/08/2018,7.34,02/08/2018,8.01,Foraging,0.27,27,Observed
03/08/2018,P057,4,03/08/2018,7.41,03/08/2018,8.04,Not Foraging,0.23,23,Observed
07/08/2018,P057,4,07/08/2018,7.06,07/08/2018,8.33,Foraging,1.27,87,Observed
20/08/2018,P057,4,20/08/2018,7.57,20/08/2018,12.56,Foraging,4.59,299,Observed
18/08/2018,P049,4,18/08/2018,6.56,20/08/2018,14.49,Foraging,55.53,1913,Estimated
26/08/2018,P049,4,26/08/2018,7.47,26/08/2018,17.55,Not Foraging,10.08,608,Observed
31/07/2018,P067,4,31/07/2018,7.19,31/07/2018,8.36,Foraging,1.17,77,Observed
03/08/2018,P067,4,03/08/2018,7.36,03/08/2018,8.04,Not Foraging,0.28,28,Observed
23/07/2018,P013,4,23/07/2018,10.28,23/07/2018,11.11,Not Foraging,0.43,43,Observed
18/08/2018,P013,4,18/08/2018,6.46,20/08/2018,15.2,Foraging,56.16,1936,Estimated
23/08/2018,P013,4,23/08/2018,8.03,23/08/2018,15.31,Not Foraging,7.28,448,Observed
19/08/2018,P073,4,19/08/2018,8.38,19/08/2018,9.15,Not Foraging,0.37,37,Observed
31/08/2018,P073,4,31/08/2018,8.07,31/08/2018,12.41,Foraging,4.34,274,Observed
02/09/2018,P073,4,02/09/2018,8.15,02/09/2018,16.25,Foraging,8.1,481,Observed
16/08/2018,P055,4,16/08/2018,7.19,16/08/2018,8.42,Foraging,1.23,83,Observed
25/07/2018,P042,4,25/07/2018,10.4,25/07/2018,13.15,Not Foraging,2.35,155,Observed
02/09/2018,P042,4,02/09/2018,8.15,02/09/2018,16.47,Foraging,8.32,512,Observed
26/07/2018,P010,4,26/07/2018,7.03,26/07/2018,7.55,Foraging,0.52,52,Observed
08/08/2018,P010,4,08/08/2018,7.52,08/08/2018,8.45,Foraging,0.53,53,Observed
10/08/2018,P010,4,10/08/2018,8.16,10/08/2018,13.27,Foraging,5.11,311,Observed
11/08/2018,P010,4,11/08/2018,7.4,11/08/2018,13.18,Foraging,5.38,338,Observed
18/08/2018,P010,4,18/08/2018,6.47,20/08/2018,15.2,Foraging,56.15,1935,Estimated
21/08/2018,P010,4,21/08/2018,9.25,21/08/2018,14.04,Foraging,4.39,279,Observed
22/08/2018,P010,4,22/08/2018,7.1,25/08/2018,13.39,Not Foraging,78.38,2558,Estimated
25/07/2018,P015,4,25/07/2018,10.4,25/07/2018,11.24,Not Foraging,0.44,44,Observed
10/08/2018,P015,4,10/08/2018,8.17,10/08/2018,13.27,Foraging,5.1,301,Observed
12/08/2018,P015,4,12/08/2018,7.4,12/08/2018,9.46,Foraging,2.06,126,Observed
21/08/2018,P015,4,21/08/2018,9.25,21/08/2018,14.01,Foraging,4.36,276,Observed
14/08/2018,P071,4,14/08/2018,8.1,14/08/2018,17.18,Not Foraging,9.08,548,Observed
28/08/2018,P071,4,28/08/2018,7.59,28/08/2018,16.46,Foraging,8.47,527,Observed
04/08/2018,P017,4,04/08/2018,8.01,04/08/2018,17.3,Not Foraging,9.29,569,Observed
28/08/2018,P017,4,28/08/2018,8.0,28/08/2018,16.45,Foraging,8.45,525,Observed
31/07/2018,P040,4,31/07/2018,9.21,31/07/2018,18.18,Foraging,8.57,537,Observed
18/08/2018,P040,4,18/08/2018,6.51,20/08/2018,14.37,Foraging,55.46,1906,Estimated
27/08/2018,P040,4,27/08/2018,10.48,27/08/2018,13.09,Foraging,2.21,141,Observed
31/07/2018,P036,4,31/07/2018,9.21,31/07/2018,18.18,Foraging,8.57,537,Observed
27/08/2018,P036,4,27/08/2018,10.53,27/08/2018,13.05,Foraging,2.12,132,Observed
02/09/2018,P036,4,02/09/2018,8.16,02/09/2018,16.47,Foraging,8.31,511,Observed
18/08/2018,P031,4,18/08/2018,6.47,20/08/2018,15.2,Foraging,56.15,1935,Estimated
23/08/2018,P031,4,23/08/2018,8.03,23/08/2018,15.31,Not Foraging,7.28,448,Observed
02/09/2018,P079,4,02/09/2018,8.12,02/09/2018,16.49,Foraging,8.37,517,Observed
14/08/2018,P020,4,14/08/2018,8.08,14/08/2018,15.43,Not Foraging,7.35,455,Observed
18/08/2018,P020,4,18/08/2018,6.56,20/08/2018,13.31,Foraging,54.35,1835,Estimated
26/08/2018,P020,4,26/08/2018,7.47,26/08/2018,17.48,Not Foraging,10.01,601,Observed
09/08/2018,P018,4,09/08/2018,7.36,09/08/2018,8.19,Not Foraging,0.43,43,Observed
15/08/2018,P018,4,15/08/2018,8.16,16/08/2018,11.22,Not Foraging,27.06,906,Estimated
18/08/2018,P018,4,18/08/2018,6.47,20/08/2018,15.2,Foraging,56.15,1935,Estimated
29/08/2018,P018,4,29/08/2018,7.53,29/08/2018,9.48,Foraging,1.55,115,Observed
09/08/2018,P026,4,09/08/2018,7.13,09/08/2018,8.19,Not Foraging,1.06,66,Observed
31/08/2018,P026,4,31/08/2018,8.1,31/08/2018,12.41,Foraging,4.31,271,Observed
02/09/2018,P026,4,02/09/2018,8.12,02/09/2018,16.44,Foraging,8.32,512,Observed
30/07/2018,P074,4,30/07/2018,6.37,30/07/2018,7.01,Foraging,0.24,24,Observed
01/08/2018,P074,4,01/08/2018,8.01,01/08/2018,8.26,Foraging,0.25,25,Observed
15/08/2018,P074,4,15/08/2018,8.16,16/08/2018,11.22,Not Foraging,27.06,906,Estimated
29/08/2018,P074,4,29/08/2018,7.53,29/08/2018,9.48,Foraging,1.55,115,Observed
15/08/2018,P056,4,15/08/2018,8.16,15/08/2018,9.57,Not Foraging,1.41,101,Observed
25/08/2018,P056,4,25/08/2018,7.51,25/08/2018,7.56,Foraging,0.05,5,Observed
15/08/2018,P051,4,15/08/2018,8.16,16/08/2018,11.22,Not Foraging,27.06,906,Estimated
29/08/2018,P051,4,29/08/2018,7.39,29/08/2018,10.13,Foraging,2.34,154,Observed
30/08/2018,P051,4,30/08/2018,7.55,30/08/2018,8.26,Foraging,0.31,31,Observed
02/09/2018,P051,4,02/09/2018,8.16,02/09/2018,16.44,Foraging,8.28,508,Observed
27/07/2018,P059,4,27/07/2018,7.37,27/07/2018,9.14,Foraging,1.37,97,Observed
04/08/2018,P059,4,04/08/2018,8.01,04/08/2018,17.3,Not Foraging,9.29,569,Observed
22/08/2018,P059,4,22/08/2018,7.08,22/08/2018,17.44,Not Foraging,10.36,636,Observed
01/09/2018,P059,4,01/09/2018,7.13,01/09/2018,8.37,Foraging,1.24,84,Observed
27/07/2018,P009,4,27/07/2018,7.37,27/07/2018,9.14,Foraging,1.37,97,Observed
01/09/2018,P009,4,01/09/2018,7.14,01/09/2018,8.37,Foraging,1.23,83,Observed
02/09/2018,P065,4,02/09/2018,8.15,02/09/2018,16.47,Foraging,8.32,512,Observed
27/07/2018,P014,4,27/07/2018,7.37,27/07/2018,9.14,Foraging,1.37,97,Observed
20/08/2018,P014,4,20/08/2018,7.57,20/08/2018,12.56,Foraging,4.59,299,Observed
28/07/2018,P061,4,28/07/2018,9.16,28/07/2018,12.33,Foraging,3.17,197,Observed
29/07/2018,P061,4,29/07/2018,7.13,29/07/2018,17.53,Not Foraging,10.4,604,Observed
02/08/2018,P061,4,02/08/2018,7.34,02/08/2018,8.01,Foraging,0.27,27,Observed
07/08/2018,P061,4,07/08/2018,7.06,07/08/2018,8.33,Foraging,1.27,87,Observed
02/09/2018,P061,4,02/09/2018,8.15,02/09/2018,16.23,Foraging,8.08,488,Observed
15/08/2018,P029,4,15/08/2018,8.17,16/08/2018,11.22,Not Foraging,27.05,905,Estimated
24/08/2018,P029,4,24/08/2018,7.32,24/08/2018,7.57,Not Foraging,0.25,25,Observed
15/08/2018,P025,4,15/08/2018,8.17,15/08/2018,9.57,Not Foraging,1.4,64,Observed
20/08/2018,P025,4,20/08/2018,7.57,20/08/2018,12.56,Foraging,4.59,299,Observed
24/08/2018,P025,4,24/08/2018,7.32,24/08/2018,7.57,Not Foraging,0.25,25,Observed
28/07/2018,P043,5,28/07/2018,9.35,28/07/2018,10.25,Foraging,0.5,5,Observed
12/08/2018,P043,5,12/08/2018,8.04,12/08/2018,8.28,Foraging,0.24,24,Observed
18/08/2018,P043,5,18/08/2018,7.59,18/08/2018,9.21,Not Foraging,1.22,82,Observed
01/09/2018,P043,5,01/09/2018,7.18,01/09/2018,16.24,Not Foraging,9.06,546,Observed
26/07/2018,P024,5,26/07/2018,8.22,26/07/2018,9.39,Foraging,1.17,77,Observed
29/07/2018,P024,5,29/07/2018,7.36,29/07/2018,7.46,Foraging,0.1,1,Observed
03/08/2018,P024,5,03/08/2018,8.21,03/08/2018,8.49,Foraging,0.28,28,Observed
09/08/2018,P024,5,09/08/2018,7.18,09/08/2018,9.44,Foraging,2.26,146,Observed
18/08/2018,P024,5,18/08/2018,7.59,18/08/2018,8.21,Not Foraging,0.22,22,Observed
27/08/2018,P024,5,27/08/2018,11.15,27/08/2018,14.39,Foraging,3.24,204,Observed
28/08/2018,P024,5,28/08/2018,8.02,28/08/2018,10.23,Foraging,2.21,141,Observed
29/08/2018,P024,5,29/08/2018,9.42,29/08/2018,9.57,Not Foraging,0.15,15,Observed
30/08/2018,P024,5,30/08/2018,8.4,30/08/2018,10.05,Foraging,1.25,85,Observed
25/07/2018,P052,5,25/07/2018,10.57,25/07/2018,11.26,Foraging,0.29,29,Observed
29/07/2018,P052,5,29/07/2018,7.36,29/07/2018,7.46,Foraging,0.1,1,Observed
03/08/2018,P052,5,03/08/2018,8.22,03/08/2018,8.49,Foraging,0.27,27,Observed
02/09/2018,P037,5,02/09/2018,8.33,02/09/2018,11.41,Foraging,3.08,188,Observed
28/07/2018,P063,5,28/07/2018,9.45,28/07/2018,10.25,Foraging,0.4,4,Observed
31/07/2018,P063,5,31/07/2018,9.08,31/07/2018,9.3,Foraging,0.22,22,Observed
09/08/2018,P063,5,09/08/2018,7.15,09/08/2018,9.26,Foraging,2.11,131,Observed
28/08/2018,P063,5,28/08/2018,8.02,28/08/2018,10.15,Foraging,2.13,133,Observed
30/08/2018,P063,5,30/08/2018,8.4,30/08/2018,10.01,Foraging,1.21,81,Observed
25/07/2018,P070,5,25/07/2018,10.57,25/07/2018,11.26,Foraging,0.29,29,Observed
23/07/2018,P016,5,23/07/2018,10.58,23/07/2018,11.37,Not Foraging,0.39,39,Observed
01/08/2018,P016,5,01/08/2018,8.38,01/08/2018,15.57,Foraging,7.19,439,Observed
03/08/2018,P016,5,03/08/2018,8.22,03/08/2018,8.49,Foraging,0.27,27,Observed
11/08/2018,P016,5,11/08/2018,7.52,11/08/2018,15.37,Foraging,7.45,465,Observed
25/08/2018,P016,5,25/08/2018,9.13,25/08/2018,10.03,Foraging,0.5,5,Observed
07/08/2018,P050,5,07/08/2018,7.41,07/08/2018,8.12,Not Foraging,0.31,31,Observed
10/08/2018,P050,5,10/08/2018,8.54,10/08/2018,10.14,Foraging,1.2,62,Observed
11/08/2018,P050,5,11/08/2018,7.51,11/08/2018,15.37,Foraging,7.46,466,Observed
16/08/2018,P050,5,16/08/2018,8.16,16/08/2018,16.05,Foraging,7.49,469,Observed
25/08/2018,P050,5,25/08/2018,9.13,25/08/2018,12.56,Foraging,3.43,223,Observed
07/08/2018,P028,5,07/08/2018,7.41,07/08/2018,8.12,Not Foraging,0.31,31,Observed
08/08/2018,P028,5,08/08/2018,8.29,08/08/2018,9.43,Foraging,1.14,74,Observed
11/08/2018,P028,5,11/08/2018,7.51,11/08/2018,15.37,Foraging,7.46,466,Observed
25/08/2018,P028,5,25/08/2018,9.13,25/08/2018,12.56,Foraging,3.43,223,Observed
25/07/2018,P072,5,25/07/2018,10.57,25/07/2018,11.26,Foraging,0.29,29,Observed
28/07/2018,P072,5,28/07/2018,9.45,28/07/2018,10.25,Foraging,0.4,4,Observed
05/08/2018,P072,5,05/08/2018,8.46,05/08/2018,10.39,Foraging,1.53,113,Observed
29/08/2018,P072,5,29/08/2018,9.36,29/08/2018,9.57,Not Foraging,0.21,21,Observed
31/08/2018,P072,5,31/08/2018,8.45,31/08/2018,14.09,Foraging,5.24,324,Observed
31/08/2018,P008,5,31/08/2018,8.45,31/08/2018,14.09,Foraging,5.24,324,Observed
02/09/2018,P008,5,02/09/2018,8.33,02/09/2018,11.41,Foraging,3.08,188,Observed
28/07/2018,P027,5,28/07/2018,9.35,28/07/2018,10.25,Foraging,0.5,5,Observed
09/08/2018,P027,5,09/08/2018,8.1,09/08/2018,9.44,Foraging,1.34,94,Observed
12/08/2018,P027,5,12/08/2018,8.04,12/08/2018,8.27,Foraging,0.23,23,Observed
18/08/2018,P027,5,18/08/2018,8.15,18/08/2018,8.3,Not Foraging,0.15,15,Observed
22/08/2018,P027,5,22/08/2018,7.31,22/08/2018,8.39,Foraging,1.08,68,Observed
31/08/2018,P027,5,31/08/2018,8.45,31/08/2018,14.09,Foraging,5.24,324,Observed
01/08/2018,P057,5,01/08/2018,8.38,01/08/2018,15.53,Foraging,7.15,435,Observed
03/08/2018,P057,5,03/08/2018,8.22,03/08/2018,8.45,Foraging,0.23,23,Observed
11/08/2018,P057,5,11/08/2018,7.52,11/08/2018,15.39,Foraging,7.47,467,Observed
24/08/2018,P057,5,24/08/2018,8.02,24/08/2018,10.07,Foraging,2.05,125,Observed
01/08/2018,P067,5,01/08/2018,8.41,01/08/2018,15.58,Foraging,7.17,437,Observed
11/08/2018,P067,5,11/08/2018,8.11,11/08/2018,15.37,Foraging,7.26,446,Observed
30/07/2018,P013,5,30/07/2018,7.04,30/07/2018,19.0,Not Foraging,11.56,716,Observed
14/08/2018,P069,5,14/08/2018,8.33,14/08/2018,13.49,Foraging,5.16,316,Observed
21/08/2018,P069,5,21/08/2018,9.27,21/08/2018,16.08,Foraging,6.41,401,Observed
26/08/2018,P069,5,26/08/2018,7.49,26/08/2018,13.43,Foraging,5.54,354,Observed
11/08/2018,P073,5,11/08/2018,7.5,11/08/2018,15.37,Foraging,7.47,467,Observed
14/08/2018,P055,5,14/08/2018,8.33,14/08/2018,13.49,Foraging,5.16,316,Observed
21/08/2018,P055,5,21/08/2018,9.27,21/08/2018,16.08,Foraging,6.41,401,Observed
26/08/2018,P055,5,26/08/2018,7.5,26/08/2018,13.43,Foraging,5.53,353,Observed
02/08/2018,P042,5,02/08/2018,9.0,02/08/2018,17.09,Foraging,8.09,489,Observed
20/08/2018,P042,5,20/08/2018,8.22,20/08/2018,17.18,Foraging,8.56,536,Observed
23/08/2018,P042,5,23/08/2018,8.26,23/08/2018,13.14,Foraging,4.48,288,Observed
26/08/2018,P042,5,26/08/2018,8.21,26/08/2018,13.43,Foraging,5.22,322,Observed
24/07/2018,P010,5,24/07/2018,8.16,24/07/2018,16.2,Foraging,8.04,484,Observed
05/08/2018,P010,5,05/08/2018,8.46,05/08/2018,10.39,Foraging,1.53,113,Observed
31/08/2018,P010,5,31/08/2018,8.43,31/08/2018,14.09,Foraging,5.26,326,Observed
23/07/2018,P015,5,23/07/2018,10.57,23/07/2018,11.32,Not Foraging,0.35,35,Observed
24/07/2018,P015,5,24/07/2018,8.18,24/07/2018,16.2,Foraging,8.02,482,Observed
14/08/2018,P015,5,14/08/2018,8.33,14/08/2018,13.49,Foraging,5.16,316,Observed
26/08/2018,P015,5,26/08/2018,8.21,26/08/2018,13.43,Foraging,5.22,322,Observed
31/08/2018,P015,5,31/08/2018,8.45,31/08/2018,14.09,Foraging,5.24,324,Observed
01/08/2018,P071,5,01/08/2018,8.38,01/08/2018,15.57,Foraging,7.19,439,Observed
11/08/2018,P071,5,11/08/2018,7.51,11/08/2018,15.37,Foraging,7.46,466,Observed
20/08/2018,P071,5,20/08/2018,8.19,20/08/2018,17.18,Foraging,8.59,539,Observed
21/08/2018,P071,5,21/08/2018,9.52,21/08/2018,12.23,Foraging,2.31,151,Observed
22/08/2018,P017,5,22/08/2018,7.31,22/08/2018,8.4,Foraging,1.09,69,Observed
02/08/2018,P005,5,02/08/2018,10.07,02/08/2018,17.09,Foraging,7.02,422,Observed
23/08/2018,P005,5,23/08/2018,8.23,23/08/2018,13.14,Foraging,4.51,291,Observed
03/08/2018,P040,5,03/08/2018,7.4,03/08/2018,16.26,Foraging,8.46,526,Observed
17/08/2018,P040,5,17/08/2018,8.2,17/08/2018,17.37,Foraging,9.17,557,Observed
03/08/2018,P036,5,03/08/2018,7.4,03/08/2018,15.39,Foraging,7.59,479,Observed
17/08/2018,P036,5,17/08/2018,8.2,17/08/2018,17.56,Foraging,9.36,576,Observed
27/07/2018,P031,5,27/07/2018,8.31,27/07/2018,16.35,Foraging,8.04,484,Observed
02/08/2018,P031,5,02/08/2018,8.5,02/08/2018,17.2,Foraging,8.3,483,Observed
04/08/2018,P031,5,04/08/2018,8.03,04/08/2018,18.2,Foraging,10.17,617,Observed
15/08/2018,P031,5,15/08/2018,8.21,15/08/2018,17.46,Foraging,9.25,565,Observed
27/07/2018,P079,5,27/07/2018,8.36,27/07/2018,16.35,Foraging,7.59,479,Observed
02/08/2018,P079,5,02/08/2018,8.54,02/08/2018,17.2,Foraging,8.26,506,Observed
04/08/2018,P079,5,04/08/2018,8.08,04/08/2018,18.2,Foraging,10.12,612,Observed
15/08/2018,P079,5,15/08/2018,8.18,15/08/2018,17.46,Foraging,9.28,568,Observed
19/08/2018,P079,5,19/08/2018,8.2,19/08/2018,13.18,Foraging,4.58,298,Observed
06/08/2018,P020,5,06/08/2018,6.43,06/08/2018,6.52,Foraging,0.09,9,Observed
25/08/2018,P020,5,25/08/2018,9.08,25/08/2018,12.59,Foraging,3.51,231,Observed
01/09/2018,P020,5,01/09/2018,7.18,01/09/2018,16.24,Not Foraging,9.06,546,Observed
30/07/2018,P018,5,30/07/2018,7.05,30/07/2018,18.36,Not Foraging,11.31,691,Observed
03/08/2018,P018,5,03/08/2018,8.22,03/08/2018,8.39,Foraging,0.17,17,Observed
06/08/2018,P018,5,06/08/2018,6.43,06/08/2018,6.52,Foraging,0.09,9,Observed
25/08/2018,P018,5,25/08/2018,9.11,25/08/2018,12.59,Foraging,3.48,228,Observed
27/08/2018,P018,5,27/08/2018,11.15,27/08/2018,14.39,Foraging,3.24,204,Observed
30/08/2018,P018,5,30/08/2018,8.4,30/08/2018,10.05,Foraging,1.25,85,Observed
11/08/2018,P026,5,11/08/2018,7.51,11/08/2018,15.37,Foraging,7.46,466,Observed
15/08/2018,P026,5,15/08/2018,8.17,15/08/2018,17.46,Foraging,9.29,569,Observed
16/08/2018,P026,5,16/08/2018,7.55,16/08/2018,8.0,Foraging,0.05,5,Observed
19/08/2018,P026,5,19/08/2018,8.39,19/08/2018,13.18,Foraging,4.39,279,Observed
20/08/2018,P026,5,20/08/2018,8.25,20/08/2018,17.18,Foraging,8.53,533,Observed
26/07/2018,P074,5,26/07/2018,8.22,26/07/2018,9.39,Foraging,1.17,77,Observed
27/07/2018,P074,5,27/07/2018,8.36,27/07/2018,16.35,Foraging,7.59,479,Observed
29/07/2018,P074,5,29/07/2018,7.36,29/07/2018,7.46,Foraging,0.1,1,Observed
03/08/2018,P074,5,03/08/2018,8.21,03/08/2018,8.45,Foraging,0.24,24,Observed
09/08/2018,P074,5,09/08/2018,7.15,09/08/2018,9.26,Foraging,2.11,131,Observed
25/08/2018,P074,5,25/08/2018,9.13,25/08/2018,10.03,Foraging,0.5,5,Observed
28/08/2018,P074,5,28/08/2018,8.02,28/08/2018,10.23,Foraging,2.21,141,Observed
30/08/2018,P074,5,30/08/2018,8.4,30/08/2018,10.05,Foraging,1.25,85,Observed
02/09/2018,P045,5,02/09/2018,8.33,02/09/2018,11.42,Foraging,3.09,189,Observed
31/07/2018,P056,5,31/07/2018,9.08,31/07/2018,9.3,Foraging,0.22,22,Observed
03/08/2018,P056,5,03/08/2018,8.21,03/08/2018,8.49,Foraging,0.28,28,Observed
09/08/2018,P056,5,09/08/2018,7.15,09/08/2018,9.26,Foraging,2.11,131,Observed
17/08/2018,P056,5,17/08/2018,8.2,17/08/2018,17.56,Foraging,9.36,576,Observed
28/08/2018,P056,5,28/08/2018,8.02,28/08/2018,10.15,Foraging,2.13,133,Observed
29/08/2018,P056,5,29/08/2018,9.36,29/08/2018,9.57,Not Foraging,0.21,21,Observed
02/09/2018,P033,5,02/09/2018,8.33,02/09/2018,11.42,Foraging,3.09,189,Observed
31/07/2018,P051,5,31/07/2018,9.08,31/07/2018,9.3,Foraging,0.22,22,Observed
03/08/2018,P051,5,03/08/2018,8.21,03/08/2018,8.49,Foraging,0.28,28,Observed
09/08/2018,P051,5,09/08/2018,7.15,09/08/2018,9.44,Foraging,2.29,149,Observed
28/08/2018,P051,5,28/08/2018,8.02,28/08/2018,10.23,Foraging,2.21,141,Observed
30/08/2018,P051,5,30/08/2018,8.4,30/08/2018,9.58,Foraging,1.18,78,Observed
23/07/2018,P009,5,23/07/2018,10.57,23/07/2018,11.39,Not Foraging,0.42,42,Observed
20/08/2018,P009,5,20/08/2018,8.19,20/08/2018,17.18,Foraging,8.59,539,Observed
23/07/2018,P014,5,23/07/2018,10.57,23/07/2018,11.39,Not Foraging,0.42,42,Observed
11/08/2018,P014,5,11/08/2018,7.52,11/08/2018,15.39,Foraging,7.47,467,Observed
13/08/2018,P014,5,13/08/2018,8.28,13/08/2018,8.57,Foraging,0.29,29,Observed
24/08/2018,P014,5,24/08/2018,8.02,24/08/2018,10.07,Foraging,2.05,125,Observed
01/08/2018,P061,5,01/08/2018,8.38,01/08/2018,15.53,Foraging,7.15,435,Observed
08/08/2018,P061,5,08/08/2018,8.29,08/08/2018,9.43,Foraging,1.14,74,Observed
10/08/2018,P061,5,10/08/2018,8.54,10/08/2018,10.14,Foraging,1.2,62,Observed
13/08/2018,P061,5,13/08/2018,8.28,13/08/2018,8.57,Foraging,0.29,29,Observed
09/08/2018,P029,5,09/08/2018,7.15,09/08/2018,9.44,Foraging,2.29,149,Observed
18/08/2018,P029,5,18/08/2018,7.59,18/08/2018,8.21,Not Foraging,0.22,22,Observed
03/08/2018,P025,5,03/08/2018,8.22,03/08/2018,8.59,Foraging,0.37,37,Observed
11/08/2018,P025,5,11/08/2018,7.53,11/08/2018,15.37,Foraging,7.44,464,Observed
02/09/2018,P039,5,02/09/2018,8.33,02/09/2018,11.42,Foraging,3.09,189,Observed
23/07/2018,P043,6,23/07/2018,11.47,23/07/2018,13.39,Foraging,1.52,112,Observed
27/07/2018,P043,6,27/07/2018,8.47,27/07/2018,13.42,Foraging,4.55,295,Observed
29/07/2018,P043,6,29/07/2018,8.1,29/07/2018,8.4,Foraging,0.3,3,Observed
01/08/2018,P043,6,01/08/2018,8.33,01/08/2018,8.52,Foraging,0.19,19,Observed
03/08/2018,P043,6,03/08/2018,8.36,03/08/2018,10.18,Foraging,1.42,102,Observed
12/08/2018,P043,6,12/08/2018,8.37,12/08/2018,17.44,Not Foraging,9.07,547,Observed
27/08/2018,P043,6,27/08/2018,11.4,27/08/2018,14.34,Foraging,2.54,174,Observed
29/08/2018,P043,6,29/08/2018,10.36,29/08/2018,15.0,Foraging,4.24,264,Observed
30/07/2018,P024,6,30/07/2018,7.08,30/07/2018,18.57,Not Foraging,11.49,709,Observed
05/08/2018,P024,6,05/08/2018,8.46,05/08/2018,9.49,Foraging,1.03,63,Observed
12/08/2018,P024,6,12/08/2018,8.37,12/08/2018,17.54,Not Foraging,9.17,557,Observed
31/07/2018,P052,6,31/07/2018,9.16,31/07/2018,9.47,Foraging,0.31,31,Observed
01/09/2018,P052,6,01/09/2018,10.44,01/09/2018,12.26,Foraging,1.42,102,Observed
02/09/2018,P052,6,02/09/2018,10.23,02/09/2018,11.25,Foraging,1.02,62,Observed
24/07/2018,P063,6,24/07/2018,8.24,24/07/2018,10.49,Not Foraging,2.25,145,Observed
02/08/2018,P063,6,02/08/2018,9.57,02/08/2018,12.03,Not Foraging,2.06,126,Observed
05/08/2018,P063,6,05/08/2018,8.46,05/08/2018,9.49,Foraging,1.03,63,Observed
12/08/2018,P063,6,12/08/2018,8.37,12/08/2018,17.54,Not Foraging,9.17,557,Observed
02/09/2018,P063,6,02/09/2018,10.23,02/09/2018,11.25,Foraging,1.02,62,Observed
24/07/2018,P070,6,24/07/2018,8.24,24/07/2018,10.04,Not Foraging,1.4,64,Observed
30/07/2018,P016,6,30/07/2018,7.08,30/07/2018,18.36,Not Foraging,11.28,688,Observed
31/07/2018,P016,6,31/07/2018,9.16,31/07/2018,9.47,Foraging,0.31,31,Observed
12/08/2018,P016,6,12/08/2018,8.37,12/08/2018,17.54,Not Foraging,9.17,557,Observed
31/08/2018,P016,6,31/08/2018,8.56,31/08/2018,16.43,Foraging,7.47,467,Observed
02/09/2018,P016,6,02/09/2018,10.23,02/09/2018,11.25,Foraging,1.02,62,Observed
18/08/2018,P050,6,18/08/2018,8.58,18/08/2018,17.18,Not Foraging,8.2,482,Observed
20/08/2018,P050,6,20/08/2018,8.3,20/08/2018,17.12,Foraging,8.42,522,Observed
10/08/2018,P028,6,10/08/2018,10.1,10/08/2018,10.33,Not Foraging,0.23,23,Observed
18/08/2018,P028,6,18/08/2018,8.58,18/08/2018,17.18,Not Foraging,8.2,482,Observed
20/08/2018,P028,6,20/08/2018,8.3,20/08/2018,17.12,Foraging,8.42,522,Observed
24/08/2018,P028,6,24/08/2018,8.37,24/08/2018,8.57,Foraging,0.2,2,Observed
24/07/2018,P072,6,24/07/2018,8.24,24/07/2018,10.49,Not Foraging,2.25,145,Observed
09/08/2018,P072,6,09/08/2018,7.27,09/08/2018,7.46,Foraging,0.19,19,Observed
22/08/2018,P072,6,22/08/2018,7.57,22/08/2018,12.23,Foraging,4.26,266,Observed
01/09/2018,P072,6,01/09/2018,10.44,01/09/2018,12.26,Foraging,1.42,102,Observed
08/08/2018,P008,6,08/08/2018,9.35,08/08/2018,9.46,Foraging,0.11,11,Observed
22/08/2018,P008,6,22/08/2018,7.57,22/08/2018,12.23,Foraging,4.26,266,Observed
29/07/2018,P027,6,29/07/2018,8.1,29/07/2018,8.4,Foraging,0.3,3,Observed
01/08/2018,P027,6,01/08/2018,8.33,01/08/2018,8.46,Foraging,0.13,13,Observed
03/08/2018,P027,6,03/08/2018,8.36,03/08/2018,10.18,Foraging,1.42,102,Observed
05/08/2018,P027,6,05/08/2018,9.19,05/08/2018,9.42,Foraging,0.23,23,Observed
09/08/2018,P027,6,09/08/2018,7.27,09/08/2018,7.46,Foraging,0.19,19,Observed
27/08/2018,P027,6,27/08/2018,11.4,27/08/2018,14.34,Foraging,2.54,174,Observed
29/08/2018,P027,6,29/08/2018,10.36,29/08/2018,15.0,Foraging,4.24,264,Observed
30/07/2018,P057,6,30/07/2018,7.08,30/07/2018,18.57,Not Foraging,11.49,709,Observed
18/08/2018,P057,6,18/08/2018,8.58,18/08/2018,17.18,Not Foraging,8.2,482,Observed
31/08/2018,P057,6,31/08/2018,8.54,31/08/2018,16.43,Foraging,7.49,469,Observed
01/09/2018,P057,6,01/09/2018,10.44,01/09/2018,13.27,Foraging,2.43,163,Observed
23/07/2018,P049,6,23/07/2018,11.47,23/07/2018,17.3,Foraging,5.43,343,Observed
23/07/2018,P067,6,23/07/2018,11.47,23/07/2018,17.4,Foraging,5.53,353,Observed
15/08/2018,P067,6,15/08/2018,8.32,15/08/2018,9.19,Foraging,0.47,47,Observed
28/08/2018,P067,6,28/08/2018,8.03,28/08/2018,16.25,Foraging,8.22,502,Observed
31/08/2018,P067,6,31/08/2018,9.12,31/08/2018,14.25,Foraging,5.13,313,Observed
25/07/2018,P013,6,25/07/2018,11.34,25/07/2018,13.21,Foraging,1.47,107,Observed
26/07/2018,P069,6,26/07/2018,9.07,26/07/2018,14.07,Foraging,5.0,300,Observed
06/08/2018,P069,6,06/08/2018,8.23,06/08/2018,17.22,Not Foraging,8.59,539,Observed
25/08/2018,P069,6,25/08/2018,2.29,25/08/2018,13.22,Foraging,10.53,653,Observed
06/08/2018,P073,6,06/08/2018,8.23,06/08/2018,17.22,Not Foraging,8.59,539,Observed
20/08/2018,P073,6,20/08/2018,8.3,20/08/2018,17.12,Foraging,8.42,522,Observed
28/07/2018,P055,6,28/07/2018,9.4,28/07/2018,10.42,Not Foraging,1.02,62,Observed
23/08/2018,P055,6,23/08/2018,8.28,23/08/2018,9.37,Foraging,1.09,69,Observed
25/08/2018,P055,6,25/08/2018,9.28,25/08/2018,13.22,Foraging,3.54,234,Observed
28/08/2018,P055,6,28/08/2018,7.07,28/08/2018,16.53,Foraging,9.46,586,Observed
26/07/2018,P042,6,26/07/2018,9.07,26/07/2018,14.07,Foraging,5.0,300,Observed
28/07/2018,P042,6,28/07/2018,9.41,28/07/2018,10.42,Not Foraging,1.01,61,Observed
04/08/2018,P042,6,04/08/2018,9.08,04/08/2018,18.01,Foraging,8.53,533,Observed
16/08/2018,P042,6,16/08/2018,8.33,16/08/2018,16.33,Foraging,8.0,480,Observed
25/07/2018,P010,6,25/07/2018,11.34,25/07/2018,13.15,Foraging,1.41,101,Observed
14/08/2018,P010,6,14/08/2018,8.35,14/08/2018,14.06,Foraging,5.31,331,Observed
26/07/2018,P015,6,26/07/2018,9.07,26/07/2018,14.07,Foraging,5.0,300,Observed
28/07/2018,P015,6,28/07/2018,9.4,28/07/2018,10.42,Not Foraging,1.02,62,Observed
08/08/2018,P015,6,08/08/2018,9.35,08/08/2018,9.48,Foraging,0.13,13,Observed
22/08/2018,P015,6,22/08/2018,7.57,22/08/2018,12.23,Foraging,4.26,266,Observed
23/08/2018,P015,6,23/08/2018,8.28,23/08/2018,9.37,Foraging,1.09,69,Observed
25/08/2018,P015,6,25/08/2018,9.28,25/08/2018,13.22,Foraging,3.54,234,Observed
07/08/2018,P071,6,07/08/2018,8.05,07/08/2018,8.33,Not Foraging,0.28,28,Observed
15/08/2018,P071,6,15/08/2018,8.33,15/08/2018,9.21,Foraging,0.48,48,Observed
18/08/2018,P071,6,18/08/2018,8.58,18/08/2018,17.18,Not Foraging,8.2,482,Observed
24/08/2018,P071,6,24/08/2018,8.37,24/08/2018,8.57,Foraging,0.2,2,Observed
31/08/2018,P071,6,31/08/2018,8.5,31/08/2018,16.43,Foraging,7.53,473,Observed
27/07/2018,P017,6,27/07/2018,8.47,27/07/2018,13.42,Foraging,4.55,295,Observed
27/08/2018,P017,6,27/08/2018,11.4,27/08/2018,14.34,Foraging,2.54,174,Observed
29/08/2018,P017,6,29/08/2018,10.36,29/08/2018,15.27,Foraging,4.51,291,Observed
04/08/2018,P005,6,04/08/2018,9.04,04/08/2018,18.01,Foraging,8.57,537,Observed
16/08/2018,P005,6,16/08/2018,8.3,16/08/2018,16.33,Foraging,8.03,483,Observed
27/08/2018,P005,6,27/08/2018,11.4,27/08/2018,14.34,Foraging,2.54,174,Observed
29/08/2018,P005,6,29/08/2018,10.36,29/08/2018,15.3,Foraging,4.54,294,Observed
14/08/2018,P040,6,14/08/2018,8.15,14/08/2018,13.31,Foraging,5.16,316,Observed
11/08/2018,P036,6,11/08/2018,8.02,11/08/2018,16.52,Foraging,8.5,485,Observed
13/08/2018,P031,6,13/08/2018,8.43,13/08/2018,18.0,Foraging,9.17,557,Observed
21/08/2018,P031,6,21/08/2018,9.32,21/08/2018,18.11,Foraging,8.39,519,Observed
26/08/2018,P031,6,26/08/2018,8.02,26/08/2018,18.19,Foraging,10.17,617,Observed
29/08/2018,P031,6,29/08/2018,11.28,29/08/2018,15.19,Foraging,3.51,231,Observed
30/08/2018,P031,6,30/08/2018,9.0,30/08/2018,18.17,Foraging,9.17,557,Observed
13/08/2018,P079,6,13/08/2018,8.43,13/08/2018,18.01,Foraging,9.18,558,Observed
21/08/2018,P079,6,21/08/2018,9.35,21/08/2018,18.11,Foraging,8.36,516,Observed
26/08/2018,P079,6,26/08/2018,8.07,26/08/2018,18.19,Foraging,10.12,612,Observed
30/08/2018,P079,6,30/08/2018,9.02,30/08/2018,18.17,Foraging,9.15,555,Observed
10/08/2018,P020,6,10/08/2018,10.1,10/08/2018,10.31,Not Foraging,0.21,21,Observed
27/08/2018,P020,6,27/08/2018,12.03,27/08/2018,14.34,Foraging,2.31,151,Observed
29/08/2018,P020,6,29/08/2018,10.36,29/08/2018,14.58,Foraging,4.22,262,Observed
02/08/2018,P018,6,02/08/2018,9.57,02/08/2018,12.03,Not Foraging,2.06,126,Observed
12/08/2018,P018,6,12/08/2018,8.37,12/08/2018,17.54,Not Foraging,9.17,557,Observed
17/08/2018,P018,6,17/08/2018,8.34,17/08/2018,9.23,Foraging,0.49,49,Observed
29/08/2018,P018,6,29/08/2018,10.36,29/08/2018,15.19,Foraging,4.43,283,Observed
02/09/2018,P018,6,02/09/2018,10.23,02/09/2018,11.25,Foraging,1.02,62,Observed
13/08/2018,P026,6,13/08/2018,8.43,13/08/2018,18.01,Foraging,9.18,558,Observed
16/08/2018,P026,6,16/08/2018,8.36,16/08/2018,16.33,Foraging,7.57,477,Observed
17/08/2018,P026,6,17/08/2018,8.34,17/08/2018,9.23,Foraging,0.49,49,Observed
18/08/2018,P026,6,18/08/2018,8.58,18/08/2018,17.18,Not Foraging,8.2,482,Observed
26/08/2018,P026,6,26/08/2018,8.07,26/08/2018,18.19,Foraging,10.12,612,Observed
30/07/2018,P074,6,30/07/2018,7.08,30/07/2018,18.36,Not Foraging,11.28,688,Observed
12/08/2018,P074,6,12/08/2018,8.37,12/08/2018,17.54,Not Foraging,9.17,557,Observed
29/08/2018,P074,6,29/08/2018,10.36,29/08/2018,15.09,Foraging,4.33,273,Observed
02/08/2018,P056,6,02/08/2018,9.57,02/08/2018,12.03,Not Foraging,2.06,126,Observed
05/08/2018,P056,6,05/08/2018,8.46,05/08/2018,9.49,Foraging,1.03,63,Observed
02/09/2018,P056,6,02/09/2018,10.23,02/09/2018,11.25,Foraging,1.02,62,Observed
30/07/2018,P051,6,30/07/2018,7.08,30/07/2018,18.36,Not Foraging,11.28,688,Observed
02/08/2018,P051,6,02/08/2018,9.57,02/08/2018,12.03,Not Foraging,2.06,126,Observed
05/08/2018,P051,6,05/08/2018,8.46,05/08/2018,11.0,Foraging,2.14,134,Observed
12/08/2018,P051,6,12/08/2018,8.37,12/08/2018,17.54,Not Foraging,9.17,557,Observed
29/08/2018,P051,6,29/08/2018,10.36,29/08/2018,10.37,Foraging,0.01,1,Observed
28/07/2018,P009,6,28/07/2018,9.43,28/07/2018,10.42,Not Foraging,0.59,59,Observed
07/08/2018,P009,6,07/08/2018,8.05,07/08/2018,8.33,Not Foraging,0.28,28,Observed
19/08/2018,P009,6,19/08/2018,9.12,19/08/2018,9.4,Not Foraging,0.28,28,Observed
31/08/2018,P009,6,31/08/2018,8.5,31/08/2018,16.43,Foraging,7.53,473,Observed
26/07/2018,P002,6,26/07/2018,9.08,26/07/2018,14.07,Foraging,4.59,299,Observed
28/07/2018,P002,6,28/07/2018,9.4,28/07/2018,10.42,Not Foraging,1.02,62,Observed
31/08/2018,P014,6,31/08/2018,8.56,31/08/2018,16.43,Foraging,7.47,467,Observed
01/09/2018,P014,6,01/09/2018,10.44,01/09/2018,13.24,Foraging,2.4,124,Observed
30/07/2018,P061,6,30/07/2018,7.12,30/07/2018,18.57,Not Foraging,11.45,705,Observed
31/07/2018,P061,6,31/07/2018,9.16,31/07/2018,9.47,Foraging,0.31,31,Observed
31/08/2018,P061,6,31/08/2018,9.08,31/08/2018,9.3,Foraging,0.22,22,Observed
05/08/2018,P029,6,05/08/2018,8.46,05/08/2018,11.0,Foraging,2.14,134,Observed
12/08/2018,P029,6,12/08/2018,8.37,12/08/2018,17.54,Not Foraging,9.17,557,Observed
07/08/2018,P025,6,07/08/2018,8.05,07/08/2018,8.33,Not Foraging,0.28,28,Observed
12/08/2018,P025,6,12/08/2018,8.37,12/08/2018,17.54,Not Foraging,9.17,557,Observed
19/08/2018,P025,6,19/08/2018,9.12,19/08/2018,9.4,Not Foraging,0.28,28,Observed
11/08/2018,P039,6,11/08/2018,8.01,11/08/2018,16.52,Foraging,8.51,531,Observed
24/07/2018,P043,7,24/07/2018,8.4,24/07/2018,10.09,Foraging,1.29,89,Observed
25/07/2018,P043,7,25/07/2018,12.48,25/07/2018,14.31,Foraging,1.43,103,Observed
02/08/2018,P043,7,02/08/2018,9.21,02/08/2018,10.39,Foraging,1.18,78,Observed
07/08/2018,P043,7,07/08/2018,8.09,07/08/2018,11.33,Foraging,3.24,204,Observed
10/08/2018,P043,7,10/08/2018,10.19,10/08/2018,11.32,Foraging,1.13,73,Observed
23/08/2018,P043,7,23/08/2018,8.39,23/08/2018,13.34,Foraging,4.55,295,Observed
24/08/2018,P043,7,24/08/2018,9.32,24/08/2018,15.38,Foraging,6.06,366,Observed
30/08/2018,P043,7,30/08/2018,9.03,30/08/2018,15.45,Not Foraging,6.42,402,Observed
25/07/2018,P024,7,25/07/2018,12.48,25/07/2018,14.39,Foraging,1.51,111,Observed
28/07/2018,P024,7,28/07/2018,9.55,28/07/2018,11.57,Foraging,2.02,122,Observed
01/08/2018,P024,7,01/08/2018,8.42,01/08/2018,10.38,Not Foraging,1.56,116,Observed
03/08/2018,P024,7,03/08/2018,8.54,03/08/2018,11.2,Foraging,2.26,146,Observed
24/08/2018,P024,7,24/08/2018,9.32,24/08/2018,15.56,Foraging,6.24,384,Observed
29/08/2018,P024,7,29/08/2018,10.23,29/08/2018,12.33,Foraging,2.1,121,Observed
16/08/2018,P052,7,16/08/2018,9.2,16/08/2018,10.04,Foraging,0.44,44,Observed
29/08/2018,P052,7,29/08/2018,10.23,29/08/2018,12.33,Foraging,2.1,121,Observed
02/09/2018,P052,7,02/09/2018,11.57,02/09/2018,12.28,Not Foraging,0.31,31,Observed
11/08/2018,P037,7,11/08/2018,8.05,11/08/2018,8.06,Foraging,0.01,1,Observed
16/08/2018,P037,7,16/08/2018,9.2,16/08/2018,9.29,Foraging,0.09,9,Observed
29/08/2018,P037,7,29/08/2018,10.23,29/08/2018,12.27,Foraging,2.04,124,Observed
25/07/2018,P063,7,25/07/2018,12.48,25/07/2018,14.39,Foraging,1.51,111,Observed
31/07/2018,P063,7,31/07/2018,9.37,31/07/2018,9.48,Not Foraging,0.11,11,Observed
03/08/2018,P063,7,03/08/2018,8.55,03/08/2018,11.2,Foraging,2.25,145,Observed
07/08/2018,P063,7,07/08/2018,8.57,07/08/2018,16.58,Foraging,8.01,481,Observed
08/08/2018,P063,7,08/08/2018,9.36,08/08/2018,9.49,Foraging,0.13,13,Observed
16/08/2018,P063,7,16/08/2018,9.2,16/08/2018,10.04,Foraging,0.44,44,Observed
18/08/2018,P063,7,18/08/2018,9.0,18/08/2018,16.4,Foraging,7.4,424,Observed
29/08/2018,P070,7,29/08/2018,10.23,29/08/2018,12.27,Foraging,2.04,124,Observed
01/09/2018,P070,7,01/09/2018,10.4,01/09/2018,11.03,Foraging,0.23,23,Observed
25/07/2018,P016,7,25/07/2018,12.48,25/07/2018,14.39,Foraging,1.51,111,Observed
16/08/2018,P016,7,16/08/2018,9.23,16/08/2018,10.04,Foraging,0.41,41,Observed
18/08/2018,P016,7,18/08/2018,9.0,18/08/2018,16.53,Foraging,7.53,473,Observed
28/08/2018,P016,7,28/08/2018,8.25,28/08/2018,15.51,Foraging,7.26,446,Observed
02/09/2018,P016,7,02/09/2018,11.56,02/09/2018,12.28,Not Foraging,0.32,32,Observed
26/08/2018,P050,7,26/08/2018,8.11,26/08/2018,16.24,Not Foraging,8.13,493,Observed
28/08/2018,P028,7,28/08/2018,8.25,28/08/2018,15.51,Foraging,7.26,446,Observed
23/07/2018,P072,7,23/07/2018,11.4,23/07/2018,14.39,Foraging,2.59,179,Observed
30/07/2018,P072,7,30/07/2018,8.38,30/07/2018,17.55,Foraging,9.17,557,Observed
31/07/2018,P072,7,31/07/2018,9.37,31/07/2018,9.48,Not Foraging,0.11,11,Observed
16/08/2018,P072,7,16/08/2018,9.2,16/08/2018,9.32,Foraging,0.12,12,Observed
29/08/2018,P072,7,29/08/2018,11.21,29/08/2018,12.31,Foraging,1.1,61,Observed
09/08/2018,P008,7,09/08/2018,7.33,09/08/2018,8.41,Foraging,1.08,68,Observed
16/08/2018,P008,7,16/08/2018,9.2,16/08/2018,9.32,Foraging,0.12,12,Observed
29/08/2018,P008,7,29/08/2018,10.23,29/08/2018,12.31,Foraging,2.08,128,Observed
01/09/2018,P008,7,01/09/2018,10.4,01/09/2018,11.28,Foraging,0.48,48,Observed
24/07/2018,P027,7,24/07/2018,8.4,24/07/2018,10.11,Foraging,1.31,91,Observed
25/07/2018,P027,7,25/07/2018,12.48,25/07/2018,13.41,Foraging,0.53,53,Observed
01/08/2018,P027,7,01/08/2018,9.39,01/08/2018,10.38,Not Foraging,0.59,59,Observed
07/08/2018,P027,7,07/08/2018,8.13,07/08/2018,11.33,Foraging,3.2,182,Observed
10/08/2018,P027,7,10/08/2018,10.15,10/08/2018,12.1,Foraging,1.55,115,Observed
23/08/2018,P027,7,23/08/2018,8.39,23/08/2018,13.34,Foraging,4.55,295,Observed
24/08/2018,P027,7,24/08/2018,9.32,24/08/2018,15.38,Foraging,6.06,366,Observed
17/08/2018,P057,7,17/08/2018,8.45,17/08/2018,9.24,Not Foraging,0.39,39,Observed
25/08/2018,P057,7,25/08/2018,9.39,25/08/2018,12.26,Foraging,2.47,167,Observed
28/08/2018,P057,7,28/08/2018,8.26,28/08/2018,15.51,Foraging,7.25,445,Observed
29/08/2018,P057,7,29/08/2018,10.23,29/08/2018,12.33,Foraging,2.1,121,Observed
02/08/2018,P049,7,02/08/2018,9.21,02/08/2018,10.39,Foraging,1.18,78,Observed
12/08/2018,P049,7,12/08/2018,8.1,12/08/2018,12.35,Foraging,4.25,265,Observed
21/08/2018,P049,7,21/08/2018,10.01,21/08/2018,16.4,Foraging,6.39,399,Observed
07/08/2018,P067,7,07/08/2018,8.47,07/08/2018,16.58,Foraging,8.11,491,Observed
18/08/2018,P067,7,18/08/2018,9.0,18/08/2018,16.4,Foraging,7.4,424,Observed
19/08/2018,P067,7,19/08/2018,9.15,19/08/2018,9.39,Foraging,0.24,24,Observed
21/08/2018,P067,7,21/08/2018,9.52,21/08/2018,16.4,Foraging,6.48,408,Observed
26/07/2018,P013,7,26/07/2018,8.58,26/07/2018,10.24,Foraging,1.26,86,Observed
07/08/2018,P069,7,07/08/2018,8.09,07/08/2018,16.58,Foraging,8.49,529,Observed
19/08/2018,P069,7,19/08/2018,9.15,19/08/2018,10.25,Foraging,1.1,61,Observed
26/08/2018,P073,7,26/08/2018,8.11,26/08/2018,17.02,Foraging,8.51,531,Observed
30/07/2018,P042,7,30/07/2018,8.4,30/07/2018,17.55,Foraging,9.15,555,Observed
14/08/2018,P042,7,14/08/2018,9.01,14/08/2018,12.05,Foraging,3.04,184,Observed
15/08/2018,P042,7,15/08/2018,8.55,15/08/2018,16.06,Foraging,7.11,431,Observed
18/08/2018,P042,7,18/08/2018,9.0,18/08/2018,16.4,Foraging,7.4,424,Observed
22/08/2018,P042,7,22/08/2018,9.21,22/08/2018,15.58,Foraging,6.37,397,Observed
23/07/2018,P010,7,23/07/2018,11.4,23/07/2018,14.39,Foraging,2.59,179,Observed
30/08/2018,P010,7,30/08/2018,9.06,30/08/2018,15.47,Not Foraging,6.41,401,Observed
06/08/2018,P015,7,06/08/2018,8.46,06/08/2018,11.1,Foraging,2.24,144,Observed
04/08/2018,P071,7,04/08/2018,9.05,04/08/2018,13.31,Foraging,4.26,266,Observed
06/08/2018,P071,7,06/08/2018,8.43,06/08/2018,12.44,Foraging,4.01,241,Observed
24/08/2018,P071,7,24/08/2018,9.52,24/08/2018,15.56,Foraging,6.04,364,Observed
10/08/2018,P017,7,10/08/2018,10.15,10/08/2018,12.16,Foraging,2.01,121,Observed
23/08/2018,P017,7,23/08/2018,8.39,23/08/2018,13.3,Foraging,4.51,291,Observed
24/08/2018,P017,7,24/08/2018,9.32,24/08/2018,15.56,Foraging,6.24,384,Observed
30/07/2018,P005,7,30/07/2018,8.38,30/07/2018,17.55,Foraging,9.17,557,Observed
12/08/2018,P005,7,12/08/2018,8.1,12/08/2018,12.35,Foraging,4.25,265,Observed
15/08/2018,P005,7,15/08/2018,8.5,15/08/2018,16.06,Foraging,7.16,436,Observed
22/08/2018,P005,7,22/08/2018,9.12,22/08/2018,15.58,Foraging,6.46,406,Observed
05/08/2018,P040,7,05/08/2018,8.59,05/08/2018,16.11,Foraging,7.12,432,Observed
05/08/2018,P036,7,05/08/2018,8.59,05/08/2018,16.11,Foraging,7.12,432,Observed
18/08/2018,P036,7,18/08/2018,9.0,18/08/2018,16.53,Foraging,7.53,473,Observed
26/07/2018,P031,7,26/07/2018,9.02,26/07/2018,10.24,Foraging,1.22,82,Observed
29/07/2018,P031,7,29/07/2018,8.25,29/07/2018,17.3,Foraging,9.05,545,Observed
31/08/2018,P031,7,31/08/2018,8.56,31/08/2018,13.2,Foraging,4.24,264,Observed
29/07/2018,P079,7,29/07/2018,8.22,29/07/2018,17.29,Foraging,9.07,547,Observed
31/08/2018,P079,7,31/08/2018,8.56,31/08/2018,13.2,Foraging,4.24,264,Observed
23/08/2018,P020,7,23/08/2018,8.39,23/08/2018,13.34,Foraging,4.55,295,Observed
28/07/2018,P018,7,28/07/2018,9.55,28/07/2018,11.57,Foraging,2.02,122,Observed
29/07/2018,P018,7,29/07/2018,8.22,29/07/2018,17.29,Foraging,9.07,547,Observed
14/08/2018,P026,7,14/08/2018,9.01,14/08/2018,12.05,Foraging,3.04,184,Observed
28/08/2018,P026,7,28/08/2018,8.25,28/08/2018,15.51,Foraging,7.26,446,Observed
28/07/2018,P074,7,28/07/2018,9.55,28/07/2018,11.57,Foraging,2.02,122,Observed
01/08/2018,P074,7,01/08/2018,9.2,01/08/2018,9.35,Not Foraging,0.15,15,Observed
10/08/2018,P074,7,10/08/2018,10.19,10/08/2018,10.59,Foraging,0.4,4,Observed
05/08/2018,P045,7,05/08/2018,8.59,05/08/2018,16.11,Foraging,7.12,432,Observed
01/09/2018,P045,7,01/09/2018,10.3,01/09/2018,11.28,Foraging,0.58,58,Observed
31/07/2018,P056,7,31/07/2018,9.37,31/07/2018,9.48,Not Foraging,0.11,11,Observed
03/08/2018,P056,7,03/08/2018,8.55,03/08/2018,11.2,Foraging,2.25,145,Observed
08/08/2018,P056,7,08/08/2018,9.36,08/08/2018,9.49,Foraging,0.13,13,Observed
16/08/2018,P056,7,16/08/2018,9.2,16/08/2018,10.04,Foraging,0.44,44,Observed
18/08/2018,P056,7,18/08/2018,9.0,18/08/2018,16.53,Foraging,7.53,473,Observed
29/08/2018,P056,7,29/08/2018,11.21,29/08/2018,12.31,Foraging,1.1,61,Observed
01/09/2018,P033,7,01/09/2018,10.4,01/09/2018,11.28,Foraging,0.48,48,Observed
01/08/2018,P051,7,01/08/2018,8.42,01/08/2018,10.38,Not Foraging,1.56,116,Observed
03/08/2018,P051,7,03/08/2018,8.54,03/08/2018,11.2,Foraging,2.26,146,Observed
18/08/2018,P051,7,18/08/2018,9.0,18/08/2018,16.53,Foraging,7.53,473,Observed
20/08/2018,P051,7,20/08/2018,10.56,20/08/2018,11.58,Foraging,1.02,62,Observed
10/08/2018,P059,7,10/08/2018,10.15,10/08/2018,11.15,Foraging,1.0,60,Observed
25/08/2018,P059,7,25/08/2018,9.4,25/08/2018,12.26,Foraging,2.46,166,Observed
27/08/2018,P059,7,27/08/2018,12.02,27/08/2018,14.18,Foraging,2.16,136,Observed
30/08/2018,P059,7,30/08/2018,9.03,30/08/2018,15.45,Not Foraging,6.42,402,Observed
04/08/2018,P009,7,04/08/2018,9.21,04/08/2018,13.31,Foraging,4.1,241,Observed
18/08/2018,P009,7,18/08/2018,9.0,18/08/2018,16.54,Foraging,7.54,474,Observed
27/08/2018,P009,7,27/08/2018,12.02,27/08/2018,14.18,Foraging,2.16,136,Observed
31/08/2018,P065,7,31/08/2018,8.56,31/08/2018,13.05,Foraging,4.09,249,Observed
04/08/2018,P014,7,04/08/2018,9.15,04/08/2018,13.58,Foraging,4.43,283,Observed
13/08/2018,P014,7,13/08/2018,8.59,13/08/2018,9.42,Foraging,0.43,43,Observed
04/08/2018,P061,7,04/08/2018,9.15,04/08/2018,13.58,Foraging,4.43,283,Observed
09/08/2018,P061,7,09/08/2018,7.33,09/08/2018,8.41,Foraging,1.08,68,Observed
11/08/2018,P061,7,11/08/2018,8.05,11/08/2018,8.25,Foraging,0.2,2,Observed
13/08/2018,P061,7,13/08/2018,8.59,13/08/2018,9.42,Foraging,0.43,43,Observed
17/08/2018,P061,7,17/08/2018,8.45,17/08/2018,9.24,Not Foraging,0.39,39,Observed
18/08/2018,P061,7,18/08/2018,9.0,18/08/2018,16.53,Foraging,7.53,473,Observed
25/08/2018,P061,7,25/08/2018,9.39,25/08/2018,12.26,Foraging,2.47,167,Observed
26/08/2018,P061,7,26/08/2018,8.11,26/08/2018,16.24,Not Foraging,8.13,493,Observed
28/08/2018,P061,7,28/08/2018,8.03,28/08/2018,15.51,Foraging,7.48,468,Observed
03/08/2018,P029,7,03/08/2018,8.54,03/08/2018,11.2,Foraging,2.26,146,Observed
08/08/2018,P029,7,08/08/2018,9.36,08/08/2018,9.49,Foraging,0.13,13,Observed
20/08/2018,P029,7,20/08/2018,10.56,20/08/2018,11.58,Foraging,1.02,62,Observed
16/08/2018,P025,7,16/08/2018,9.2,16/08/2018,10.04,Foraging,0.44,44,Observed
18/08/2018,P025,7,18/08/2018,9.0,18/08/2018,16.53,Foraging,7.53,473,Observed
01/08/2018,P043,8,01/08/2018,8.52,01/08/2018,13.0,Foraging,4.08,248,Observed
09/08/2018,P043,8,09/08/2018,7.45,09/08/2018,13.34,Foraging,5.49,349,Observed
18/08/2018,P043,8,18/08/2018,9.32,18/08/2018,12.07,Foraging,2.35,155,Observed
31/08/2018,P043,8,31/08/2018,9.1,31/08/2018,12.39,Foraging,3.29,209,Observed
23/07/2018,P024,8,23/07/2018,11.59,23/07/2018,12.58,Foraging,0.59,59,Observed
10/08/2018,P024,8,10/08/2018,10.53,10/08/2018,13.07,Foraging,2.14,134,Observed
17/08/2018,P024,8,17/08/2018,9.21,17/08/2018,9.36,Foraging,0.15,15,Observed
18/08/2018,P024,8,18/08/2018,9.32,18/08/2018,10.55,Foraging,1.23,83,Observed
25/08/2018,P024,8,25/08/2018,10.28,25/08/2018,12.37,Foraging,2.09,129,Observed
26/08/2018,P024,8,26/08/2018,8.51,26/08/2018,9.12,Foraging,0.21,21,Observed
29/08/2018,P024,8,29/08/2018,13.48,29/08/2018,14.08,Foraging,0.2,2,Observed
23/07/2018,P052,8,23/07/2018,11.57,23/07/2018,12.52,Foraging,0.55,55,Observed
22/08/2018,P052,8,22/08/2018,10.04,22/08/2018,10.24,Foraging,0.2,2,Observed
28/07/2018,P037,8,28/07/2018,10.27,28/07/2018,10.33,Foraging,0.06,6,Observed
01/08/2018,P037,8,01/08/2018,8.45,01/08/2018,16.25,Foraging,7.4,424,Observed
02/08/2018,P037,8,02/08/2018,10.2,02/08/2018,16.39,Foraging,6.19,379,Observed
14/08/2018,P037,8,14/08/2018,10.06,14/08/2018,10.16,Foraging,0.1,1,Observed
19/08/2018,P037,8,19/08/2018,9.53,19/08/2018,9.55,Foraging,0.02,2,Observed
22/08/2018,P037,8,22/08/2018,10.04,22/08/2018,10.2,Foraging,0.16,16,Observed
25/08/2018,P037,8,25/08/2018,11.21,25/08/2018,11.51,Foraging,0.3,3,Observed
23/07/2018,P063,8,23/07/2018,11.57,23/07/2018,12.52,Foraging,0.55,55,Observed
26/07/2018,P063,8,26/07/2018,9.1,26/07/2018,9.28,Foraging,0.18,18,Observed
07/08/2018,P063,8,07/08/2018,8.15,07/08/2018,8.57,Foraging,0.42,42,Observed
19/08/2018,P063,8,19/08/2018,8.4,19/08/2018,14.44,Foraging,6.04,364,Observed
22/08/2018,P063,8,22/08/2018,10.04,22/08/2018,10.24,Foraging,0.2,2,Observed
25/08/2018,P063,8,25/08/2018,10.28,25/08/2018,12.15,Foraging,1.47,107,Observed
27/08/2018,P063,8,27/08/2018,12.56,27/08/2018,13.33,Foraging,0.37,37,Observed
02/09/2018,P063,8,02/09/2018,12.16,02/09/2018,13.34,Foraging,1.18,78,Observed
26/07/2018,P070,8,26/07/2018,9.1,26/07/2018,9.28,Foraging,0.18,18,Observed
19/08/2018,P070,8,19/08/2018,9.25,19/08/2018,9.54,Foraging,0.29,29,Observed
22/08/2018,P070,8,22/08/2018,10.04,22/08/2018,10.24,Foraging,0.2,2,Observed
23/07/2018,P016,8,23/07/2018,11.57,23/07/2018,12.52,Foraging,0.55,55,Observed
05/08/2018,P016,8,05/08/2018,9.0,05/08/2018,9.42,Foraging,0.42,42,Observed
17/08/2018,P016,8,17/08/2018,9.21,17/08/2018,9.33,Foraging,0.12,12,Observed
19/08/2018,P016,8,19/08/2018,9.53,19/08/2018,14.44,Foraging,4.51,291,Observed
24/08/2018,P016,8,24/08/2018,9.52,24/08/2018,16.38,Foraging,6.46,406,Observed
25/08/2018,P016,8,25/08/2018,11.21,25/08/2018,11.51,Foraging,0.3,3,Observed
12/08/2018,P050,8,12/08/2018,9.19,12/08/2018,14.43,Not Foraging,5.24,324,Observed
12/08/2018,P028,8,12/08/2018,9.19,12/08/2018,14.43,Not Foraging,5.24,324,Observed
15/08/2018,P028,8,15/08/2018,8.57,15/08/2018,17.23,Foraging,8.26,506,Observed
16/08/2018,P028,8,16/08/2018,10.24,16/08/2018,15.15,Foraging,4.51,291,Observed
23/08/2018,P028,8,23/08/2018,8.4,23/08/2018,13.05,Foraging,4.25,265,Observed
24/08/2018,P028,8,24/08/2018,9.46,24/08/2018,16.38,Foraging,6.52,412,Observed
26/07/2018,P072,8,26/07/2018,9.1,26/07/2018,9.28,Foraging,0.18,18,Observed
19/08/2018,P072,8,19/08/2018,9.25,19/08/2018,14.44,Foraging,5.19,319,Observed
29/08/2018,P072,8,29/08/2018,13.48,29/08/2018,14.2,Foraging,0.32,32,Observed
26/07/2018,P008,8,26/07/2018,9.1,26/07/2018,9.28,Foraging,0.18,18,Observed
28/07/2018,P008,8,28/07/2018,10.27,28/07/2018,10.33,Foraging,0.06,6,Observed
14/08/2018,P008,8,14/08/2018,10.06,14/08/2018,10.16,Foraging,0.1,1,Observed
19/08/2018,P008,8,19/08/2018,9.53,19/08/2018,9.55,Foraging,0.02,2,Observed
23/07/2018,P027,8,23/07/2018,11.57,23/07/2018,12.52,Foraging,0.55,55,Observed
26/07/2018,P027,8,26/07/2018,9.1,26/07/2018,9.28,Foraging,0.18,18,Observed
04/08/2018,P027,8,04/08/2018,9.21,04/08/2018,13.42,Foraging,4.21,261,Observed
18/08/2018,P027,8,18/08/2018,9.32,18/08/2018,11.13,Foraging,1.41,101,Observed
03/08/2018,P057,8,03/08/2018,9.46,03/08/2018,16.38,Foraging,6.52,412,Observed
16/08/2018,P035,8,16/08/2018,10.24,16/08/2018,15.15,Foraging,4.51,291,Observed
31/08/2018,P049,8,31/08/2018,9.1,31/08/2018,13.17,Foraging,4.07,247,Observed
27/07/2018,P067,8,27/07/2018,9.38,27/07/2018,16.06,Foraging,6.28,388,Observed
31/07/2018,P067,8,31/07/2018,10.1,31/07/2018,14.09,Foraging,3.59,239,Observed
03/08/2018,P067,8,03/08/2018,10.29,03/08/2018,16.05,Foraging,5.36,336,Observed
06/08/2018,P067,8,06/08/2018,8.45,06/08/2018,11.1,Foraging,2.25,145,Observed
27/08/2018,P067,8,27/08/2018,12.56,27/08/2018,17.04,Foraging,4.08,248,Observed
01/08/2018,P013,8,01/08/2018,8.37,01/08/2018,16.25,Foraging,7.48,468,Observed
02/08/2018,P013,8,02/08/2018,8.54,02/08/2018,16.39,Foraging,7.45,465,Observed
01/08/2018,P069,8,01/08/2018,8.45,01/08/2018,16.25,Foraging,7.4,424,Observed
02/08/2018,P069,8,02/08/2018,10.23,02/08/2018,16.39,Foraging,6.16,376,Observed
03/08/2018,P069,8,03/08/2018,10.29,03/08/2018,16.04,Foraging,5.35,335,Observed
11/08/2018,P069,8,11/08/2018,8.23,11/08/2018,15.39,Foraging,7.16,436,Observed
13/08/2018,P069,8,13/08/2018,9.15,13/08/2018,14.58,Foraging,5.43,343,Observed
20/08/2018,P069,8,20/08/2018,11.08,20/08/2018,12.48,Not Foraging,1.4,64,Observed
12/08/2018,P073,8,12/08/2018,9.19,12/08/2018,14.45,Not Foraging,5.26,326,Observed
16/08/2018,P073,8,16/08/2018,10.24,16/08/2018,15.16,Foraging,4.52,292,Observed
27/07/2018,P055,8,27/07/2018,9.38,27/07/2018,16.06,Foraging,6.28,388,Observed
11/08/2018,P055,8,11/08/2018,8.11,11/08/2018,15.37,Foraging,7.26,446,Observed
13/08/2018,P055,8,13/08/2018,9.15,13/08/2018,14.58,Foraging,5.43,343,Observed
20/08/2018,P055,8,20/08/2018,11.08,20/08/2018,12.48,Not Foraging,1.4,64,Observed
21/08/2018,P042,8,21/08/2018,10.08,21/08/2018,18.05,Foraging,7.57,477,Observed
28/08/2018,P042,8,28/08/2018,8.26,28/08/2018,17.09,Foraging,8.43,523,Observed
03/08/2018,P015,8,03/08/2018,10.36,03/08/2018,16.04,Foraging,5.28,328,Observed
04/08/2018,P015,8,04/08/2018,9.21,04/08/2018,13.42,Foraging,4.21,261,Observed
27/07/2018,P071,8,27/07/2018,9.41,27/07/2018,16.06,Foraging,6.25,385,Observed
31/07/2018,P071,8,31/07/2018,10.11,31/07/2018,14.09,Foraging,3.58,238,Observed
02/08/2018,P071,8,02/08/2018,10.2,02/08/2018,16.15,Foraging,5.55,355,Observed
03/08/2018,P071,8,03/08/2018,9.0,03/08/2018,12.27,Foraging,3.27,207,Observed
02/08/2018,P017,8,02/08/2018,8.19,02/08/2018,16.15,Foraging,7.56,476,Observed
03/08/2018,P017,8,03/08/2018,8.54,03/08/2018,12.27,Foraging,3.33,213,Observed
09/08/2018,P017,8,09/08/2018,7.45,09/08/2018,13.34,Foraging,5.49,349,Observed
01/09/2018,P017,8,01/09/2018,11.46,01/09/2018,13.34,Foraging,1.48,108,Observed
21/08/2018,P005,8,21/08/2018,10.08,21/08/2018,18.05,Foraging,7.57,477,Observed
28/08/2018,P005,8,28/08/2018,8.21,28/08/2018,17.09,Foraging,8.48,528,Observed
23/08/2018,P079,8,23/08/2018,8.4,23/08/2018,13.0,Foraging,4.2,242,Observed
09/08/2018,P020,8,09/08/2018,7.46,09/08/2018,8.23,Foraging,0.37,37,Observed
15/08/2018,P020,8,15/08/2018,8.51,15/08/2018,17.23,Foraging,8.32,512,Observed
24/08/2018,P020,8,24/08/2018,9.44,24/08/2018,16.38,Foraging,6.54,414,Observed
25/07/2018,P018,8,25/07/2018,12.48,25/07/2018,16.01,Foraging,3.13,193,Observed
10/08/2018,P018,8,10/08/2018,10.5,10/08/2018,13.07,Foraging,2.17,137,Observed
24/08/2018,P018,8,24/08/2018,9.44,24/08/2018,16.38,Foraging,6.54,414,Observed
26/08/2018,P018,8,26/08/2018,8.51,26/08/2018,9.12,Foraging,0.21,21,Observed
02/09/2018,P018,8,02/09/2018,12.16,02/09/2018,13.34,Foraging,1.18,78,Observed
07/08/2018,P026,8,07/08/2018,8.1,07/08/2018,9.16,Foraging,1.06,66,Observed
08/08/2018,P026,8,08/08/2018,10.01,08/08/2018,12.49,Foraging,2.48,168,Observed
23/08/2018,P026,8,23/08/2018,8.4,23/08/2018,13.05,Foraging,4.25,265,Observed
24/08/2018,P026,8,24/08/2018,9.47,24/08/2018,16.38,Foraging,6.51,411,Observed
30/08/2018,P026,8,30/08/2018,9.5,30/08/2018,12.41,Foraging,2.51,171,Observed
25/07/2018,P074,8,25/07/2018,12.48,25/07/2018,16.01,Foraging,3.13,193,Observed
18/08/2018,P074,8,18/08/2018,10.46,18/08/2018,10.55,Foraging,0.09,9,Observed
25/08/2018,P074,8,25/08/2018,11.21,25/08/2018,12.37,Foraging,1.16,76,Observed
26/08/2018,P074,8,26/08/2018,8.52,26/08/2018,8.57,Foraging,0.05,5,Observed
14/08/2018,P045,8,14/08/2018,10.06,14/08/2018,10.16,Foraging,0.1,1,Observed
22/08/2018,P045,8,22/08/2018,10.04,22/08/2018,10.24,Foraging,0.2,2,Observed
07/08/2018,P056,8,07/08/2018,8.15,07/08/2018,8.57,Foraging,0.42,42,Observed
19/08/2018,P056,8,19/08/2018,9.25,19/08/2018,14.44,Foraging,5.19,319,Observed
22/08/2018,P056,8,22/08/2018,10.04,22/08/2018,10.24,Foraging,0.2,2,Observed
25/08/2018,P056,8,25/08/2018,10.28,25/08/2018,12.37,Foraging,2.09,129,Observed
29/08/2018,P056,8,29/08/2018,13.48,29/08/2018,14.2,Foraging,0.32,32,Observed
02/09/2018,P056,8,02/09/2018,12.16,02/09/2018,13.34,Foraging,1.18,78,Observed
17/08/2018,P051,8,17/08/2018,9.21,17/08/2018,9.4,Foraging,0.19,19,Observed
19/08/2018,P051,8,19/08/2018,13.4,19/08/2018,14.44,Foraging,1.04,64,Observed
25/08/2018,P051,8,25/08/2018,10.28,25/08/2018,12.15,Foraging,1.47,107,Observed
29/08/2018,P051,8,29/08/2018,13.48,29/08/2018,13.54,Foraging,0.06,6,Observed
24/07/2018,P059,8,24/07/2018,8.46,24/07/2018,16.57,Foraging,8.11,491,Observed
29/07/2018,P059,8,29/07/2018,8.26,29/07/2018,9.06,Foraging,0.4,4,Observed
01/09/2018,P059,8,01/09/2018,11.03,01/09/2018,13.33,Foraging,2.3,123,Observed
24/07/2018,P009,8,24/07/2018,8.46,24/07/2018,16.57,Foraging,8.11,491,Observed
29/07/2018,P009,8,29/07/2018,8.26,29/07/2018,9.06,Foraging,0.4,4,Observed
01/09/2018,P009,8,01/09/2018,11.03,01/09/2018,13.07,Foraging,2.04,124,Observed
27/07/2018,P002,8,27/07/2018,9.41,27/07/2018,16.06,Foraging,6.25,385,Observed
23/07/2018,P014,8,23/07/2018,11.57,23/07/2018,12.58,Foraging,1.01,61,Observed
24/07/2018,P014,8,24/07/2018,8.46,24/07/2018,16.57,Foraging,8.11,491,Observed
29/07/2018,P014,8,29/07/2018,8.44,29/07/2018,9.06,Foraging,0.22,22,Observed
03/08/2018,P014,8,03/08/2018,9.27,03/08/2018,16.22,Foraging,6.55,415,Observed
05/08/2018,P014,8,05/08/2018,9.0,05/08/2018,9.42,Foraging,0.42,42,Observed
06/08/2018,P014,8,06/08/2018,8.45,06/08/2018,11.1,Foraging,2.25,145,Observed
07/08/2018,P014,8,07/08/2018,8.11,07/08/2018,9.16,Foraging,1.05,65,Observed
30/08/2018,P014,8,30/08/2018,9.5,30/08/2018,10.07,Foraging,0.17,17,Observed
27/07/2018,P061,8,27/07/2018,9.43,27/07/2018,16.06,Foraging,6.23,383,Observed
03/08/2018,P061,8,03/08/2018,9.0,03/08/2018,11.2,Foraging,2.2,122,Observed
08/08/2018,P061,8,08/08/2018,10.01,08/08/2018,12.49,Foraging,2.48,168,Observed
30/08/2018,P061,8,30/08/2018,9.5,30/08/2018,12.41,Foraging,2.51,171,Observed
17/08/2018,P029,8,17/08/2018,9.21,17/08/2018,9.58,Foraging,0.37,37,Observed
18/08/2018,P029,8,18/08/2018,9.32,18/08/2018,10.55,Foraging,1.23,83,Observed
19/08/2018,P029,8,19/08/2018,9.52,19/08/2018,14.44,Foraging,4.52,292,Observed
05/08/2018,P025,8,05/08/2018,9.0,05/08/2018,9.42,Foraging,0.42,42,Observed
17/08/2018,P025,8,17/08/2018,9.21,17/08/2018,9.33,Foraging,0.12,12,Observed
19/08/2018,P025,8,19/08/2018,10.03,19/08/2018,14.44,Foraging,4.41,281,Observed
22/08/2018,P025,8,22/08/2018,10.04,22/08/2018,10.2,Foraging,0.16,16,Observed
28/07/2018,P043,9,28/07/2018,12.06,28/07/2018,13.54,Foraging,1.48,108,Observed
29/07/2018,P043,9,29/07/2018,8.51,29/07/2018,9.37,Foraging,0.46,46,Observed
15/08/2018,P043,9,15/08/2018,9.07,15/08/2018,11.02,Foraging,1.55,115,Observed
16/08/2018,P043,9,16/08/2018,10.24,16/08/2018,17.24,Foraging,7.0,420,Observed
20/08/2018,P043,9,20/08/2018,12.11,20/08/2018,15.36,Foraging,3.25,205,Observed
25/07/2018,P024,9,25/07/2018,15.04,25/07/2018,15.3,Foraging,0.26,26,Observed
06/08/2018,P024,9,06/08/2018,8.5,06/08/2018,11.1,Foraging,2.2,122,Observed
11/08/2018,P024,9,11/08/2018,8.14,11/08/2018,12.36,Foraging,4.22,262,Observed
18/08/2018,P024,9,18/08/2018,11.09,18/08/2018,13.48,Foraging,2.39,159,Observed
19/08/2018,P024,9,19/08/2018,9.3,19/08/2018,10.31,Not Foraging,1.01,61,Observed
20/08/2018,P024,9,20/08/2018,12.11,20/08/2018,15.36,Foraging,3.25,205,Observed
21/08/2018,P024,9,21/08/2018,10.4,21/08/2018,15.37,Foraging,4.57,297,Observed
01/09/2018,P024,9,01/09/2018,11.38,01/09/2018,12.47,Foraging,1.09,69,Observed
03/08/2018,P052,9,03/08/2018,9.18,03/08/2018,9.27,Foraging,0.09,9,Observed
21/08/2018,P052,9,21/08/2018,10.4,21/08/2018,15.37,Foraging,4.57,297,Observed
03/08/2018,P037,9,03/08/2018,9.18,03/08/2018,9.27,Foraging,0.09,9,Observed
04/08/2018,P063,9,04/08/2018,12.07,04/08/2018,12.15,Foraging,0.08,8,Observed
14/08/2018,P063,9,14/08/2018,10.21,14/08/2018,10.51,Foraging,0.3,3,Observed
21/08/2018,P063,9,21/08/2018,10.4,21/08/2018,15.37,Foraging,4.57,297,Observed
03/08/2018,P070,9,03/08/2018,9.18,03/08/2018,9.27,Foraging,0.09,9,Observed
04/08/2018,P070,9,04/08/2018,12.07,04/08/2018,12.15,Foraging,0.08,8,Observed
11/08/2018,P070,9,11/08/2018,8.14,11/08/2018,9.22,Foraging,1.08,68,Observed
26/07/2018,P016,9,26/07/2018,9.39,26/07/2018,10.58,Foraging,1.19,79,Observed
04/08/2018,P016,9,04/08/2018,11.49,04/08/2018,12.15,Foraging,0.26,26,Observed
21/08/2018,P016,9,21/08/2018,10.4,21/08/2018,15.37,Foraging,4.57,297,Observed
13/08/2018,P050,9,13/08/2018,9.16,13/08/2018,16.5,Foraging,7.34,454,Observed
27/08/2018,P050,9,27/08/2018,13.29,27/08/2018,14.52,Foraging,1.23,83,Observed
30/08/2018,P050,9,30/08/2018,10.11,30/08/2018,13.23,Foraging,3.12,192,Observed
07/08/2018,P028,9,07/08/2018,9.42,07/08/2018,16.17,Foraging,6.35,395,Observed
09/08/2018,P028,9,09/08/2018,9.06,09/08/2018,16.25,Foraging,7.19,439,Observed
13/08/2018,P028,9,13/08/2018,9.16,13/08/2018,16.5,Foraging,7.34,454,Observed
27/08/2018,P028,9,27/08/2018,13.29,27/08/2018,14.52,Foraging,1.23,83,Observed
02/08/2018,P072,9,02/08/2018,10.21,02/08/2018,15.1,Foraging,4.49,289,Observed
24/08/2018,P072,9,24/08/2018,10.05,24/08/2018,17.04,Foraging,6.59,419,Observed
24/07/2018,P008,9,24/07/2018,8.57,24/07/2018,18.15,Foraging,9.18,558,Observed
02/08/2018,P008,9,02/08/2018,10.21,02/08/2018,15.1,Foraging,4.49,289,Observed
03/08/2018,P008,9,03/08/2018,9.18,03/08/2018,9.27,Foraging,0.09,9,Observed
28/07/2018,P027,9,28/07/2018,12.06,28/07/2018,13.54,Foraging,1.48,108,Observed
29/07/2018,P027,9,29/07/2018,8.51,29/07/2018,9.37,Foraging,0.46,46,Observed
11/08/2018,P027,9,11/08/2018,8.14,11/08/2018,9.22,Foraging,1.08,68,Observed
15/08/2018,P027,9,15/08/2018,9.08,15/08/2018,11.02,Foraging,1.54,114,Observed
22/08/2018,P027,9,22/08/2018,10.11,22/08/2018,10.5,Foraging,0.39,39,Observed
17/08/2018,P057,9,17/08/2018,9.49,17/08/2018,10.24,Foraging,0.35,35,Observed
29/08/2018,P057,9,29/08/2018,14.19,29/08/2018,16.18,Not Foraging,1.59,119,Observed
16/08/2018,P049,9,16/08/2018,10.25,16/08/2018,17.45,Foraging,7.2,422,Observed
23/08/2018,P049,9,23/08/2018,9.24,23/08/2018,15.49,Foraging,6.25,385,Observed
09/08/2018,P067,9,09/08/2018,8.39,09/08/2018,16.11,Foraging,7.32,452,Observed
16/08/2018,P067,9,16/08/2018,10.26,16/08/2018,17.45,Foraging,7.19,439,Observed
23/08/2018,P067,9,23/08/2018,9.24,23/08/2018,15.43,Foraging,6.19,379,Observed
23/07/2018,P069,9,23/07/2018,13.16,23/07/2018,14.42,Foraging,1.26,86,Observed
13/08/2018,P073,9,13/08/2018,9.16,13/08/2018,16.5,Foraging,7.34,454,Observed
30/08/2018,P073,9,30/08/2018,10.11,30/08/2018,13.23,Foraging,3.12,192,Observed
02/08/2018,P055,9,02/08/2018,10.2,02/08/2018,15.1,Foraging,4.5,245,Observed
24/07/2018,P042,9,24/07/2018,8.57,24/07/2018,18.15,Foraging,9.18,558,Observed
29/07/2018,P042,9,29/07/2018,8.52,29/07/2018,12.54,Foraging,4.02,242,Observed
07/08/2018,P042,9,07/08/2018,9.26,07/08/2018,17.0,Foraging,7.34,454,Observed
09/08/2018,P042,9,09/08/2018,8.39,09/08/2018,16.25,Foraging,7.46,466,Observed
12/08/2018,P042,9,12/08/2018,9.31,12/08/2018,11.31,Foraging,2.0,120,Observed
24/08/2018,P042,9,24/08/2018,10.05,24/08/2018,17.04,Foraging,6.59,419,Observed
23/07/2018,P015,9,23/07/2018,13.16,23/07/2018,14.17,Foraging,1.01,61,Observed
27/07/2018,P015,9,27/07/2018,9.41,27/07/2018,13.48,Foraging,4.07,247,Observed
29/07/2018,P015,9,29/07/2018,8.5,29/07/2018,12.54,Foraging,4.04,244,Observed
02/08/2018,P015,9,02/08/2018,10.21,02/08/2018,15.1,Foraging,4.49,289,Observed
05/08/2018,P071,9,05/08/2018,9.06,05/08/2018,15.3,Foraging,6.24,384,Observed
08/08/2018,P071,9,08/08/2018,10.39,08/08/2018,13.56,Foraging,3.17,197,Observed
09/08/2018,P071,9,09/08/2018,8.39,09/08/2018,16.25,Foraging,7.46,466,Observed
13/08/2018,P071,9,13/08/2018,9.16,13/08/2018,16.5,Foraging,7.34,454,Observed
27/08/2018,P071,9,27/08/2018,13.31,27/08/2018,14.52,Foraging,1.21,81,Observed
05/08/2018,P017,9,05/08/2018,9.16,05/08/2018,15.3,Foraging,6.14,374,Observed
08/08/2018,P017,9,08/08/2018,10.43,08/08/2018,13.56,Foraging,3.13,193,Observed
15/08/2018,P017,9,15/08/2018,9.07,15/08/2018,13.14,Foraging,4.07,247,Observed
22/08/2018,P017,9,22/08/2018,10.11,22/08/2018,11.55,Foraging,1.44,104,Observed
31/08/2018,P017,9,31/08/2018,9.13,31/08/2018,13.17,Foraging,4.04,244,Observed
24/07/2018,P005,9,24/07/2018,8.55,24/07/2018,18.15,Foraging,9.2,542,Observed
07/08/2018,P005,9,07/08/2018,9.25,07/08/2018,17.0,Foraging,7.35,455,Observed
24/08/2018,P005,9,24/08/2018,10.01,24/08/2018,17.04,Foraging,7.03,423,Observed
30/07/2018,P040,9,30/07/2018,9.01,30/07/2018,17.55,Foraging,8.54,534,Observed
26/08/2018,P040,9,26/08/2018,8.52,26/08/2018,15.55,Foraging,7.03,423,Observed
30/07/2018,P036,9,30/07/2018,9.03,30/07/2018,17.36,Foraging,8.33,513,Observed
09/08/2018,P036,9,09/08/2018,8.39,09/08/2018,16.14,Foraging,7.35,455,Observed
26/08/2018,P036,9,26/08/2018,8.52,26/08/2018,15.1,Foraging,6.18,378,Observed
01/08/2018,P031,9,01/08/2018,8.57,01/08/2018,18.2,Foraging,9.23,563,Observed
01/08/2018,P079,9,01/08/2018,8.59,01/08/2018,18.2,Foraging,9.21,561,Observed
12/08/2018,P079,9,12/08/2018,12.1,12/08/2018,15.57,Foraging,3.47,227,Observed
18/08/2018,P079,9,18/08/2018,11.09,18/08/2018,13.48,Foraging,2.39,159,Observed
25/08/2018,P079,9,25/08/2018,11.06,25/08/2018,15.29,Foraging,4.23,263,Observed
07/08/2018,P020,9,07/08/2018,9.25,07/08/2018,16.37,Foraging,7.12,432,Observed
31/08/2018,P020,9,31/08/2018,9.14,31/08/2018,12.39,Foraging,3.25,205,Observed
01/08/2018,P018,9,01/08/2018,8.59,01/08/2018,18.2,Foraging,9.21,561,Observed
04/08/2018,P018,9,04/08/2018,12.07,04/08/2018,12.15,Foraging,0.08,8,Observed
11/08/2018,P018,9,11/08/2018,8.14,11/08/2018,12.36,Foraging,4.22,262,Observed
28/08/2018,P018,9,28/08/2018,8.3,28/08/2018,13.05,Foraging,4.35,275,Observed
01/09/2018,P018,9,01/09/2018,11.38,01/09/2018,12.09,Foraging,0.31,31,Observed
09/08/2018,P026,9,09/08/2018,8.39,09/08/2018,16.24,Foraging,7.45,465,Observed
12/08/2018,P026,9,12/08/2018,9.31,12/08/2018,11.31,Foraging,2.0,120,Observed
25/08/2018,P026,9,25/08/2018,11.06,25/08/2018,15.28,Foraging,4.22,262,Observed
03/08/2018,P074,9,03/08/2018,9.18,03/08/2018,9.27,Foraging,0.09,9,Observed
04/08/2018,P074,9,04/08/2018,11.49,04/08/2018,12.15,Foraging,0.26,26,Observed
11/08/2018,P074,9,11/08/2018,8.14,11/08/2018,9.22,Foraging,1.08,68,Observed
18/08/2018,P074,9,18/08/2018,11.12,18/08/2018,13.48,Foraging,2.36,156,Observed
19/08/2018,P074,9,19/08/2018,9.3,19/08/2018,10.31,Not Foraging,1.01,61,Observed
20/08/2018,P074,9,20/08/2018,12.11,20/08/2018,15.36,Foraging,3.25,205,Observed
04/08/2018,P056,9,04/08/2018,12.07,04/08/2018,12.15,Foraging,0.08,8,Observed
14/08/2018,P056,9,14/08/2018,10.21,14/08/2018,10.51,Foraging,0.3,3,Observed
04/08/2018,P051,9,04/08/2018,12.07,04/08/2018,12.15,Foraging,0.08,8,Observed
06/08/2018,P051,9,06/08/2018,8.5,06/08/2018,11.1,Foraging,2.2,122,Observed
10/08/2018,P051,9,10/08/2018,10.53,10/08/2018,13.04,Foraging,2.11,131,Observed
11/08/2018,P051,9,11/08/2018,10.23,11/08/2018,12.36,Foraging,2.13,133,Observed
11/08/2018,P051,9,11/08/2018,8.14,11/08/2018,10.14,Foraging,2.0,120,Observed
14/08/2018,P051,9,14/08/2018,10.21,14/08/2018,10.51,Foraging,0.3,3,Observed
20/08/2018,P051,9,20/08/2018,12.11,20/08/2018,15.36,Foraging,3.25,205,Observed
21/08/2018,P051,9,21/08/2018,10.4,21/08/2018,15.37,Foraging,4.57,297,Observed
24/08/2018,P051,9,24/08/2018,10.05,24/08/2018,17.0,Foraging,6.55,415,Observed
01/09/2018,P051,9,01/09/2018,11.38,01/09/2018,13.12,Foraging,1.34,94,Observed
15/08/2018,P059,9,15/08/2018,9.07,15/08/2018,11.02,Foraging,1.55,115,Observed
31/07/2018,P009,9,31/07/2018,10.12,31/07/2018,10.57,Not Foraging,0.45,45,Observed
28/08/2018,P065,9,28/08/2018,8.3,28/08/2018,13.05,Foraging,4.35,275,Observed
02/08/2018,P002,9,02/08/2018,10.21,02/08/2018,15.1,Foraging,4.49,289,Observed
26/07/2018,P014,9,26/07/2018,9.31,26/07/2018,9.58,Foraging,0.27,27,Observed
27/07/2018,P014,9,27/07/2018,9.41,27/07/2018,13.48,Foraging,4.07,247,Observed
23/08/2018,P014,9,23/08/2018,9.26,23/08/2018,15.43,Foraging,6.17,377,Observed
25/07/2018,P061,9,25/07/2018,15.04,25/07/2018,15.3,Foraging,0.26,26,Observed
26/07/2018,P061,9,26/07/2018,9.31,26/07/2018,9.58,Foraging,0.27,27,Observed
31/07/2018,P061,9,31/07/2018,10.12,31/07/2018,10.57,Not Foraging,0.45,45,Observed
05/08/2018,P061,9,05/08/2018,9.03,05/08/2018,15.31,Foraging,6.28,388,Observed
09/08/2018,P061,9,09/08/2018,8.43,09/08/2018,16.11,Foraging,7.28,448,Observed
17/08/2018,P061,9,17/08/2018,9.49,17/08/2018,10.24,Foraging,0.35,35,Observed
29/08/2018,P061,9,29/08/2018,14.19,29/08/2018,16.18,Not Foraging,1.59,119,Observed
04/08/2018,P029,9,04/08/2018,12.07,04/08/2018,12.15,Foraging,0.08,8,Observed
06/08/2018,P029,9,06/08/2018,8.5,06/08/2018,11.1,Foraging,2.2,122,Observed
10/08/2018,P029,9,10/08/2018,10.56,10/08/2018,13.04,Foraging,2.08,128,Observed
11/08/2018,P029,9,11/08/2018,10.23,11/08/2018,12.36,Foraging,2.13,133,Observed
11/08/2018,P029,9,11/08/2018,8.14,11/08/2018,10.14,Foraging,2.0,120,Observed
14/08/2018,P029,9,14/08/2018,10.21,14/08/2018,10.51,Foraging,0.3,3,Observed
20/08/2018,P029,9,20/08/2018,12.11,20/08/2018,15.36,Foraging,3.25,205,Observed
21/08/2018,P029,9,21/08/2018,10.4,21/08/2018,15.37,Foraging,4.57,297,Observed
03/08/2018,P025,9,03/08/2018,9.18,03/08/2018,9.27,Foraging,0.09,9,Observed
04/08/2018,P025,9,04/08/2018,11.49,04/08/2018,12.15,Foraging,0.26,26,Observed
17/08/2018,P025,9,17/08/2018,9.52,17/08/2018,10.24,Foraging,0.32,32,Observed
21/08/2018,P025,9,21/08/2018,10.4,21/08/2018,15.37,Foraging,4.57,297,Observed
26/07/2018,P043,10,26/07/2018,9.33,26/07/2018,10.37,Foraging,1.04,64,Observed
31/07/2018,P043,10,31/07/2018,10.27,31/07/2018,11.1,Foraging,0.43,43,Observed
14/08/2018,P043,10,14/08/2018,10.45,14/08/2018,12.59,Foraging,2.14,134,Observed
21/08/2018,P043,10,21/08/2018,10.41,21/08/2018,15.2,Foraging,4.39,279,Observed
23/07/2018,P024,10,23/07/2018,15.16,23/07/2018,15.44,Foraging,0.28,28,Observed
24/07/2018,P024,10,24/07/2018,9.41,24/07/2018,10.48,Foraging,1.07,67,Observed
27/07/2018,P024,10,27/07/2018,11.06,27/07/2018,11.25,Foraging,0.19,19,Observed
29/07/2018,P024,10,29/07/2018,8.53,29/07/2018,10.35,Foraging,1.42,102,Observed
05/08/2018,P024,10,05/08/2018,10.27,05/08/2018,10.29,Foraging,0.02,2,Observed
08/08/2018,P024,10,08/08/2018,11.16,08/08/2018,12.35,Foraging,1.19,79,Observed
14/08/2018,P024,10,14/08/2018,10.45,14/08/2018,11.54,Foraging,1.09,69,Observed
29/08/2018,P024,10,29/08/2018,15.19,29/08/2018,15.28,Foraging,0.09,9,Observed
23/07/2018,P052,10,23/07/2018,15.07,23/07/2018,15.44,Foraging,0.37,37,Observed
24/07/2018,P052,10,24/07/2018,9.41,24/07/2018,10.48,Foraging,1.07,67,Observed
25/07/2018,P052,10,25/07/2018,15.42,25/07/2018,16.01,Foraging,0.19,19,Observed
09/08/2018,P052,10,09/08/2018,9.01,09/08/2018,9.2,Not Foraging,0.19,19,Observed
17/08/2018,P052,10,17/08/2018,10.14,17/08/2018,12.01,Not Foraging,1.47,107,Observed
18/08/2018,P052,10,18/08/2018,14.37,18/08/2018,15.32,Foraging,0.55,55,Observed
22/08/2018,P052,10,22/08/2018,13.05,22/08/2018,14.05,Foraging,1.0,60,Observed
29/08/2018,P052,10,29/08/2018,15.19,29/08/2018,15.28,Foraging,0.09,9,Observed
23/07/2018,P037,10,23/07/2018,15.08,23/07/2018,15.44,Foraging,0.36,36,Observed
24/07/2018,P037,10,24/07/2018,10.24,24/07/2018,10.48,Foraging,0.24,24,Observed
05/08/2018,P037,10,05/08/2018,10.09,05/08/2018,10.29,Foraging,0.2,2,Observed
09/08/2018,P037,10,09/08/2018,9.03,09/08/2018,9.18,Not Foraging,0.15,15,Observed
18/08/2018,P037,10,18/08/2018,14.53,18/08/2018,15.32,Foraging,0.39,39,Observed
22/08/2018,P037,10,22/08/2018,13.05,22/08/2018,14.05,Foraging,1.0,60,Observed
23/07/2018,P063,10,23/07/2018,15.07,23/07/2018,15.44,Foraging,0.37,37,Observed
25/07/2018,P063,10,25/07/2018,15.42,25/07/2018,15.55,Foraging,0.13,13,Observed
27/07/2018,P063,10,27/07/2018,11.06,27/07/2018,11.25,Foraging,0.19,19,Observed
01/08/2018,P063,10,01/08/2018,9.0,01/08/2018,9.16,Foraging,0.16,16,Observed
05/08/2018,P063,10,05/08/2018,10.09,05/08/2018,10.29,Foraging,0.2,2,Observed
08/08/2018,P063,10,08/08/2018,11.16,08/08/2018,12.35,Foraging,1.19,79,Observed
10/08/2018,P063,10,10/08/2018,11.17,10/08/2018,11.53,Foraging,0.36,36,Observed
22/08/2018,P063,10,22/08/2018,13.04,22/08/2018,14.05,Foraging,1.01,61,Observed
29/08/2018,P063,10,29/08/2018,15.19,29/08/2018,15.28,Foraging,0.09,9,Observed
01/09/2018,P063,10,01/09/2018,12.52,01/09/2018,14.55,Foraging,2.03,123,Observed
23/07/2018,P070,10,23/07/2018,15.08,23/07/2018,15.44,Foraging,0.36,36,Observed
24/07/2018,P070,10,24/07/2018,10.24,24/07/2018,10.48,Foraging,0.24,24,Observed
05/08/2018,P070,10,05/08/2018,10.09,05/08/2018,10.29,Foraging,0.2,2,Observed
29/08/2018,P070,10,29/08/2018,15.19,29/08/2018,15.28,Foraging,0.09,9,Observed
23/07/2018,P016,10,23/07/2018,15.07,23/07/2018,15.44,Foraging,0.37,37,Observed
24/07/2018,P016,10,24/07/2018,9.41,24/07/2018,10.48,Foraging,1.07,67,Observed
25/07/2018,P016,10,25/07/2018,15.42,25/07/2018,16.01,Foraging,0.19,19,Observed
05/08/2018,P016,10,05/08/2018,10.09,05/08/2018,10.29,Foraging,0.2,2,Observed
09/08/2018,P016,10,09/08/2018,9.01,09/08/2018,9.2,Not Foraging,0.19,19,Observed
19/08/2018,P050,10,19/08/2018,10.54,19/08/2018,11.25,Not Foraging,0.31,31,Observed
19/08/2018,P028,10,19/08/2018,10.54,19/08/2018,11.25,Not Foraging,0.31,31,Observed
01/08/2018,P072,10,01/08/2018,9.0,01/08/2018,9.16,Foraging,0.16,16,Observed
06/08/2018,P072,10,06/08/2018,8.56,06/08/2018,12.05,Foraging,3.09,189,Observed
07/08/2018,P072,10,07/08/2018,9.21,07/08/2018,17.57,Foraging,8.36,516,Observed
18/08/2018,P072,10,18/08/2018,14.55,18/08/2018,15.31,Foraging,0.36,36,Observed
22/08/2018,P072,10,22/08/2018,13.05,22/08/2018,14.05,Foraging,1.0,60,Observed
05/08/2018,P008,10,05/08/2018,10.09,05/08/2018,10.29,Foraging,0.2,2,Observed
18/08/2018,P008,10,18/08/2018,14.53,18/08/2018,15.31,Foraging,0.38,38,Observed
22/08/2018,P008,10,22/08/2018,13.05,22/08/2018,14.05,Foraging,1.0,60,Observed
29/08/2018,P008,10,29/08/2018,15.19,29/08/2018,15.28,Foraging,0.09,9,Observed
26/07/2018,P027,10,26/07/2018,9.33,26/07/2018,10.37,Foraging,1.04,64,Observed
27/07/2018,P027,10,27/07/2018,11.06,27/07/2018,11.25,Foraging,0.19,19,Observed
30/07/2018,P027,10,30/07/2018,9.31,30/07/2018,14.18,Foraging,4.47,287,Observed
31/07/2018,P027,10,31/07/2018,10.27,31/07/2018,11.1,Foraging,0.43,43,Observed
12/08/2018,P027,10,12/08/2018,9.42,12/08/2018,11.45,Foraging,2.03,123,Observed
14/08/2018,P027,10,14/08/2018,10.53,14/08/2018,12.45,Foraging,1.52,112,Observed
18/08/2018,P027,10,18/08/2018,14.36,18/08/2018,15.31,Foraging,0.55,55,Observed
21/08/2018,P027,10,21/08/2018,10.41,21/08/2018,15.19,Foraging,4.38,278,Observed
25/08/2018,P027,10,25/08/2018,11.22,25/08/2018,11.42,Foraging,0.2,2,Observed
28/08/2018,P027,10,28/08/2018,8.4,28/08/2018,13.02,Foraging,4.22,262,Observed
19/08/2018,P057,10,19/08/2018,10.54,19/08/2018,14.0,Not Foraging,3.06,186,Observed
27/08/2018,P057,10,27/08/2018,13.51,27/08/2018,17.01,Foraging,3.1,181,Observed
13/08/2018,P049,10,13/08/2018,9.28,13/08/2018,12.51,Foraging,3.23,203,Observed
13/08/2018,P067,10,13/08/2018,2.29,13/08/2018,12.51,Foraging,10.22,622,Observed
17/08/2018,P069,10,17/08/2018,10.14,17/08/2018,12.01,Not Foraging,1.47,107,Observed
28/07/2018,P055,10,28/07/2018,12.55,28/07/2018,16.02,Foraging,3.07,187,Observed
11/08/2018,P042,10,11/08/2018,8.51,11/08/2018,17.29,Foraging,8.38,518,Observed
25/08/2018,P042,10,25/08/2018,11.15,25/08/2018,14.42,Foraging,3.27,207,Observed
06/08/2018,P010,10,06/08/2018,8.56,06/08/2018,12.05,Foraging,3.09,189,Observed
07/08/2018,P010,10,07/08/2018,9.21,07/08/2018,17.57,Foraging,8.36,516,Observed
15/08/2018,P010,10,15/08/2018,9.27,15/08/2018,12.32,Foraging,3.05,185,Observed
28/07/2018,P015,10,28/07/2018,12.55,28/07/2018,16.02,Foraging,3.07,187,Observed
07/08/2018,P015,10,07/08/2018,9.21,07/08/2018,17.34,Foraging,8.13,493,Observed
15/08/2018,P015,10,15/08/2018,9.27,15/08/2018,12.32,Foraging,3.05,185,Observed
18/08/2018,P015,10,18/08/2018,14.36,18/08/2018,15.32,Foraging,0.56,56,Observed
30/07/2018,P017,10,30/07/2018,9.31,30/07/2018,18.07,Foraging,8.36,516,Observed
12/08/2018,P017,10,12/08/2018,9.42,12/08/2018,11.49,Foraging,2.07,127,Observed
21/08/2018,P017,10,21/08/2018,10.41,21/08/2018,15.2,Foraging,4.39,279,Observed
11/08/2018,P005,10,11/08/2018,8.43,11/08/2018,17.29,Foraging,8.46,526,Observed
25/08/2018,P005,10,25/08/2018,11.13,25/08/2018,14.42,Foraging,3.29,209,Observed
02/08/2018,P040,10,02/08/2018,9.5,02/08/2018,18.19,Foraging,8.29,509,Observed
04/08/2018,P040,10,04/08/2018,12.16,04/08/2018,16.47,Foraging,4.31,271,Observed
16/08/2018,P040,10,16/08/2018,10.29,16/08/2018,14.27,Foraging,3.58,238,Observed
31/08/2018,P040,10,31/08/2018,9.13,31/08/2018,17.31,Foraging,8.18,498,Observed
04/08/2018,P036,10,04/08/2018,12.16,04/08/2018,16.47,Foraging,4.31,271,Observed
16/08/2018,P036,10,16/08/2018,10.3,16/08/2018,14.25,Foraging,3.55,235,Observed
31/08/2018,P036,10,31/08/2018,9.13,31/08/2018,17.31,Foraging,8.18,498,Observed
24/08/2018,P031,10,24/08/2018,10.27,24/08/2018,17.58,Foraging,7.31,451,Observed
24/08/2018,P079,10,24/08/2018,10.28,24/08/2018,17.58,Foraging,7.3,423,Observed
21/08/2018,P020,10,21/08/2018,10.41,21/08/2018,15.19,Foraging,4.38,278,Observed
28/08/2018,P020,10,28/08/2018,8.4,28/08/2018,13.05,Foraging,4.25,265,Observed
24/07/2018,P018,10,24/07/2018,9.41,24/07/2018,10.48,Foraging,1.07,67,Observed
05/08/2018,P018,10,05/08/2018,10.27,05/08/2018,10.29,Foraging,0.02,2,Observed
09/08/2018,P018,10,09/08/2018,9.03,09/08/2018,9.18,Not Foraging,0.15,15,Observed
24/07/2018,P074,10,24/07/2018,9.41,24/07/2018,10.48,Foraging,1.07,67,Observed
29/07/2018,P074,10,29/07/2018,8.53,29/07/2018,10.35,Foraging,1.42,102,Observed
10/08/2018,P074,10,10/08/2018,11.17,10/08/2018,11.53,Foraging,0.36,36,Observed
14/08/2018,P074,10,14/08/2018,10.45,14/08/2018,11.54,Foraging,1.09,69,Observed
18/08/2018,P074,10,18/08/2018,14.55,18/08/2018,15.31,Foraging,0.36,36,Observed
29/08/2018,P074,10,29/08/2018,15.19,29/08/2018,15.28,Foraging,0.09,9,Observed
01/09/2018,P074,10,01/09/2018,12.52,01/09/2018,14.55,Foraging,2.03,123,Observed
16/08/2018,P045,10,16/08/2018,10.3,16/08/2018,14.25,Foraging,3.55,235,Observed
22/08/2018,P045,10,22/08/2018,13.05,22/08/2018,14.05,Foraging,1.0,60,Observed
26/08/2018,P045,10,26/08/2018,8.52,26/08/2018,10.07,Foraging,1.15,75,Observed
01/08/2018,P056,10,01/08/2018,9.0,01/08/2018,9.16,Foraging,0.16,16,Observed
04/08/2018,P056,10,04/08/2018,12.16,04/08/2018,16.47,Foraging,4.31,271,Observed
05/08/2018,P056,10,05/08/2018,10.09,05/08/2018,10.29,Foraging,0.2,2,Observed
08/08/2018,P056,10,08/08/2018,11.16,08/08/2018,12.35,Foraging,1.19,79,Observed
10/08/2018,P056,10,10/08/2018,11.17,10/08/2018,11.53,Foraging,0.36,36,Observed
29/08/2018,P056,10,29/08/2018,15.19,29/08/2018,15.28,Foraging,0.09,9,Observed
16/08/2018,P033,10,16/08/2018,10.3,16/08/2018,14.25,Foraging,3.55,235,Observed
26/08/2018,P033,10,26/08/2018,8.52,26/08/2018,10.07,Foraging,1.15,75,Observed
24/07/2018,P051,10,24/07/2018,9.41,24/07/2018,10.48,Foraging,1.07,67,Observed
14/08/2018,P051,10,14/08/2018,10.53,14/08/2018,12.41,Foraging,1.48,108,Observed
29/08/2018,P051,10,29/08/2018,15.19,29/08/2018,15.28,Foraging,0.09,9,Observed
14/08/2018,P059,10,14/08/2018,10.45,14/08/2018,12.59,Foraging,2.14,134,Observed
23/08/2018,P059,10,23/08/2018,9.56,23/08/2018,11.26,Foraging,1.3,63,Observed
28/07/2018,P009,10,28/07/2018,12.57,28/07/2018,16.02,Foraging,3.05,185,Observed
23/08/2018,P009,10,23/08/2018,9.56,23/08/2018,11.26,Foraging,1.3,63,Observed
30/08/2018,P009,10,30/08/2018,10.35,30/08/2018,12.55,Foraging,2.2,122,Observed
01/09/2018,P065,10,01/09/2018,12.52,01/09/2018,14.55,Foraging,2.03,123,Observed
28/07/2018,P002,10,28/07/2018,12.57,28/07/2018,16.02,Foraging,3.05,185,Observed
18/08/2018,P014,10,18/08/2018,14.37,18/08/2018,15.32,Foraging,0.55,55,Observed
25/08/2018,P014,10,25/08/2018,11.17,25/08/2018,11.57,Foraging,0.4,4,Observed
27/08/2018,P014,10,27/08/2018,13.51,27/08/2018,17.01,Foraging,3.1,181,Observed
29/08/2018,P014,10,29/08/2018,15.19,29/08/2018,15.28,Foraging,0.09,9,Observed
30/08/2018,P014,10,30/08/2018,10.32,30/08/2018,12.55,Foraging,2.23,143,Observed
19/08/2018,P061,10,19/08/2018,10.54,19/08/2018,11.25,Not Foraging,0.31,31,Observed
08/08/2018,P029,10,08/08/2018,11.16,08/08/2018,12.35,Foraging,1.19,79,Observed
14/08/2018,P029,10,14/08/2018,10.57,14/08/2018,11.01,Foraging,0.04,4,Observed
05/08/2018,P025,10,05/08/2018,10.09,05/08/2018,10.29,Foraging,0.2,2,Observed
09/08/2018,P025,10,09/08/2018,9.01,09/08/2018,9.2,Not Foraging,0.19,19,Observed
22/08/2018,P025,10,22/08/2018,13.05,22/08/2018,14.05,Foraging,1.0,60,Observed
02/08/2018,P039,10,02/08/2018,9.5,02/08/2018,16.48,Foraging,6.58,418,Observed
26/08/2018,P039,10,26/08/2018,8.51,26/08/2018,10.07,Foraging,1.16,76,Observed
29/07/2018,P043,11,29/07/2018,9.38,29/07/2018,11.34,Not Foraging,1.56,116,Observed
05/08/2018,P043,11,05/08/2018,11.47,05/08/2018,11.59,Foraging,0.12,12,Observed
15/08/2018,P043,11,15/08/2018,11.05,15/08/2018,12.24,Foraging,1.19,79,Observed
07/08/2018,P024,11,07/08/2018,9.28,07/08/2018,11.43,Not Foraging,2.15,135,Observed
18/08/2018,P024,11,18/08/2018,15.41,18/08/2018,16.24,Foraging,0.43,43,Observed
30/08/2018,P024,11,30/08/2018,11.22,30/08/2018,12.34,Foraging,1.12,72,Observed
07/08/2018,P052,11,07/08/2018,9.32,07/08/2018,9.41,Foraging,0.09,9,Observed
11/08/2018,P052,11,11/08/2018,9.15,11/08/2018,9.24,Foraging,0.09,9,Observed
10/08/2018,P037,11,10/08/2018,11.37,10/08/2018,14.51,Not Foraging,3.14,194,Observed
27/07/2018,P063,11,27/07/2018,11.45,27/07/2018,15.32,Foraging,3.47,227,Observed
04/08/2018,P063,11,04/08/2018,14.53,04/08/2018,15.0,Foraging,0.07,7,Observed
14/08/2018,P063,11,14/08/2018,11.32,14/08/2018,12.37,Foraging,1.05,65,Observed
24/08/2018,P063,11,24/08/2018,10.45,24/08/2018,10.55,Foraging,0.1,1,Observed
26/08/2018,P063,11,26/08/2018,8.56,26/08/2018,9.15,Foraging,0.19,19,Observed
07/08/2018,P070,11,07/08/2018,9.32,07/08/2018,9.42,Foraging,0.1,1,Observed
26/08/2018,P070,11,26/08/2018,8.56,26/08/2018,9.15,Foraging,0.19,19,Observed
27/07/2018,P016,11,27/07/2018,11.45,27/07/2018,15.32,Foraging,3.47,227,Observed
31/07/2018,P016,11,31/07/2018,12.22,31/07/2018,12.32,Foraging,0.1,1,Observed
07/08/2018,P016,11,07/08/2018,9.32,07/08/2018,9.41,Foraging,0.09,9,Observed
16/08/2018,P016,11,16/08/2018,10.4,16/08/2018,11.47,Foraging,1.07,67,Observed
25/08/2018,P016,11,25/08/2018,12.34,25/08/2018,15.17,Foraging,2.43,163,Observed
27/08/2018,P016,11,27/08/2018,20.17,27/08/2018,22.12,Foraging,1.55,115,Observed
22/08/2018,P050,11,22/08/2018,14.44,22/08/2018,15.04,Foraging,0.2,2,Observed
23/08/2018,P050,11,23/08/2018,15.13,23/08/2018,15.32,Foraging,0.19,19,Observed
06/08/2018,P028,11,06/08/2018,8.57,06/08/2018,12.44,Foraging,3.47,227,Observed
09/08/2018,P008,11,09/08/2018,9.39,09/08/2018,12.33,Foraging,2.54,174,Observed
19/08/2018,P008,11,19/08/2018,11.07,19/08/2018,14.31,Foraging,3.24,204,Observed
25/08/2018,P008,11,25/08/2018,12.34,25/08/2018,15.17,Foraging,2.43,163,Observed
05/08/2018,P027,11,05/08/2018,11.47,05/08/2018,11.59,Foraging,0.12,12,Observed
15/08/2018,P027,11,15/08/2018,11.05,15/08/2018,12.22,Foraging,1.17,77,Observed
30/08/2018,P027,11,30/08/2018,11.22,30/08/2018,12.34,Foraging,1.12,72,Observed
31/07/2018,P057,11,31/07/2018,12.22,31/07/2018,13.03,Foraging,0.41,41,Observed
16/08/2018,P057,11,16/08/2018,10.4,16/08/2018,11.47,Foraging,1.07,67,Observed
21/08/2018,P057,11,21/08/2018,11.09,21/08/2018,14.53,Foraging,3.44,224,Observed
14/08/2018,P035,11,14/08/2018,11.32,14/08/2018,12.37,Foraging,1.05,65,Observed
30/07/2018,P067,11,30/07/2018,9.54,30/07/2018,15.03,Foraging,5.09,309,Observed
24/07/2018,P013,11,24/07/2018,10.21,24/07/2018,16.38,Foraging,6.17,377,Observed
24/07/2018,P069,11,24/07/2018,10.25,24/07/2018,16.38,Foraging,6.13,373,Observed
29/07/2018,P069,11,29/07/2018,9.35,29/07/2018,13.42,Foraging,4.07,247,Observed
01/09/2018,P069,11,01/09/2018,13.33,01/09/2018,16.19,Foraging,2.46,166,Observed
30/07/2018,P055,11,30/07/2018,9.54,30/07/2018,15.03,Foraging,5.09,309,Observed
19/08/2018,P055,11,19/08/2018,11.09,19/08/2018,14.31,Foraging,3.22,202,Observed
01/09/2018,P055,11,01/09/2018,13.32,01/09/2018,16.19,Foraging,2.47,167,Observed
28/07/2018,P042,11,28/07/2018,13.15,28/07/2018,17.14,Foraging,3.59,239,Observed
01/08/2018,P042,11,01/08/2018,9.4,01/08/2018,15.3,Foraging,5.5,305,Observed
03/08/2018,P042,11,03/08/2018,9.33,03/08/2018,15.2,Foraging,5.47,347,Observed
31/08/2018,P042,11,31/08/2018,9.21,31/08/2018,14.25,Foraging,5.04,304,Observed
30/07/2018,P015,11,30/07/2018,9.54,30/07/2018,15.03,Foraging,5.09,309,Observed
09/08/2018,P015,11,09/08/2018,9.39,09/08/2018,12.33,Foraging,2.54,174,Observed
19/08/2018,P015,11,19/08/2018,11.07,19/08/2018,14.31,Foraging,3.24,204,Observed
01/09/2018,P015,11,01/09/2018,13.32,01/09/2018,16.19,Foraging,2.47,167,Observed
29/07/2018,P071,11,29/07/2018,9.33,29/07/2018,16.06,Foraging,6.33,393,Observed
30/07/2018,P071,11,30/07/2018,9.54,30/07/2018,15.03,Foraging,5.09,309,Observed
04/08/2018,P071,11,04/08/2018,14.29,04/08/2018,15.0,Foraging,0.31,31,Observed
10/08/2018,P071,11,10/08/2018,11.35,10/08/2018,15.29,Not Foraging,3.54,234,Observed
22/08/2018,P071,11,22/08/2018,14.44,22/08/2018,15.04,Foraging,0.2,2,Observed
29/07/2018,P017,11,29/07/2018,9.35,29/07/2018,16.06,Foraging,6.31,391,Observed
17/08/2018,P017,11,17/08/2018,11.3,20/08/2018,15.2,Foraging,75.59,2399,Estimated
28/07/2018,P005,11,28/07/2018,13.15,28/07/2018,17.14,Foraging,3.59,239,Observed
01/08/2018,P005,11,01/08/2018,9.33,01/08/2018,15.2,Foraging,5.47,347,Observed
03/08/2018,P005,11,03/08/2018,9.33,03/08/2018,15.2,Foraging,5.47,347,Observed
17/08/2018,P005,11,17/08/2018,11.3,20/08/2018,13.31,Foraging,74.28,2308,Estimated
31/08/2018,P005,11,31/08/2018,9.21,31/08/2018,13.21,Foraging,4.0,240,Observed
12/08/2018,P040,11,12/08/2018,10.03,12/08/2018,17.24,Foraging,7.21,441,Observed
12/08/2018,P036,11,12/08/2018,9.23,12/08/2018,14.43,Foraging,5.2,302,Observed
28/08/2018,P036,11,28/08/2018,8.51,28/08/2018,17.17,Foraging,8.26,506,Observed
26/07/2018,P031,11,26/07/2018,10.27,26/07/2018,17.21,Foraging,6.54,414,Observed
26/07/2018,P079,11,26/07/2018,10.2,26/07/2018,17.21,Foraging,7.01,421,Observed
30/08/2018,P020,11,30/08/2018,11.22,30/08/2018,12.34,Foraging,1.12,72,Observed
27/07/2018,P018,11,27/07/2018,11.45,27/07/2018,15.32,Foraging,3.47,227,Observed
07/08/2018,P018,11,07/08/2018,9.29,07/08/2018,9.5,Not Foraging,0.21,21,Observed
30/08/2018,P018,11,30/08/2018,11.22,30/08/2018,12.34,Foraging,1.12,72,Observed
06/08/2018,P026,11,06/08/2018,8.57,06/08/2018,12.44,Foraging,3.47,227,Observed
08/08/2018,P026,11,08/08/2018,13.51,08/08/2018,14.2,Foraging,0.29,29,Observed
21/08/2018,P026,11,21/08/2018,11.09,21/08/2018,14.53,Foraging,3.44,224,Observed
27/08/2018,P026,11,27/08/2018,20.17,27/08/2018,22.12,Foraging,1.55,115,Observed
29/08/2018,P026,11,29/08/2018,15.38,29/08/2018,16.57,Foraging,1.19,79,Observed
03/08/2018,P074,11,03/08/2018,9.33,03/08/2018,15.2,Foraging,5.47,347,Observed
07/08/2018,P074,11,07/08/2018,9.28,07/08/2018,11.43,Not Foraging,2.15,135,Observed
18/08/2018,P074,11,18/08/2018,15.41,18/08/2018,16.25,Foraging,0.44,44,Observed
07/08/2018,P056,11,07/08/2018,9.32,07/08/2018,9.42,Foraging,0.1,1,Observed
11/08/2018,P056,11,11/08/2018,9.15,11/08/2018,9.24,Foraging,0.09,9,Observed
24/08/2018,P056,11,24/08/2018,10.45,24/08/2018,10.55,Foraging,0.1,1,Observed
26/08/2018,P056,11,26/08/2018,8.56,26/08/2018,9.15,Foraging,0.19,19,Observed
04/08/2018,P051,11,04/08/2018,14.53,04/08/2018,15.0,Foraging,0.07,7,Observed
02/08/2018,P059,11,02/08/2018,11.03,02/08/2018,16.38,Foraging,5.35,335,Observed
13/08/2018,P059,11,13/08/2018,10.09,13/08/2018,15.46,Foraging,5.37,337,Observed
17/08/2018,P059,11,17/08/2018,11.3,20/08/2018,15.2,Foraging,75.59,2399,Estimated
02/08/2018,P009,11,02/08/2018,11.04,02/08/2018,16.38,Foraging,5.34,334,Observed
04/08/2018,P009,11,04/08/2018,14.53,04/08/2018,15.0,Foraging,0.07,7,Observed
13/08/2018,P009,11,13/08/2018,10.09,13/08/2018,11.46,Foraging,1.37,97,Observed
28/08/2018,P009,11,28/08/2018,8.51,28/08/2018,17.17,Foraging,8.26,506,Observed
25/07/2018,P014,11,25/07/2018,16.31,25/07/2018,17.04,Foraging,0.33,33,Observed
31/07/2018,P014,11,31/07/2018,12.22,31/07/2018,13.03,Foraging,0.41,41,Observed
16/08/2018,P014,11,16/08/2018,10.4,16/08/2018,11.47,Foraging,1.07,67,Observed
25/08/2018,P014,11,25/08/2018,12.34,25/08/2018,15.17,Foraging,2.43,163,Observed
27/08/2018,P014,11,27/08/2018,20.17,27/08/2018,22.12,Foraging,1.55,115,Observed
28/08/2018,P014,11,28/08/2018,8.51,28/08/2018,17.17,Foraging,8.26,506,Observed
29/08/2018,P014,11,29/08/2018,15.38,29/08/2018,16.57,Foraging,1.19,79,Observed
25/07/2018,P061,11,25/07/2018,16.31,25/07/2018,17.04,Foraging,0.33,33,Observed
31/07/2018,P061,11,31/07/2018,12.22,31/07/2018,13.03,Foraging,0.41,41,Observed
04/08/2018,P061,11,04/08/2018,14.27,04/08/2018,15.0,Foraging,0.33,33,Observed
06/08/2018,P061,11,06/08/2018,8.58,06/08/2018,12.44,Foraging,3.46,226,Observed
08/08/2018,P061,11,08/08/2018,13.51,08/08/2018,14.2,Foraging,0.29,29,Observed
16/08/2018,P061,11,16/08/2018,10.4,16/08/2018,11.47,Foraging,1.07,67,Observed
21/08/2018,P061,11,21/08/2018,11.09,21/08/2018,14.53,Foraging,3.44,224,Observed
23/08/2018,P061,11,23/08/2018,15.13,23/08/2018,15.32,Foraging,0.19,19,Observed
27/08/2018,P061,11,27/08/2018,20.17,27/08/2018,22.12,Foraging,1.55,115,Observed
04/08/2018,P029,11,04/08/2018,14.53,04/08/2018,15.0,Foraging,0.07,7,Observed
07/08/2018,P029,11,07/08/2018,9.28,07/08/2018,11.43,Not Foraging,2.15,135,Observed
18/08/2018,P029,11,18/08/2018,15.41,18/08/2018,16.25,Foraging,0.44,44,Observed
07/08/2018,P025,11,07/08/2018,9.32,07/08/2018,9.42,Foraging,0.1,1,Observed
13/08/2018,P043,12,13/08/2018,10.27,13/08/2018,10.52,Foraging,0.25,25,Observed
22/08/2018,P043,12,22/08/2018,15.54,22/08/2018,16.17,Foraging,0.23,23,Observed
23/08/2018,P043,12,23/08/2018,18.52,23/08/2018,20.08,Foraging,1.16,76,Observed
28/07/2018,P024,12,28/07/2018,13.32,28/07/2018,14.27,Foraging,0.55,55,Observed
02/08/2018,P024,12,02/08/2018,11.4,02/08/2018,12.36,Foraging,0.56,56,Observed
19/08/2018,P024,12,19/08/2018,11.47,19/08/2018,15.04,Foraging,3.17,197,Observed
26/08/2018,P024,12,26/08/2018,9.46,26/08/2018,12.29,Foraging,2.43,163,Observed
28/08/2018,P024,12,28/08/2018,12.15,28/08/2018,12.46,Foraging,0.31,31,Observed
26/07/2018,P052,12,26/07/2018,11.07,26/07/2018,11.2,Foraging,0.13,13,Observed
28/07/2018,P052,12,28/07/2018,13.32,28/07/2018,14.27,Foraging,0.55,55,Observed
29/07/2018,P052,12,29/07/2018,9.42,29/07/2018,10.02,Not Foraging,0.2,2,Observed
01/08/2018,P052,12,01/08/2018,10.0,01/08/2018,10.02,Foraging,0.02,2,Observed
02/08/2018,P052,12,02/08/2018,11.4,02/08/2018,12.39,Foraging,0.59,59,Observed
09/08/2018,P052,12,09/08/2018,9.46,09/08/2018,10.14,Foraging,0.28,28,Observed
16/08/2018,P052,12,16/08/2018,11.15,16/08/2018,13.01,Foraging,1.46,106,Observed
18/08/2018,P052,12,18/08/2018,16.1,18/08/2018,16.26,Not Foraging,0.16,16,Observed
28/07/2018,P037,12,28/07/2018,13.32,28/07/2018,14.12,Foraging,0.4,4,Observed
29/07/2018,P037,12,29/07/2018,9.42,29/07/2018,10.02,Not Foraging,0.2,2,Observed
09/08/2018,P037,12,09/08/2018,9.46,09/08/2018,10.14,Foraging,0.28,28,Observed
16/08/2018,P037,12,16/08/2018,11.15,16/08/2018,13.01,Foraging,1.46,106,Observed
25/07/2018,P063,12,25/07/2018,16.37,25/07/2018,16.54,Not Foraging,0.17,17,Observed
26/07/2018,P063,12,26/07/2018,11.13,26/07/2018,11.31,Foraging,0.18,18,Observed
28/07/2018,P063,12,28/07/2018,13.32,28/07/2018,14.27,Foraging,0.55,55,Observed
01/08/2018,P063,12,01/08/2018,10.0,01/08/2018,10.02,Foraging,0.02,2,Observed
02/08/2018,P063,12,02/08/2018,12.28,02/08/2018,12.49,Foraging,0.21,21,Observed
28/08/2018,P063,12,28/08/2018,12.15,28/08/2018,12.4,Foraging,0.25,25,Observed
26/07/2018,P070,12,26/07/2018,11.07,26/07/2018,11.3,Foraging,0.23,23,Observed
28/07/2018,P070,12,28/07/2018,13.32,28/07/2018,14.27,Foraging,0.55,55,Observed
29/07/2018,P070,12,29/07/2018,9.42,29/07/2018,10.02,Not Foraging,0.2,2,Observed
01/08/2018,P070,12,01/08/2018,10.0,01/08/2018,10.02,Foraging,0.02,2,Observed
02/08/2018,P070,12,02/08/2018,11.4,02/08/2018,12.36,Foraging,0.56,56,Observed
21/08/2018,P070,12,21/08/2018,13.11,21/08/2018,13.15,Foraging,0.04,4,Observed
28/07/2018,P016,12,28/07/2018,13.32,28/07/2018,14.13,Foraging,0.41,41,Observed
02/08/2018,P016,12,02/08/2018,11.4,02/08/2018,12.39,Foraging,0.59,59,Observed
09/08/2018,P016,12,09/08/2018,9.46,09/08/2018,10.14,Foraging,0.28,28,Observed
17/08/2018,P016,12,17/08/2018,11.09,17/08/2018,16.09,Foraging,5.0,300,Observed
01/09/2018,P016,12,01/09/2018,14.09,01/09/2018,15.48,Foraging,1.39,99,Observed
07/08/2018,P050,12,07/08/2018,11.06,07/08/2018,16.57,Foraging,5.51,351,Observed
10/08/2018,P050,12,10/08/2018,11.37,10/08/2018,15.29,Foraging,3.52,232,Observed
23/08/2018,P028,12,23/08/2018,18.54,23/08/2018,20.08,Foraging,1.14,74,Observed
31/08/2018,P028,12,31/08/2018,9.2,31/08/2018,16.43,Foraging,7.23,443,Observed
26/07/2018,P072,12,26/07/2018,11.07,26/07/2018,11.3,Foraging,0.23,23,Observed
27/07/2018,P072,12,27/07/2018,14.28,27/07/2018,14.55,Not Foraging,0.27,27,Observed
29/07/2018,P072,12,29/07/2018,9.42,29/07/2018,10.02,Not Foraging,0.2,2,Observed
01/08/2018,P072,12,01/08/2018,10.0,01/08/2018,10.02,Foraging,0.02,2,Observed
04/08/2018,P072,12,04/08/2018,16.17,04/08/2018,16.37,Foraging,0.2,2,Observed
05/08/2018,P072,12,05/08/2018,12.33,05/08/2018,13.47,Foraging,1.14,74,Observed
16/08/2018,P072,12,16/08/2018,11.15,16/08/2018,12.31,Foraging,1.16,76,Observed
26/07/2018,P008,12,26/07/2018,11.07,26/07/2018,11.19,Foraging,0.12,12,Observed
28/07/2018,P008,12,28/07/2018,13.32,28/07/2018,14.12,Foraging,0.4,4,Observed
29/07/2018,P008,12,29/07/2018,9.42,29/07/2018,10.02,Not Foraging,0.2,2,Observed
01/08/2018,P008,12,01/08/2018,10.0,01/08/2018,10.02,Foraging,0.02,2,Observed
11/08/2018,P008,12,11/08/2018,8.58,11/08/2018,10.08,Foraging,1.1,61,Observed
16/08/2018,P008,12,16/08/2018,11.15,16/08/2018,13.01,Foraging,1.46,106,Observed
04/08/2018,P027,12,04/08/2018,16.17,04/08/2018,16.37,Foraging,0.2,2,Observed
13/08/2018,P027,12,13/08/2018,10.2,13/08/2018,11.0,Foraging,0.4,4,Observed
22/08/2018,P027,12,22/08/2018,15.54,22/08/2018,16.17,Foraging,0.23,23,Observed
23/08/2018,P027,12,23/08/2018,18.52,23/08/2018,20.08,Foraging,1.16,76,Observed
26/08/2018,P027,12,26/08/2018,9.43,26/08/2018,12.2,Foraging,2.37,157,Observed
02/08/2018,P057,12,02/08/2018,11.4,02/08/2018,12.39,Foraging,0.59,59,Observed
13/08/2018,P057,12,13/08/2018,10.1,13/08/2018,11.29,Foraging,1.19,79,Observed
17/08/2018,P057,12,17/08/2018,11.09,17/08/2018,16.09,Foraging,5.0,300,Observed
24/08/2018,P057,12,24/08/2018,12.05,24/08/2018,16.52,Not Foraging,4.47,287,Observed
01/09/2018,P057,12,01/09/2018,14.1,01/09/2018,15.48,Foraging,1.38,98,Observed
24/07/2018,P049,12,24/07/2018,8.55,24/07/2018,17.14,Foraging,8.19,499,Observed
15/08/2018,P049,12,15/08/2018,11.09,15/08/2018,17.34,Foraging,6.25,385,Observed
24/07/2018,P067,12,24/07/2018,8.55,24/07/2018,17.14,Foraging,8.19,499,Observed
25/07/2018,P067,12,25/07/2018,16.37,25/07/2018,16.54,Not Foraging,0.17,17,Observed
15/08/2018,P067,12,15/08/2018,11.07,15/08/2018,17.34,Foraging,6.27,387,Observed
26/08/2018,P013,12,26/08/2018,9.38,26/08/2018,12.48,Foraging,3.1,181,Observed
25/08/2018,P069,12,25/08/2018,13.42,25/08/2018,14.21,Not Foraging,0.39,39,Observed
07/08/2018,P073,12,07/08/2018,11.06,07/08/2018,16.57,Foraging,5.51,351,Observed
10/08/2018,P073,12,10/08/2018,11.37,10/08/2018,15.29,Foraging,3.52,232,Observed
12/08/2018,P055,12,12/08/2018,13.55,12/08/2018,15.14,Foraging,1.19,79,Observed
25/08/2018,P055,12,25/08/2018,13.42,25/08/2018,14.21,Not Foraging,0.39,39,Observed
06/08/2018,P042,12,06/08/2018,9.41,06/08/2018,16.58,Foraging,7.17,437,Observed
12/08/2018,P042,12,12/08/2018,12.15,12/08/2018,15.57,Foraging,3.42,222,Observed
26/08/2018,P010,12,26/08/2018,9.47,26/08/2018,12.33,Foraging,2.46,166,Observed
29/08/2018,P010,12,29/08/2018,7.39,29/08/2018,14.0,Foraging,6.21,381,Observed
27/07/2018,P015,12,27/07/2018,14.28,27/07/2018,14.55,Not Foraging,0.27,27,Observed
11/08/2018,P015,12,11/08/2018,8.58,11/08/2018,10.08,Foraging,1.1,61,Observed
12/08/2018,P015,12,12/08/2018,12.22,12/08/2018,15.14,Foraging,2.52,172,Observed
29/08/2018,P015,12,29/08/2018,7.39,29/08/2018,14.0,Foraging,6.21,381,Observed
22/08/2018,P017,12,22/08/2018,15.54,22/08/2018,16.17,Foraging,0.23,23,Observed
23/08/2018,P017,12,23/08/2018,18.52,23/08/2018,20.08,Foraging,1.16,76,Observed
26/08/2018,P017,12,26/08/2018,9.42,26/08/2018,12.33,Foraging,2.51,171,Observed
06/08/2018,P005,12,06/08/2018,9.34,06/08/2018,16.58,Foraging,7.24,444,Observed
14/08/2018,P036,12,14/08/2018,11.45,14/08/2018,12.57,Foraging,1.12,72,Observed
30/07/2018,P031,12,30/07/2018,10.11,30/07/2018,16.18,Foraging,6.07,367,Observed
30/07/2018,P079,12,30/07/2018,10.12,30/07/2018,16.18,Foraging,6.06,366,Observed
13/08/2018,P020,12,13/08/2018,10.2,13/08/2018,11.0,Foraging,0.4,4,Observed
23/08/2018,P020,12,23/08/2018,18.54,23/08/2018,20.08,Foraging,1.14,74,Observed
28/07/2018,P018,12,28/07/2018,13.32,28/07/2018,14.27,Foraging,0.55,55,Observed
02/08/2018,P018,12,02/08/2018,12.05,02/08/2018,12.36,Foraging,0.31,31,Observed
21/08/2018,P018,12,21/08/2018,13.11,21/08/2018,15.37,Foraging,2.26,146,Observed
26/08/2018,P018,12,26/08/2018,9.46,26/08/2018,12.29,Foraging,2.43,163,Observed
12/08/2018,P026,12,12/08/2018,12.1,12/08/2018,15.57,Foraging,3.47,227,Observed
30/08/2018,P026,12,30/08/2018,14.51,30/08/2018,14.59,Not Foraging,0.08,8,Observed
01/09/2018,P026,12,01/09/2018,14.13,01/09/2018,15.48,Foraging,1.35,95,Observed
28/07/2018,P074,12,28/07/2018,13.32,28/07/2018,14.27,Foraging,0.55,55,Observed
01/08/2018,P074,12,01/08/2018,10.0,01/08/2018,10.02,Foraging,0.02,2,Observed
02/08/2018,P074,12,02/08/2018,11.4,02/08/2018,12.39,Foraging,0.59,59,Observed
19/08/2018,P074,12,19/08/2018,11.47,19/08/2018,15.04,Foraging,3.17,197,Observed
26/08/2018,P074,12,26/08/2018,9.39,26/08/2018,12.29,Foraging,2.5,125,Observed
28/08/2018,P074,12,28/08/2018,12.15,28/08/2018,12.46,Foraging,0.31,31,Observed
03/08/2018,P045,12,03/08/2018,9.51,03/08/2018,9.57,Foraging,0.06,6,Observed
14/08/2018,P045,12,14/08/2018,11.45,14/08/2018,12.57,Foraging,1.12,72,Observed
01/08/2018,P056,12,01/08/2018,10.0,01/08/2018,10.02,Foraging,0.02,2,Observed
16/08/2018,P056,12,16/08/2018,11.15,16/08/2018,12.33,Foraging,1.18,78,Observed
28/08/2018,P056,12,28/08/2018,12.15,28/08/2018,12.4,Foraging,0.25,25,Observed
03/08/2018,P033,12,03/08/2018,9.51,03/08/2018,9.57,Foraging,0.06,6,Observed
08/08/2018,P033,12,08/08/2018,13.44,08/08/2018,14.08,Foraging,0.24,24,Observed
02/08/2018,P051,12,02/08/2018,12.05,02/08/2018,12.36,Foraging,0.31,31,Observed
28/08/2018,P051,12,28/08/2018,12.15,28/08/2018,12.44,Foraging,0.29,29,Observed
23/08/2018,P059,12,23/08/2018,18.52,23/08/2018,20.25,Foraging,1.33,93,Observed
27/07/2018,P009,12,27/07/2018,14.28,27/07/2018,14.55,Not Foraging,0.27,27,Observed
31/07/2018,P014,12,31/07/2018,13.17,31/07/2018,14.55,Foraging,1.38,98,Observed
02/08/2018,P014,12,02/08/2018,11.4,02/08/2018,12.39,Foraging,0.59,59,Observed
05/08/2018,P014,12,05/08/2018,12.33,05/08/2018,13.47,Foraging,1.14,74,Observed
13/08/2018,P014,12,13/08/2018,10.1,13/08/2018,11.29,Foraging,1.19,79,Observed
17/08/2018,P014,12,17/08/2018,11.36,17/08/2018,13.49,Foraging,2.13,133,Observed
18/08/2018,P014,12,18/08/2018,16.1,18/08/2018,16.26,Not Foraging,0.16,16,Observed
01/09/2018,P014,12,01/09/2018,14.09,01/09/2018,15.48,Foraging,1.39,99,Observed
28/07/2018,P061,12,28/07/2018,13.32,28/07/2018,14.12,Foraging,0.4,4,Observed
31/07/2018,P061,12,31/07/2018,13.17,31/07/2018,14.55,Foraging,1.38,98,Observed
02/08/2018,P061,12,02/08/2018,11.4,02/08/2018,12.39,Foraging,0.59,59,Observed
13/08/2018,P061,12,13/08/2018,10.1,13/08/2018,11.29,Foraging,1.19,79,Observed
17/08/2018,P061,12,17/08/2018,11.09,17/08/2018,16.09,Foraging,5.0,300,Observed
24/08/2018,P061,12,24/08/2018,12.05,24/08/2018,16.52,Not Foraging,4.47,287,Observed
30/08/2018,P061,12,30/08/2018,14.51,30/08/2018,14.59,Not Foraging,0.08,8,Observed
31/08/2018,P061,12,31/08/2018,9.31,31/08/2018,16.43,Foraging,7.12,432,Observed
02/08/2018,P029,12,02/08/2018,11.4,02/08/2018,12.39,Foraging,0.59,59,Observed
02/08/2018,P025,12,02/08/2018,11.4,02/08/2018,12.39,Foraging,0.59,59,Observed
09/08/2018,P025,12,09/08/2018,9.46,09/08/2018,10.14,Foraging,0.28,28,Observed
16/08/2018,P025,12,16/08/2018,11.15,16/08/2018,12.31,Foraging,1.16,76,Observed
17/08/2018,P025,12,17/08/2018,11.09,17/08/2018,14.23,Foraging,3.14,194,Observed
08/08/2018,P039,12,08/08/2018,13.44,08/08/2018,14.08,Foraging,0.24,24,Observed
27/07/2018,P043,13,27/07/2018,16.01,27/07/2018,16.15,Not Foraging,0.14,14,Observed
06/08/2018,P043,13,06/08/2018,9.18,06/08/2018,15.25,Foraging,6.07,367,Observed
17/08/2018,P043,13,17/08/2018,11.37,17/08/2018,16.44,Not Foraging,5.07,307,Observed
26/07/2018,P024,13,26/07/2018,12.01,26/07/2018,12.23,Foraging,0.22,22,Observed
02/08/2018,P024,13,02/08/2018,13.28,02/08/2018,14.14,Not Foraging,0.46,46,Observed
04/08/2018,P024,13,04/08/2018,16.54,04/08/2018,17.45,Not Foraging,0.51,51,Observed
14/08/2018,P024,13,14/08/2018,12.0,14/08/2018,12.41,Not Foraging,0.41,41,Observed
17/08/2018,P024,13,17/08/2018,11.37,17/08/2018,16.44,Not Foraging,5.07,307,Observed
28/08/2018,P024,13,28/08/2018,14.58,28/08/2018,16.01,Foraging,1.03,63,Observed
30/07/2018,P052,13,30/07/2018,11.32,30/07/2018,12.07,Foraging,0.35,35,Observed
13/08/2018,P052,13,13/08/2018,10.22,13/08/2018,10.55,Foraging,0.33,33,Observed
24/08/2018,P052,13,24/08/2018,12.23,24/08/2018,13.13,Foraging,0.5,5,Observed
28/07/2018,P037,13,28/07/2018,15.46,28/07/2018,15.57,Not Foraging,0.11,11,Observed
30/07/2018,P037,13,30/07/2018,11.27,30/07/2018,12.09,Foraging,0.42,42,Observed
09/08/2018,P037,13,09/08/2018,10.58,09/08/2018,11.33,Foraging,0.35,35,Observed
09/08/2018,P037,13,09/08/2018,11.34,09/08/2018,11.52,Foraging,0.18,18,Observed
13/08/2018,P037,13,13/08/2018,10.22,13/08/2018,10.56,Foraging,0.34,34,Observed
14/08/2018,P037,13,14/08/2018,12.0,14/08/2018,12.16,Not Foraging,0.16,16,Observed
15/08/2018,P037,13,15/08/2018,11.18,15/08/2018,11.23,Not Foraging,0.05,5,Observed
28/08/2018,P037,13,28/08/2018,14.59,28/08/2018,15.28,Foraging,0.29,29,Observed
24/07/2018,P063,13,24/07/2018,12.01,24/07/2018,13.59,Foraging,1.58,118,Observed
30/07/2018,P063,13,30/07/2018,11.27,30/07/2018,12.09,Foraging,0.42,42,Observed
02/08/2018,P063,13,02/08/2018,13.28,02/08/2018,14.14,Not Foraging,0.46,46,Observed
24/08/2018,P063,13,24/08/2018,12.23,24/08/2018,13.13,Foraging,0.5,5,Observed
28/08/2018,P063,13,28/08/2018,14.58,28/08/2018,16.01,Foraging,1.03,63,Observed
24/07/2018,P070,13,24/07/2018,12.01,24/07/2018,13.59,Foraging,1.58,118,Observed
30/07/2018,P070,13,30/07/2018,11.27,30/07/2018,12.09,Foraging,0.42,42,Observed
03/08/2018,P070,13,03/08/2018,10.11,03/08/2018,11.5,Foraging,1.39,99,Observed
09/08/2018,P070,13,09/08/2018,10.58,09/08/2018,11.33,Foraging,0.35,35,Observed
09/08/2018,P070,13,09/08/2018,11.34,09/08/2018,11.52,Foraging,0.18,18,Observed
12/08/2018,P070,13,12/08/2018,13.37,12/08/2018,14.19,Not Foraging,0.42,42,Observed
14/08/2018,P070,13,14/08/2018,12.0,14/08/2018,12.41,Not Foraging,0.41,41,Observed
28/08/2018,P070,13,28/08/2018,15.0,28/08/2018,15.28,Foraging,0.28,28,Observed
26/07/2018,P016,13,26/07/2018,12.03,26/07/2018,12.22,Foraging,0.19,19,Observed
28/07/2018,P016,13,28/07/2018,15.03,28/07/2018,15.57,Not Foraging,0.54,54,Observed
31/07/2018,P016,13,31/07/2018,14.24,31/07/2018,15.55,Foraging,1.31,91,Observed
13/08/2018,P016,13,13/08/2018,10.22,13/08/2018,10.55,Foraging,0.33,33,Observed
15/08/2018,P016,13,15/08/2018,11.18,15/08/2018,11.23,Not Foraging,0.05,5,Observed
21/08/2018,P050,13,21/08/2018,14.26,21/08/2018,15.39,Not Foraging,1.13,73,Observed
22/08/2018,P050,13,22/08/2018,21.2,22/08/2018,0.01,Foraging,2.41,161,Observed
19/08/2018,P028,13,19/08/2018,12.54,19/08/2018,16.59,Foraging,4.05,245,Observed
21/08/2018,P028,13,21/08/2018,14.26,21/08/2018,15.39,Not Foraging,1.13,73,Observed
24/07/2018,P072,13,24/07/2018,12.01,24/07/2018,13.59,Foraging,1.58,118,Observed
04/08/2018,P072,13,04/08/2018,16.56,04/08/2018,17.45,Not Foraging,0.49,49,Observed
12/08/2018,P072,13,12/08/2018,13.27,12/08/2018,14.19,Not Foraging,0.52,52,Observed
28/07/2018,P008,13,28/07/2018,15.46,28/07/2018,15.57,Not Foraging,0.11,11,Observed
30/07/2018,P008,13,30/07/2018,11.27,30/07/2018,12.09,Foraging,0.42,42,Observed
13/08/2018,P008,13,13/08/2018,10.22,13/08/2018,10.55,Foraging,0.33,33,Observed
27/07/2018,P027,13,27/07/2018,16.01,27/07/2018,16.15,Not Foraging,0.14,14,Observed
04/08/2018,P027,13,04/08/2018,17.21,04/08/2018,17.43,Not Foraging,0.22,22,Observed
11/08/2018,P027,13,11/08/2018,10.03,11/08/2018,10.23,Foraging,0.2,2,Observed
16/08/2018,P027,13,16/08/2018,11.17,16/08/2018,11.32,Foraging,0.15,15,Observed
31/07/2018,P057,13,31/07/2018,14.24,31/07/2018,15.55,Foraging,1.31,91,Observed
10/08/2018,P057,13,10/08/2018,11.4,10/08/2018,13.22,Foraging,1.42,102,Observed
25/08/2018,P057,13,25/08/2018,15.06,25/08/2018,16.22,Not Foraging,1.16,76,Observed
26/08/2018,P057,13,26/08/2018,11.16,26/08/2018,14.2,Foraging,3.04,184,Observed
05/08/2018,P049,13,05/08/2018,12.5,05/08/2018,13.52,Foraging,1.02,62,Observed
31/08/2018,P069,13,31/08/2018,10.13,31/08/2018,13.3,Foraging,3.17,197,Observed
01/08/2018,P055,13,01/08/2018,10.36,01/08/2018,11.3,Not Foraging,0.54,54,Observed
31/08/2018,P055,13,31/08/2018,10.13,31/08/2018,13.3,Foraging,3.17,197,Observed
31/07/2018,P042,13,31/07/2018,14.24,31/07/2018,15.55,Foraging,1.31,91,Observed
05/08/2018,P010,13,05/08/2018,12.5,05/08/2018,13.48,Foraging,0.58,58,Observed
08/08/2018,P010,13,08/08/2018,16.3,08/08/2018,17.11,Foraging,0.41,41,Observed
31/07/2018,P015,13,31/07/2018,14.24,31/07/2018,15.55,Foraging,1.31,91,Observed
01/08/2018,P015,13,01/08/2018,10.37,01/08/2018,11.3,Not Foraging,0.53,53,Observed
08/08/2018,P015,13,08/08/2018,16.3,08/08/2018,17.11,Foraging,0.41,41,Observed
31/07/2018,P071,13,31/07/2018,14.24,31/07/2018,15.55,Foraging,1.31,91,Observed
19/08/2018,P071,13,19/08/2018,12.54,19/08/2018,16.59,Foraging,4.05,245,Observed
21/08/2018,P071,13,21/08/2018,14.26,21/08/2018,15.39,Not Foraging,1.13,73,Observed
11/08/2018,P017,13,11/08/2018,10.03,11/08/2018,10.33,Foraging,0.3,3,Observed
05/08/2018,P005,13,05/08/2018,12.5,05/08/2018,13.52,Foraging,1.02,62,Observed
07/08/2018,P031,13,07/08/2018,7.43,07/08/2018,18.56,Not Foraging,11.13,673,Observed
01/09/2018,P031,13,01/09/2018,14.32,01/09/2018,16.3,Foraging,1.58,118,Observed
07/08/2018,P079,13,07/08/2018,7.45,07/08/2018,18.27,Not Foraging,10.42,642,Observed
06/08/2018,P020,13,06/08/2018,9.18,06/08/2018,15.25,Foraging,6.07,367,Observed
16/08/2018,P020,13,16/08/2018,11.17,16/08/2018,11.32,Foraging,0.15,15,Observed
02/08/2018,P018,13,02/08/2018,13.28,02/08/2018,14.14,Not Foraging,0.46,46,Observed
03/08/2018,P018,13,03/08/2018,10.11,03/08/2018,11.5,Foraging,1.39,99,Observed
06/08/2018,P018,13,06/08/2018,9.2,06/08/2018,15.26,Foraging,6.06,366,Observed
09/08/2018,P018,13,09/08/2018,10.58,09/08/2018,11.33,Foraging,0.35,35,Observed
01/09/2018,P018,13,01/09/2018,14.32,01/09/2018,16.3,Foraging,1.58,118,Observed
26/07/2018,P074,13,26/07/2018,12.01,26/07/2018,12.23,Foraging,0.22,22,Observed
02/08/2018,P074,13,02/08/2018,13.28,02/08/2018,14.14,Not Foraging,0.46,46,Observed
06/08/2018,P074,13,06/08/2018,9.25,06/08/2018,15.26,Foraging,6.01,361,Observed
11/08/2018,P074,13,11/08/2018,10.03,11/08/2018,10.32,Foraging,0.29,29,Observed
14/08/2018,P074,13,14/08/2018,12.0,14/08/2018,12.41,Not Foraging,0.41,41,Observed
28/08/2018,P045,13,28/08/2018,14.59,28/08/2018,15.28,Foraging,0.29,29,Observed
30/07/2018,P056,13,30/07/2018,11.27,30/07/2018,12.09,Foraging,0.42,42,Observed
04/08/2018,P056,13,04/08/2018,16.54,04/08/2018,17.45,Not Foraging,0.51,51,Observed
12/08/2018,P056,13,12/08/2018,13.27,12/08/2018,14.19,Not Foraging,0.52,52,Observed
14/08/2018,P056,13,14/08/2018,12.0,14/08/2018,12.41,Not Foraging,0.41,41,Observed
24/08/2018,P056,13,24/08/2018,12.23,24/08/2018,13.13,Foraging,0.5,5,Observed
28/08/2018,P056,13,28/08/2018,14.58,28/08/2018,16.01,Foraging,1.03,63,Observed
28/08/2018,P033,13,28/08/2018,15.0,28/08/2018,15.23,Foraging,0.23,23,Observed
02/08/2018,P051,13,02/08/2018,13.28,02/08/2018,14.14,Not Foraging,0.46,46,Observed
04/08/2018,P051,13,04/08/2018,16.54,04/08/2018,17.45,Not Foraging,0.51,51,Observed
07/08/2018,P051,13,07/08/2018,7.45,07/08/2018,12.07,Not Foraging,4.22,262,Observed
09/08/2018,P051,13,09/08/2018,12.14,09/08/2018,12.25,Foraging,0.11,11,Observed
17/08/2018,P051,13,17/08/2018,11.37,17/08/2018,16.44,Not Foraging,5.07,307,Observed
28/08/2018,P051,13,28/08/2018,15.0,28/08/2018,16.01,Foraging,1.01,61,Observed
25/07/2018,P059,13,25/07/2018,16.41,25/07/2018,16.55,Not Foraging,0.14,14,Observed
29/07/2018,P059,13,29/07/2018,9.44,29/07/2018,14.24,Foraging,4.4,244,Observed
25/07/2018,P009,13,25/07/2018,16.41,25/07/2018,16.55,Not Foraging,0.14,14,Observed
29/07/2018,P009,13,29/07/2018,9.44,29/07/2018,14.24,Foraging,4.4,244,Observed
31/07/2018,P009,13,31/07/2018,14.24,31/07/2018,15.55,Foraging,1.31,91,Observed
19/08/2018,P009,13,19/08/2018,12.54,19/08/2018,16.59,Foraging,4.05,245,Observed
29/07/2018,P002,13,29/07/2018,9.45,29/07/2018,14.24,Foraging,4.39,279,Observed
01/08/2018,P002,13,01/08/2018,10.36,01/08/2018,11.3,Not Foraging,0.54,54,Observed
29/07/2018,P014,13,29/07/2018,9.44,29/07/2018,14.24,Foraging,4.4,244,Observed
26/08/2018,P014,13,26/08/2018,11.16,26/08/2018,14.2,Foraging,3.04,184,Observed
30/08/2018,P014,13,30/08/2018,14.59,30/08/2018,15.09,Not Foraging,0.1,1,Observed
28/07/2018,P061,13,28/07/2018,15.03,28/07/2018,15.57,Not Foraging,0.54,54,Observed
10/08/2018,P061,13,10/08/2018,11.4,10/08/2018,13.22,Foraging,1.42,102,Observed
22/08/2018,P061,13,22/08/2018,21.2,22/08/2018,0.01,Foraging,2.41,161,Observed
25/08/2018,P061,13,25/08/2018,15.06,25/08/2018,16.22,Not Foraging,1.16,76,Observed
02/08/2018,P029,13,02/08/2018,13.28,02/08/2018,14.14,Not Foraging,0.46,46,Observed
04/08/2018,P029,13,04/08/2018,16.54,04/08/2018,17.45,Not Foraging,0.51,51,Observed
14/08/2018,P029,13,14/08/2018,12.0,14/08/2018,12.41,Not Foraging,0.41,41,Observed
13/08/2018,P025,13,13/08/2018,10.22,13/08/2018,10.56,Foraging,0.34,34,Observed
15/08/2018,P025,13,15/08/2018,11.18,15/08/2018,11.23,Not Foraging,0.05,5,Observed
26/07/2018,P043,14,26/07/2018,12.05,26/07/2018,12.22,Foraging,0.17,17,Observed
24/07/2018,P024,14,24/07/2018,13.54,24/07/2018,15.22,Not Foraging,1.28,88,Observed
29/07/2018,P024,14,29/07/2018,11.3,29/07/2018,12.11,Foraging,0.41,41,Observed
09/08/2018,P024,14,09/08/2018,11.25,09/08/2018,12.55,Foraging,1.3,63,Observed
14/08/2018,P024,14,14/08/2018,12.46,14/08/2018,13.23,Not Foraging,0.37,37,Observed
25/08/2018,P024,14,25/08/2018,16.0,25/08/2018,16.58,Foraging,0.58,58,Observed
02/08/2018,P052,14,02/08/2018,15.35,02/08/2018,15.42,Foraging,0.07,7,Observed
07/08/2018,P052,14,07/08/2018,12.17,07/08/2018,12.32,Not Foraging,0.15,15,Observed
11/08/2018,P052,14,11/08/2018,10.3,11/08/2018,10.42,Foraging,0.12,12,Observed
07/08/2018,P037,14,07/08/2018,12.17,07/08/2018,12.19,Not Foraging,0.02,2,Observed
11/08/2018,P037,14,11/08/2018,10.3,11/08/2018,10.42,Foraging,0.12,12,Observed
24/07/2018,P063,14,24/07/2018,14.16,24/07/2018,15.16,Not Foraging,1.0,60,Observed
26/07/2018,P063,14,26/07/2018,12.05,26/07/2018,12.22,Foraging,0.17,17,Observed
29/07/2018,P063,14,29/07/2018,11.3,29/07/2018,12.11,Foraging,0.41,41,Observed
30/07/2018,P063,14,30/07/2018,14.06,30/07/2018,14.24,Foraging,0.18,18,Observed
01/08/2018,P063,14,01/08/2018,10.07,01/08/2018,10.17,Foraging,0.1,1,Observed
06/08/2018,P063,14,06/08/2018,9.5,06/08/2018,11.05,Foraging,1.15,75,Observed
09/08/2018,P063,14,09/08/2018,11.25,09/08/2018,12.55,Foraging,1.3,63,Observed
11/08/2018,P063,14,11/08/2018,10.3,11/08/2018,10.42,Foraging,0.12,12,Observed
26/07/2018,P070,14,26/07/2018,12.05,26/07/2018,12.1,Foraging,0.05,5,Observed
30/07/2018,P070,14,30/07/2018,14.06,30/07/2018,14.24,Foraging,0.18,18,Observed
02/08/2018,P070,14,02/08/2018,14.33,02/08/2018,15.1,Foraging,0.37,37,Observed
02/08/2018,P070,14,02/08/2018,15.35,02/08/2018,15.42,Foraging,0.07,7,Observed
02/08/2018,P016,14,02/08/2018,15.35,02/08/2018,15.42,Foraging,0.07,7,Observed
07/08/2018,P016,14,07/08/2018,12.17,07/08/2018,12.32,Not Foraging,0.15,15,Observed
13/08/2018,P016,14,13/08/2018,12.12,13/08/2018,12.21,Not Foraging,0.09,9,Observed
15/08/2018,P050,14,15/08/2018,13.28,15/08/2018,16.14,Foraging,2.46,166,Observed
17/08/2018,P050,14,17/08/2018,11.58,17/08/2018,12.08,Foraging,0.1,1,Observed
19/08/2018,P050,14,19/08/2018,13.1,19/08/2018,14.38,Foraging,1.28,88,Observed
28/08/2018,P050,14,28/08/2018,12.08,28/08/2018,15.49,Foraging,3.41,221,Observed
31/08/2018,P050,14,31/08/2018,12.59,31/08/2018,13.3,Not Foraging,0.31,31,Observed
01/09/2018,P050,14,01/09/2018,14.34,01/09/2018,16.52,Foraging,2.18,138,Observed
17/08/2018,P028,14,17/08/2018,11.58,17/08/2018,12.08,Foraging,0.1,1,Observed
24/07/2018,P072,14,24/07/2018,14.16,24/07/2018,15.16,Not Foraging,1.0,60,Observed
01/08/2018,P072,14,01/08/2018,10.07,01/08/2018,10.17,Foraging,0.1,1,Observed
30/08/2018,P072,14,30/08/2018,10.45,30/08/2018,14.24,Foraging,3.39,219,Observed
02/08/2018,P008,14,02/08/2018,15.35,02/08/2018,15.42,Foraging,0.07,7,Observed
11/08/2018,P008,14,11/08/2018,10.3,11/08/2018,10.42,Foraging,0.12,12,Observed
25/07/2018,P027,14,25/07/2018,19.11,25/07/2018,21.32,Foraging,2.21,141,Observed
26/07/2018,P027,14,26/07/2018,12.12,26/07/2018,12.22,Foraging,0.1,1,Observed
09/08/2018,P027,14,09/08/2018,11.33,09/08/2018,12.16,Foraging,0.43,43,Observed
10/08/2018,P027,14,10/08/2018,12.37,10/08/2018,16.4,Foraging,4.03,243,Observed
11/08/2018,P027,14,11/08/2018,10.3,11/08/2018,10.42,Foraging,0.12,12,Observed
12/08/2018,P027,14,12/08/2018,13.37,12/08/2018,15.58,Foraging,2.21,141,Observed
02/08/2018,P057,14,02/08/2018,15.35,02/08/2018,15.42,Foraging,0.07,7,Observed
13/08/2018,P057,14,13/08/2018,11.57,13/08/2018,12.36,Not Foraging,0.39,39,Observed
21/08/2018,P057,14,21/08/2018,15.35,21/08/2018,16.39,Not Foraging,1.04,64,Observed
15/08/2018,P035,14,15/08/2018,13.28,15/08/2018,16.14,Foraging,2.46,166,Observed
25/07/2018,P049,14,25/07/2018,19.11,25/07/2018,21.32,Foraging,2.21,141,Observed
27/07/2018,P049,14,27/07/2018,20.36,27/07/2018,23.38,Foraging,3.02,182,Observed
28/07/2018,P049,14,28/07/2018,15.2,28/07/2018,16.24,Foraging,1.04,64,Observed
30/07/2018,P049,14,30/07/2018,13.31,30/07/2018,14.24,Foraging,0.53,53,Observed
04/08/2018,P049,14,04/08/2018,22.02,04/08/2018,23.58,Foraging,1.56,116,Observed
28/07/2018,P067,14,28/07/2018,15.2,28/07/2018,16.07,Foraging,0.47,47,Observed
02/08/2018,P067,14,02/08/2018,14.33,02/08/2018,15.42,Foraging,1.09,69,Observed
24/08/2018,P067,14,24/08/2018,12.37,24/08/2018,16.52,Foraging,4.15,255,Observed
25/07/2018,P013,14,25/07/2018,19.11,25/07/2018,23.04,Foraging,3.53,233,Observed
24/08/2018,P069,14,24/08/2018,12.37,24/08/2018,16.52,Foraging,4.15,255,Observed
15/08/2018,P073,14,15/08/2018,13.28,15/08/2018,16.14,Foraging,2.46,166,Observed
28/08/2018,P073,14,28/08/2018,12.08,28/08/2018,15.49,Foraging,3.41,221,Observed
31/08/2018,P073,14,31/08/2018,12.59,31/08/2018,13.3,Not Foraging,0.31,31,Observed
24/08/2018,P055,14,24/08/2018,12.37,24/08/2018,16.52,Foraging,4.15,255,Observed
25/07/2018,P010,14,25/07/2018,19.11,25/07/2018,23.04,Foraging,3.53,233,Observed
04/08/2018,P010,14,04/08/2018,22.02,04/08/2018,23.22,Foraging,1.2,62,Observed
11/08/2018,P015,14,11/08/2018,10.3,11/08/2018,10.42,Foraging,0.12,12,Observed
30/08/2018,P015,14,30/08/2018,10.45,30/08/2018,14.24,Foraging,3.39,219,Observed
08/08/2018,P071,14,08/08/2018,17.21,08/08/2018,17.3,Foraging,0.09,9,Observed
17/08/2018,P071,14,17/08/2018,11.58,17/08/2018,12.08,Foraging,0.1,1,Observed
25/07/2018,P017,14,25/07/2018,19.11,25/07/2018,21.32,Foraging,2.21,141,Observed
10/08/2018,P017,14,10/08/2018,12.37,10/08/2018,16.4,Foraging,4.03,243,Observed
12/08/2018,P017,14,12/08/2018,13.37,12/08/2018,15.58,Foraging,2.21,141,Observed
25/07/2018,P005,14,25/07/2018,19.11,25/07/2018,21.32,Foraging,2.21,141,Observed
04/08/2018,P005,14,04/08/2018,22.02,04/08/2018,23.54,Foraging,1.52,112,Observed
04/08/2018,P040,14,04/08/2018,22.02,04/08/2018,23.54,Foraging,1.52,112,Observed
22/08/2018,P040,14,22/08/2018,11.0,22/08/2018,18.17,Foraging,7.17,437,Observed
22/08/2018,P036,14,22/08/2018,11.0,22/08/2018,18.17,Foraging,7.17,437,Observed
09/08/2018,P020,14,09/08/2018,11.33,09/08/2018,12.08,Foraging,0.35,35,Observed
24/07/2018,P018,14,24/07/2018,13.54,24/07/2018,15.16,Not Foraging,1.22,82,Observed
14/08/2018,P026,14,14/08/2018,12.46,14/08/2018,13.23,Not Foraging,0.37,37,Observed
31/08/2018,P026,14,31/08/2018,12.59,31/08/2018,13.3,Not Foraging,0.31,31,Observed
24/07/2018,P074,14,24/07/2018,13.54,24/07/2018,15.22,Not Foraging,1.28,88,Observed
29/07/2018,P074,14,29/07/2018,11.3,29/07/2018,12.11,Foraging,0.41,41,Observed
01/08/2018,P074,14,01/08/2018,10.07,01/08/2018,10.17,Foraging,0.1,1,Observed
09/08/2018,P074,14,09/08/2018,11.26,09/08/2018,12.08,Foraging,0.42,42,Observed
09/08/2018,P074,14,09/08/2018,12.14,09/08/2018,12.55,Foraging,0.41,41,Observed
11/08/2018,P074,14,11/08/2018,10.32,11/08/2018,10.42,Foraging,0.1,1,Observed
14/08/2018,P074,14,14/08/2018,12.46,14/08/2018,13.23,Not Foraging,0.37,37,Observed
25/08/2018,P074,14,25/08/2018,16.0,25/08/2018,16.58,Foraging,0.58,58,Observed
30/07/2018,P056,14,30/07/2018,14.06,30/07/2018,14.24,Foraging,0.18,18,Observed
01/08/2018,P056,14,01/08/2018,10.07,01/08/2018,10.17,Foraging,0.1,1,Observed
06/08/2018,P056,14,06/08/2018,9.5,06/08/2018,11.05,Foraging,1.15,75,Observed
22/08/2018,P056,14,22/08/2018,11.0,22/08/2018,18.17,Foraging,7.17,437,Observed
05/08/2018,P033,14,05/08/2018,12.4,05/08/2018,15.03,Foraging,2.23,143,Observed
24/07/2018,P051,14,24/07/2018,13.54,24/07/2018,15.22,Not Foraging,1.28,88,Observed
26/07/2018,P051,14,26/07/2018,12.13,26/07/2018,12.23,Foraging,0.1,1,Observed
09/08/2018,P051,14,09/08/2018,11.25,09/08/2018,12.08,Foraging,0.43,43,Observed
25/07/2018,P059,14,25/07/2018,19.11,25/07/2018,0.34,Foraging,5.23,323,Observed
27/07/2018,P059,14,27/07/2018,20.36,27/07/2018,23.38,Foraging,3.02,182,Observed
12/08/2018,P059,14,12/08/2018,13.37,12/08/2018,15.58,Foraging,2.21,141,Observed
26/08/2018,P059,14,26/08/2018,11.55,26/08/2018,15.4,Foraging,3.45,225,Observed
03/08/2018,P009,14,03/08/2018,10.2,03/08/2018,16.38,Foraging,6.18,378,Observed
11/08/2018,P009,14,11/08/2018,10.3,11/08/2018,10.42,Foraging,0.12,12,Observed
26/08/2018,P009,14,26/08/2018,11.55,26/08/2018,15.4,Foraging,3.45,225,Observed
03/08/2018,P002,14,03/08/2018,9.56,03/08/2018,16.38,Foraging,6.42,402,Observed
25/07/2018,P061,14,25/07/2018,19.11,25/07/2018,0.34,Foraging,5.23,323,Observed
02/08/2018,P061,14,02/08/2018,14.33,02/08/2018,15.42,Foraging,1.09,69,Observed
08/08/2018,P061,14,08/08/2018,17.21,08/08/2018,17.3,Foraging,0.09,9,Observed
13/08/2018,P061,14,13/08/2018,11.57,13/08/2018,12.36,Not Foraging,0.39,39,Observed
19/08/2018,P061,14,19/08/2018,13.1,19/08/2018,14.38,Foraging,1.28,88,Observed
21/08/2018,P061,14,21/08/2018,15.35,21/08/2018,16.39,Not Foraging,1.04,64,Observed
01/09/2018,P061,14,01/09/2018,14.34,01/09/2018,16.52,Foraging,2.18,138,Observed
09/08/2018,P029,14,09/08/2018,11.25,09/08/2018,12.55,Foraging,1.3,63,Observed
02/08/2018,P025,14,02/08/2018,15.35,02/08/2018,15.42,Foraging,0.07,7,Observed
07/08/2018,P025,14,07/08/2018,12.17,07/08/2018,12.32,Not Foraging,0.15,15,Observed
13/08/2018,P025,14,13/08/2018,12.12,13/08/2018,12.21,Not Foraging,0.09,9,Observed
05/08/2018,P039,14,05/08/2018,12.4,05/08/2018,15.03,Foraging,2.23,143,Observed
29/07/2018,P043,15,29/07/2018,14.4,29/07/2018,16.07,Foraging,1.27,87,Observed
03/08/2018,P043,15,03/08/2018,10.56,03/08/2018,13.31,Foraging,2.35,155,Observed
11/08/2018,P043,15,11/08/2018,13.14,11/08/2018,14.01,Foraging,0.47,47,Observed
13/08/2018,P043,15,13/08/2018,12.0,13/08/2018,12.54,Foraging,0.54,54,Observed
10/08/2018,P024,15,10/08/2018,13.14,10/08/2018,13.49,Foraging,0.35,35,Observed
11/08/2018,P024,15,11/08/2018,13.14,11/08/2018,14.01,Foraging,0.47,47,Observed
13/08/2018,P024,15,13/08/2018,12.36,13/08/2018,15.29,Foraging,2.53,173,Observed
26/08/2018,P024,15,26/08/2018,12.44,26/08/2018,13.16,Foraging,0.32,32,Observed
01/08/2018,P052,15,01/08/2018,10.07,01/08/2018,10.3,Foraging,0.23,23,Observed
09/08/2018,P052,15,09/08/2018,12.51,09/08/2018,13.43,Not Foraging,0.52,52,Observed
15/08/2018,P052,15,15/08/2018,15.01,15/08/2018,15.43,Not Foraging,0.42,42,Observed
26/08/2018,P052,15,26/08/2018,12.53,26/08/2018,13.16,Foraging,0.23,23,Observed
26/07/2018,P037,15,26/07/2018,13.11,26/07/2018,14.09,Foraging,0.58,58,Observed
09/08/2018,P037,15,09/08/2018,12.53,09/08/2018,12.58,Not Foraging,0.05,5,Observed
15/08/2018,P037,15,15/08/2018,15.01,15/08/2018,15.43,Not Foraging,0.42,42,Observed
16/08/2018,P037,15,16/08/2018,13.25,16/08/2018,17.1,Foraging,3.45,225,Observed
26/07/2018,P063,15,26/07/2018,13.11,26/07/2018,14.09,Foraging,0.58,58,Observed
26/08/2018,P063,15,26/08/2018,12.08,26/08/2018,13.17,Foraging,1.09,69,Observed
26/08/2018,P070,15,26/08/2018,12.5,26/08/2018,12.53,Foraging,0.03,3,Observed
09/08/2018,P016,15,09/08/2018,12.53,09/08/2018,13.43,Not Foraging,0.5,5,Observed
15/08/2018,P016,15,15/08/2018,15.01,15/08/2018,15.43,Not Foraging,0.42,42,Observed
17/08/2018,P050,15,17/08/2018,12.19,17/08/2018,17.39,Foraging,5.2,302,Observed
25/08/2018,P050,15,25/08/2018,16.38,25/08/2018,16.45,Foraging,0.07,7,Observed
17/08/2018,P028,15,17/08/2018,12.19,17/08/2018,17.39,Foraging,5.2,302,Observed
03/08/2018,P072,15,03/08/2018,10.59,03/08/2018,13.31,Foraging,2.32,152,Observed
26/08/2018,P072,15,26/08/2018,12.5,26/08/2018,13.42,Foraging,0.52,52,Observed
26/08/2018,P072,15,26/08/2018,12.08,26/08/2018,12.39,Foraging,0.31,31,Observed
01/08/2018,P008,15,01/08/2018,10.07,01/08/2018,10.3,Foraging,0.23,23,Observed
15/08/2018,P008,15,15/08/2018,15.01,15/08/2018,15.43,Not Foraging,0.42,42,Observed
29/07/2018,P027,15,29/07/2018,14.4,29/07/2018,16.07,Foraging,1.27,87,Observed
30/07/2018,P027,15,30/07/2018,14.5,30/07/2018,15.53,Foraging,1.03,63,Observed
03/08/2018,P027,15,03/08/2018,10.57,03/08/2018,13.31,Foraging,2.34,154,Observed
05/08/2018,P027,15,05/08/2018,13.54,05/08/2018,14.18,Foraging,0.24,24,Observed
06/08/2018,P027,15,06/08/2018,10.44,06/08/2018,10.5,Foraging,0.06,6,Observed
02/08/2018,P057,15,02/08/2018,17.4,02/08/2018,17.46,Not Foraging,0.06,6,Observed
30/07/2018,P049,15,30/07/2018,14.5,30/07/2018,15.53,Foraging,1.03,63,Observed
19/08/2018,P067,15,19/08/2018,13.45,19/08/2018,15.44,Not Foraging,1.59,119,Observed
29/07/2018,P013,15,29/07/2018,14.38,29/07/2018,16.11,Foraging,1.33,93,Observed
16/08/2018,P013,15,16/08/2018,13.25,16/08/2018,17.1,Foraging,3.45,225,Observed
16/08/2018,P069,15,16/08/2018,13.25,16/08/2018,17.1,Foraging,3.45,225,Observed
12/08/2018,P055,15,12/08/2018,15.3,12/08/2018,16.15,Not Foraging,0.45,45,Observed
12/08/2018,P015,15,12/08/2018,16.0,12/08/2018,16.15,Not Foraging,0.15,15,Observed
17/08/2018,P071,15,17/08/2018,12.19,17/08/2018,17.39,Foraging,5.2,302,Observed
06/08/2018,P017,15,06/08/2018,10.44,06/08/2018,10.5,Foraging,0.06,6,Observed
13/08/2018,P017,15,13/08/2018,12.01,13/08/2018,12.43,Foraging,0.42,42,Observed
24/08/2018,P040,15,24/08/2018,13.07,24/08/2018,16.17,Foraging,3.1,181,Observed
28/07/2018,P036,15,28/07/2018,15.31,28/07/2018,16.13,Not Foraging,0.42,42,Observed
24/08/2018,P036,15,24/08/2018,13.07,24/08/2018,16.17,Foraging,3.1,181,Observed
01/09/2018,P036,15,01/09/2018,14.5,01/09/2018,15.31,Foraging,0.41,41,Observed
24/07/2018,P031,15,24/07/2018,14.2,24/07/2018,15.02,Not Foraging,0.42,42,Observed
24/07/2018,P079,15,24/07/2018,14.2,24/07/2018,15.05,Not Foraging,0.45,45,Observed
13/08/2018,P020,15,13/08/2018,12.0,13/08/2018,12.15,Foraging,0.15,15,Observed
05/08/2018,P018,15,05/08/2018,13.54,05/08/2018,14.18,Foraging,0.24,24,Observed
07/08/2018,P018,15,07/08/2018,13.1,07/08/2018,13.52,Foraging,0.42,42,Observed
10/08/2018,P018,15,10/08/2018,13.14,10/08/2018,13.48,Foraging,0.34,34,Observed
13/08/2018,P018,15,13/08/2018,12.36,13/08/2018,12.52,Foraging,0.16,16,Observed
17/08/2018,P026,15,17/08/2018,12.19,17/08/2018,17.39,Foraging,5.2,302,Observed
19/08/2018,P026,15,19/08/2018,13.45,19/08/2018,15.13,Not Foraging,1.28,88,Observed
10/08/2018,P074,15,10/08/2018,13.14,10/08/2018,13.48,Foraging,0.34,34,Observed
11/08/2018,P074,15,11/08/2018,13.14,11/08/2018,14.01,Foraging,0.47,47,Observed
26/08/2018,P045,15,26/08/2018,12.5,26/08/2018,12.53,Foraging,0.03,3,Observed
01/09/2018,P045,15,01/09/2018,14.5,01/09/2018,15.31,Foraging,0.41,41,Observed
28/07/2018,P056,15,28/07/2018,15.31,28/07/2018,16.13,Not Foraging,0.42,42,Observed
07/08/2018,P056,15,07/08/2018,13.1,07/08/2018,13.52,Foraging,0.42,42,Observed
26/08/2018,P056,15,26/08/2018,12.08,26/08/2018,13.16,Foraging,1.08,68,Observed
01/09/2018,P056,15,01/09/2018,14.5,01/09/2018,15.31,Foraging,0.41,41,Observed
28/07/2018,P033,15,28/07/2018,15.31,28/07/2018,16.13,Not Foraging,0.42,42,Observed
26/08/2018,P033,15,26/08/2018,12.5,26/08/2018,12.53,Foraging,0.03,3,Observed
01/09/2018,P033,15,01/09/2018,14.5,01/09/2018,15.31,Foraging,0.41,41,Observed
07/08/2018,P051,15,07/08/2018,13.1,07/08/2018,13.52,Foraging,0.42,42,Observed
13/08/2018,P051,15,13/08/2018,12.36,13/08/2018,15.29,Foraging,2.53,173,Observed
26/08/2018,P051,15,26/08/2018,12.44,26/08/2018,13.16,Foraging,0.32,32,Observed
07/08/2018,P004,15,07/08/2018,13.1,07/08/2018,13.52,Foraging,0.42,42,Observed
14/08/2018,P059,15,14/08/2018,13.06,14/08/2018,14.54,Foraging,1.48,108,Observed
26/07/2018,P061,15,26/07/2018,13.11,26/07/2018,14.09,Foraging,0.58,58,Observed
02/08/2018,P061,15,02/08/2018,17.4,02/08/2018,17.46,Not Foraging,0.06,6,Observed
25/08/2018,P061,15,25/08/2018,16.38,25/08/2018,16.45,Foraging,0.07,7,Observed
13/08/2018,P029,15,13/08/2018,12.36,13/08/2018,15.29,Not Foraging,2.53,173,Observed
09/08/2018,P025,15,09/08/2018,12.53,09/08/2018,13.43,Not Foraging,0.5,5,Observed
15/08/2018,P025,15,15/08/2018,15.01,15/08/2018,15.43,Not Foraging,0.42,42,Observed
15/08/2018,P043,16,15/08/2018,16.02,15/08/2018,17.2,Foraging,1.18,78,Observed
26/07/2018,P024,16,26/07/2018,14.18,26/07/2018,14.27,Foraging,0.09,9,Observed
05/08/2018,P024,16,05/08/2018,13.59,05/08/2018,14.14,Foraging,0.15,15,Observed
07/08/2018,P024,16,07/08/2018,13.33,07/08/2018,14.24,Foraging,0.51,51,Observed
10/08/2018,P024,16,10/08/2018,14.15,10/08/2018,14.49,Foraging,0.34,34,Observed
14/08/2018,P024,16,14/08/2018,13.26,14/08/2018,14.44,Foraging,1.18,78,Observed
01/09/2018,P024,16,01/09/2018,15.09,01/09/2018,16.05,Foraging,0.56,56,Observed
05/08/2018,P063,16,05/08/2018,13.59,05/08/2018,14.14,Foraging,0.15,15,Observed
09/08/2018,P063,16,09/08/2018,13.1,09/08/2018,13.58,Foraging,0.48,48,Observed
09/08/2018,P063,16,09/08/2018,13.05,09/08/2018,13.09,Foraging,0.04,4,Observed
14/08/2018,P063,16,14/08/2018,13.26,14/08/2018,14.36,Foraging,1.1,61,Observed
09/08/2018,P070,16,09/08/2018,13.1,09/08/2018,13.12,Foraging,0.02,2,Observed
14/08/2018,P070,16,14/08/2018,13.26,14/08/2018,14.0,Foraging,0.34,34,Observed
06/08/2018,P016,16,06/08/2018,10.47,06/08/2018,11.1,Foraging,0.23,23,Observed
16/08/2018,P016,16,16/08/2018,14.15,16/08/2018,16.59,Foraging,2.44,164,Observed
24/08/2018,P050,16,24/08/2018,15.25,24/08/2018,18.18,Foraging,2.53,173,Observed
25/08/2018,P028,16,25/08/2018,19.39,25/08/2018,20.03,Foraging,0.24,24,Observed
26/08/2018,P028,16,26/08/2018,14.1,26/08/2018,14.43,Not Foraging,0.33,33,Observed
12/08/2018,P027,16,12/08/2018,16.19,12/08/2018,16.36,Foraging,0.17,17,Observed
14/08/2018,P035,16,14/08/2018,13.26,14/08/2018,14.18,Foraging,0.52,52,Observed
26/08/2018,P067,16,26/08/2018,14.1,26/08/2018,14.43,Not Foraging,0.33,33,Observed
24/08/2018,P073,16,24/08/2018,15.25,24/08/2018,18.17,Foraging,2.52,172,Observed
30/07/2018,P055,16,30/07/2018,17.36,30/07/2018,17.5,Not Foraging,0.14,14,Observed
26/08/2018,P042,16,26/08/2018,14.05,26/08/2018,15.1,Not Foraging,1.05,65,Observed
24/07/2018,P010,16,24/07/2018,17.04,24/07/2018,17.3,Foraging,0.26,26,Observed
24/07/2018,P015,16,24/07/2018,17.04,24/07/2018,17.28,Foraging,0.24,24,Observed
30/07/2018,P015,16,30/07/2018,17.36,30/07/2018,17.5,Not Foraging,0.14,14,Observed
12/08/2018,P017,16,12/08/2018,16.19,12/08/2018,16.36,Foraging,0.17,17,Observed
15/08/2018,P017,16,15/08/2018,16.02,15/08/2018,17.2,Foraging,1.18,78,Observed
01/08/2018,P036,16,01/08/2018,12.26,01/08/2018,14.14,Not Foraging,1.48,108,Observed
16/08/2018,P031,16,16/08/2018,10.4,16/08/2018,14.45,Foraging,4.05,245,Observed
17/08/2018,P020,16,17/08/2018,12.4,17/08/2018,12.47,Foraging,0.07,7,Observed
25/08/2018,P020,16,25/08/2018,19.39,25/08/2018,20.03,Foraging,0.24,24,Observed
09/08/2018,P018,16,09/08/2018,13.1,09/08/2018,13.58,Foraging,0.48,48,Observed
14/08/2018,P018,16,14/08/2018,13.26,14/08/2018,14.44,Foraging,1.18,78,Observed
17/08/2018,P018,16,17/08/2018,12.4,17/08/2018,12.47,Foraging,0.07,7,Observed
25/08/2018,P026,16,25/08/2018,19.39,25/08/2018,20.03,Foraging,0.24,24,Observed
07/08/2018,P074,16,07/08/2018,13.33,07/08/2018,14.24,Foraging,0.51,51,Observed
09/08/2018,P074,16,09/08/2018,13.1,09/08/2018,14.06,Foraging,0.56,56,Observed
10/08/2018,P074,16,10/08/2018,14.15,10/08/2018,14.49,Foraging,0.34,34,Observed
14/08/2018,P074,16,14/08/2018,13.26,14/08/2018,14.44,Foraging,1.18,78,Observed
01/08/2018,P045,16,01/08/2018,12.26,01/08/2018,13.26,Not Foraging,1.0,60,Observed
03/08/2018,P045,16,03/08/2018,11.08,03/08/2018,12.44,Foraging,1.36,96,Observed
09/08/2018,P045,16,09/08/2018,13.15,09/08/2018,13.58,Foraging,0.43,43,Observed
05/08/2018,P056,16,05/08/2018,13.59,05/08/2018,14.14,Foraging,0.15,15,Observed
09/08/2018,P056,16,09/08/2018,13.05,09/08/2018,13.09,Foraging,0.04,4,Observed
14/08/2018,P056,16,14/08/2018,13.26,14/08/2018,14.18,Foraging,0.52,52,Observed
01/08/2018,P033,16,01/08/2018,12.26,01/08/2018,13.26,Not Foraging,1.0,60,Observed
03/08/2018,P033,16,03/08/2018,11.08,03/08/2018,12.44,Foraging,1.36,96,Observed
09/08/2018,P033,16,09/08/2018,13.15,09/08/2018,13.58,Foraging,0.43,43,Observed
13/08/2018,P033,16,13/08/2018,13.16,13/08/2018,15.58,Not Foraging,2.42,162,Observed
26/07/2018,P051,16,26/07/2018,14.18,26/07/2018,14.27,Foraging,0.09,9,Observed
05/08/2018,P051,16,05/08/2018,13.59,05/08/2018,14.14,Foraging,0.15,15,Observed
09/08/2018,P051,16,09/08/2018,13.15,09/08/2018,13.58,Foraging,0.43,43,Observed
10/08/2018,P051,16,10/08/2018,14.37,10/08/2018,14.49,Foraging,0.12,12,Observed
11/08/2018,P051,16,11/08/2018,13.15,11/08/2018,13.31,Foraging,0.16,16,Observed
14/08/2018,P051,16,14/08/2018,13.26,14/08/2018,14.44,Foraging,1.18,78,Observed
01/09/2018,P051,16,01/09/2018,15.09,01/09/2018,16.05,Foraging,0.56,56,Observed
29/07/2018,P059,16,29/07/2018,14.48,29/07/2018,16.14,Foraging,1.26,86,Observed
15/08/2018,P059,16,15/08/2018,16.02,15/08/2018,17.2,Foraging,1.18,78,Observed
16/08/2018,P059,16,16/08/2018,14.05,16/08/2018,23.34,Foraging,9.29,569,Observed
29/07/2018,P009,16,29/07/2018,14.48,29/07/2018,16.14,Foraging,1.26,86,Observed
16/08/2018,P009,16,16/08/2018,14.05,16/08/2018,23.34,Foraging,9.29,569,Observed
29/07/2018,P014,16,29/07/2018,14.5,29/07/2018,16.14,Foraging,1.24,84,Observed
16/08/2018,P014,16,16/08/2018,14.05,16/08/2018,23.34,Foraging,9.29,569,Observed
16/08/2018,P061,16,16/08/2018,14.06,16/08/2018,23.34,Foraging,9.28,568,Observed
05/08/2018,P029,16,05/08/2018,13.59,05/08/2018,14.14,Foraging,0.15,15,Observed
07/08/2018,P029,16,07/08/2018,13.33,07/08/2018,14.24,Foraging,0.51,51,Observed
09/08/2018,P029,16,09/08/2018,13.1,09/08/2018,14.06,Foraging,0.56,56,Observed
10/08/2018,P029,16,10/08/2018,14.15,10/08/2018,14.49,Foraging,0.34,34,Observed
11/08/2018,P029,16,11/08/2018,13.15,11/08/2018,13.31,Foraging,0.16,16,Observed
14/08/2018,P029,16,14/08/2018,13.26,14/08/2018,14.44,Foraging,1.18,78,Observed
06/08/2018,P025,16,06/08/2018,10.47,06/08/2018,11.1,Foraging,0.23,23,Observed
16/08/2018,P025,16,16/08/2018,14.15,16/08/2018,16.59,Foraging,2.44,164,Observed
01/08/2018,P039,16,01/08/2018,12.26,01/08/2018,13.26,Not Foraging,1.0,60,Observed
03/08/2018,P039,16,03/08/2018,11.08,03/08/2018,12.44,Foraging,1.36,96,Observed
13/08/2018,P039,16,13/08/2018,13.16,13/08/2018,15.58,Not Foraging,2.42,162,Observed
05/08/2018,P043,17,05/08/2018,15.04,05/08/2018,15.24,Foraging,0.2,2,Observed
10/08/2018,P043,17,10/08/2018,15.33,10/08/2018,17.23,Foraging,1.5,65,Observed
05/08/2018,P024,17,05/08/2018,15.0,05/08/2018,15.44,Foraging,0.44,44,Observed
16/08/2018,P024,17,16/08/2018,14.07,16/08/2018,16.59,Foraging,2.52,172,Observed
03/08/2018,P052,17,03/08/2018,11.08,03/08/2018,11.14,Not Foraging,0.06,6,Observed
05/08/2018,P052,17,05/08/2018,15.0,05/08/2018,15.44,Foraging,0.44,44,Observed
06/08/2018,P052,17,06/08/2018,11.19,06/08/2018,11.34,Foraging,0.15,15,Observed
13/08/2018,P052,17,13/08/2018,13.19,13/08/2018,13.28,Not Foraging,0.09,9,Observed
14/08/2018,P052,17,14/08/2018,13.35,14/08/2018,14.16,Not Foraging,0.41,41,Observed
05/08/2018,P037,17,05/08/2018,15.07,05/08/2018,15.31,Foraging,0.24,24,Observed
14/08/2018,P037,17,14/08/2018,13.35,14/08/2018,14.16,Not Foraging,0.41,41,Observed
05/08/2018,P063,17,05/08/2018,15.07,05/08/2018,15.17,Foraging,0.1,1,Observed
05/08/2018,P070,17,05/08/2018,15.07,05/08/2018,15.31,Foraging,0.24,24,Observed
13/08/2018,P070,17,13/08/2018,13.19,13/08/2018,13.28,Not Foraging,0.09,9,Observed
03/08/2018,P016,17,03/08/2018,11.08,03/08/2018,11.14,Not Foraging,0.06,6,Observed
05/08/2018,P016,17,05/08/2018,15.0,05/08/2018,15.44,Foraging,0.44,44,Observed
06/08/2018,P016,17,06/08/2018,11.19,06/08/2018,11.34,Foraging,0.15,15,Observed
13/08/2018,P016,17,13/08/2018,13.19,13/08/2018,13.28,Not Foraging,0.09,9,Observed
05/08/2018,P072,17,05/08/2018,15.07,05/08/2018,15.44,Foraging,0.37,37,Observed
05/08/2018,P008,17,05/08/2018,15.07,05/08/2018,15.31,Foraging,0.24,24,Observed
09/08/2018,P008,17,09/08/2018,15.52,09/08/2018,16.44,Foraging,0.52,52,Observed
14/08/2018,P008,17,14/08/2018,13.35,14/08/2018,14.16,Not Foraging,0.41,41,Observed
05/08/2018,P027,17,05/08/2018,15.07,05/08/2018,15.17,Foraging,0.1,1,Observed
11/08/2018,P027,17,11/08/2018,13.35,11/08/2018,13.56,Foraging,0.21,21,Observed
16/08/2018,P027,17,16/08/2018,14.07,16/08/2018,15.57,Foraging,1.5,65,Observed
05/08/2018,P049,17,05/08/2018,15.05,05/08/2018,15.33,Foraging,0.28,28,Observed
10/08/2018,P049,17,10/08/2018,15.33,10/08/2018,17.23,Foraging,1.5,65,Observed
26/07/2018,P069,17,26/07/2018,15.06,26/07/2018,15.4,Not Foraging,0.34,34,Observed
01/08/2018,P055,17,01/08/2018,15.05,01/08/2018,15.58,Foraging,0.53,53,Observed
26/07/2018,P042,17,26/07/2018,15.06,26/07/2018,15.4,Not Foraging,0.34,34,Observed
17/08/2018,P042,17,17/08/2018,14.28,17/08/2018,15.32,Foraging,1.04,64,Observed
01/08/2018,P015,17,01/08/2018,15.05,01/08/2018,15.58,Foraging,0.53,53,Observed
09/08/2018,P015,17,09/08/2018,15.52,09/08/2018,16.44,Foraging,0.52,52,Observed
17/08/2018,P015,17,17/08/2018,14.28,17/08/2018,15.32,Foraging,1.04,64,Observed
05/08/2018,P005,17,05/08/2018,15.05,05/08/2018,15.33,Foraging,0.28,28,Observed
11/08/2018,P020,17,11/08/2018,13.35,11/08/2018,13.56,Foraging,0.21,21,Observed
05/08/2018,P018,17,05/08/2018,15.07,05/08/2018,15.31,Foraging,0.24,24,Observed
05/08/2018,P074,17,05/08/2018,15.0,05/08/2018,15.44,Foraging,0.44,44,Observed
16/08/2018,P074,17,16/08/2018,14.06,16/08/2018,15.23,Foraging,1.17,77,Observed
05/08/2018,P056,17,05/08/2018,15.07,05/08/2018,15.17,Foraging,0.1,1,Observed
05/08/2018,P051,17,05/08/2018,15.0,05/08/2018,15.44,Foraging,0.44,44,Observed
07/08/2018,P059,17,07/08/2018,14.2,07/08/2018,16.1,Foraging,1.5,65,Observed
10/08/2018,P059,17,10/08/2018,15.33,10/08/2018,17.23,Foraging,1.5,65,Observed
07/08/2018,P009,17,07/08/2018,14.2,07/08/2018,16.1,Foraging,1.5,65,Observed
17/08/2018,P009,17,17/08/2018,14.28,17/08/2018,15.32,Foraging,1.04,64,Observed
07/08/2018,P014,17,07/08/2018,15.47,07/08/2018,16.1,Foraging,0.23,23,Observed
12/08/2018,P014,17,12/08/2018,15.38,12/08/2018,16.31,Foraging,0.53,53,Observed
12/08/2018,P061,17,12/08/2018,15.38,12/08/2018,16.31,Foraging,0.53,53,Observed
05/08/2018,P029,17,05/08/2018,15.0,05/08/2018,15.44,Foraging,0.44,44,Observed
16/08/2018,P029,17,16/08/2018,14.07,16/08/2018,16.59,Foraging,2.52,172,Observed
03/08/2018,P025,17,03/08/2018,11.08,03/08/2018,11.14,Not Foraging,0.06,6,Observed
05/08/2018,P025,17,05/08/2018,15.0,05/08/2018,15.44,Foraging,0.44,44,Observed
06/08/2018,P025,17,06/08/2018,11.19,06/08/2018,11.34,Foraging,0.15,15,Observed
13/08/2018,P025,17,13/08/2018,13.19,13/08/2018,13.28,Not Foraging,0.09,9,Observed
26/07/2018,P043,18,26/07/2018,15.42,26/07/2018,16.45,Foraging,1.03,63,Observed
01/08/2018,P043,18,01/08/2018,16.4,01/08/2018,16.59,Foraging,0.19,19,Observed
07/08/2018,P043,18,07/08/2018,17.29,07/08/2018,17.39,Foraging,0.1,1,Observed
13/08/2018,P043,18,13/08/2018,14.02,13/08/2018,15.04,Foraging,1.02,62,Observed
10/08/2018,P024,18,10/08/2018,15.38,10/08/2018,16.36,Foraging,0.58,58,Observed
26/07/2018,P063,18,26/07/2018,15.42,26/07/2018,16.45,Foraging,1.03,63,Observed
16/08/2018,P063,18,16/08/2018,7.15,16/08/2018,8.03,Foraging,0.48,48,Observed
09/08/2018,P028,18,09/08/2018,17.15,09/08/2018,17.29,Foraging,0.14,14,Observed
26/07/2018,P027,18,26/07/2018,15.42,26/07/2018,16.45,Foraging,1.03,63,Observed
01/08/2018,P027,18,01/08/2018,16.4,01/08/2018,16.59,Foraging,0.19,19,Observed
07/08/2018,P027,18,07/08/2018,17.29,07/08/2018,17.39,Foraging,0.1,1,Observed
17/08/2018,P067,18,17/08/2018,15.5,17/08/2018,16.37,Not Foraging,0.47,47,Observed
17/08/2018,P069,18,17/08/2018,15.5,17/08/2018,16.37,Not Foraging,0.47,47,Observed
14/08/2018,P042,18,14/08/2018,14.42,14/08/2018,14.57,Not Foraging,0.15,15,Observed
09/08/2018,P071,18,09/08/2018,17.15,09/08/2018,17.29,Foraging,0.14,14,Observed
13/08/2018,P017,18,13/08/2018,14.01,13/08/2018,15.04,Foraging,1.03,63,Observed
03/08/2018,P031,18,03/08/2018,11.16,03/08/2018,17.15,Foraging,5.59,359,Observed
06/08/2018,P031,18,06/08/2018,11.3,06/08/2018,16.23,Foraging,4.53,293,Observed
03/08/2018,P079,18,03/08/2018,11.16,03/08/2018,17.15,Foraging,5.59,359,Observed
06/08/2018,P079,18,06/08/2018,11.3,06/08/2018,16.23,Foraging,4.53,293,Observed
13/08/2018,P020,18,13/08/2018,14.01,13/08/2018,15.04,Foraging,1.03,63,Observed
10/08/2018,P018,18,10/08/2018,15.38,10/08/2018,16.34,Foraging,0.56,56,Observed
14/08/2018,P026,18,14/08/2018,14.42,14/08/2018,14.57,Not Foraging,0.15,15,Observed
10/08/2018,P074,18,10/08/2018,15.38,10/08/2018,16.2,Foraging,0.42,42,Observed
13/08/2018,P074,18,13/08/2018,14.01,13/08/2018,15.29,Foraging,1.28,88,Observed
16/08/2018,P056,18,16/08/2018,7.15,16/08/2018,8.03,Foraging,0.48,48,Observed
10/08/2018,P051,18,10/08/2018,15.38,10/08/2018,16.36,Foraging,0.58,58,Observed
09/08/2018,P061,18,09/08/2018,17.15,09/08/2018,17.29,Foraging,0.14,14,Observed
10/08/2018,P029,18,10/08/2018,15.38,10/08/2018,16.32,Foraging,0.54,54,Observed
07/08/2018,P043,19,07/08/2018,21.16,07/08/2018,23.23,Foraging,2.07,127,Observed
26/07/2018,P024,19,26/07/2018,15.51,26/07/2018,16.23,Not Foraging,0.32,32,Observed
14/08/2018,P024,19,14/08/2018,15.05,14/08/2018,16.48,Foraging,1.43,103,Observed
11/08/2018,P052,19,11/08/2018,13.45,11/08/2018,14.29,Not Foraging,0.44,44,Observed
11/08/2018,P037,19,11/08/2018,13.49,11/08/2018,14.29,Not Foraging,0.4,4,Observed
06/08/2018,P063,19,06/08/2018,11.31,06/08/2018,11.34,Foraging,0.03,3,Observed
13/08/2018,P063,19,13/08/2018,14.38,13/08/2018,15.1,Foraging,0.32,32,Observed
14/08/2018,P063,19,14/08/2018,15.06,14/08/2018,15.16,Foraging,0.1,1,Observed
11/08/2018,P070,19,11/08/2018,13.45,11/08/2018,14.29,Not Foraging,0.44,44,Observed
09/08/2018,P050,19,09/08/2018,20.09,09/08/2018,21.34,Foraging,1.25,85,Observed
10/08/2018,P050,19,10/08/2018,15.55,10/08/2018,16.22,Foraging,0.27,27,Observed
09/08/2018,P028,19,09/08/2018,20.09,09/08/2018,21.34,Foraging,1.25,85,Observed
11/08/2018,P072,19,11/08/2018,13.45,11/08/2018,14.29,Not Foraging,0.44,44,Observed
14/08/2018,P072,19,14/08/2018,15.05,14/08/2018,16.48,Foraging,1.43,103,Observed
03/08/2018,P008,19,03/08/2018,11.26,03/08/2018,12.51,Not Foraging,1.25,85,Observed
11/08/2018,P008,19,11/08/2018,13.45,11/08/2018,14.29,Not Foraging,0.44,44,Observed
07/08/2018,P027,19,07/08/2018,21.03,07/08/2018,22.57,Foraging,1.54,114,Observed
14/08/2018,P035,19,14/08/2018,15.06,14/08/2018,16.05,Foraging,0.59,59,Observed
07/08/2018,P010,19,07/08/2018,21.16,07/08/2018,23.23,Foraging,2.07,127,Observed
14/08/2018,P010,19,14/08/2018,15.05,14/08/2018,16.48,Foraging,1.43,103,Observed
11/08/2018,P015,19,11/08/2018,13.45,11/08/2018,14.29,Not Foraging,0.44,44,Observed
14/08/2018,P015,19,14/08/2018,15.05,14/08/2018,16.48,Foraging,1.43,103,Observed
17/08/2018,P015,19,17/08/2018,15.58,17/08/2018,16.14,Not Foraging,0.16,16,Observed
09/08/2018,P071,19,09/08/2018,20.09,09/08/2018,21.34,Foraging,1.25,85,Observed
10/08/2018,P071,19,10/08/2018,15.55,10/08/2018,16.22,Foraging,0.27,27,Observed
07/08/2018,P017,19,07/08/2018,21.03,07/08/2018,23.23,Foraging,2.2,122,Observed
26/07/2018,P005,19,26/07/2018,9.35,26/07/2018,17.21,Foraging,7.46,466,Observed
07/08/2018,P020,19,07/08/2018,21.2,07/08/2018,22.57,Foraging,1.37,97,Observed
26/07/2018,P018,19,26/07/2018,9.35,26/07/2018,17.21,Foraging,7.46,466,Observed
09/08/2018,P026,19,09/08/2018,20.09,09/08/2018,21.34,Foraging,1.25,85,Observed
26/07/2018,P074,19,26/07/2018,15.51,26/07/2018,16.23,Not Foraging,0.32,32,Observed
07/08/2018,P074,19,07/08/2018,21.17,07/08/2018,22.57,Foraging,1.4,64,Observed
06/08/2018,P056,19,06/08/2018,11.31,06/08/2018,11.34,Foraging,0.03,3,Observed
13/08/2018,P056,19,13/08/2018,14.38,13/08/2018,15.1,Foraging,0.32,32,Observed
17/08/2018,P009,19,17/08/2018,15.58,17/08/2018,16.14,Not Foraging,0.16,16,Observed
03/08/2018,P061,19,03/08/2018,11.26,03/08/2018,12.53,Not Foraging,1.27,87,Observed
09/08/2018,P061,19,09/08/2018,20.09,09/08/2018,21.34,Foraging,1.25,85,Observed
03/08/2018,P037,20,03/08/2018,12.44,03/08/2018,12.58,Foraging,0.14,14,Observed
06/08/2018,P063,20,06/08/2018,12.3,06/08/2018,13.25,Foraging,0.55,55,Observed
17/08/2018,P063,20,17/08/2018,16.43,17/08/2018,17.46,Foraging,1.03,63,Observed
07/08/2018,P070,20,07/08/2018,11.15,07/08/2018,12.0,Foraging,0.45,45,Observed
09/08/2018,P070,20,09/08/2018,8.21,09/08/2018,9.32,Not Foraging,1.11,71,Observed
03/08/2018,P016,20,03/08/2018,12.49,03/08/2018,12.58,Foraging,0.09,9,Observed
09/08/2018,P072,20,09/08/2018,8.21,09/08/2018,9.32,Not Foraging,1.11,71,Observed
03/08/2018,P008,20,03/08/2018,12.51,03/08/2018,12.58,Foraging,0.07,7,Observed
06/08/2018,P027,20,06/08/2018,12.26,06/08/2018,14.24,Foraging,1.58,118,Observed
03/08/2018,P071,20,03/08/2018,12.43,03/08/2018,13.51,Not Foraging,1.08,68,Observed
11/08/2018,P031,20,11/08/2018,8.09,11/08/2018,16.26,Foraging,8.17,497,Observed
11/08/2018,P079,20,11/08/2018,8.14,11/08/2018,16.26,Foraging,8.12,492,Observed
07/08/2018,P018,20,07/08/2018,11.15,07/08/2018,12.01,Foraging,0.46,46,Observed
06/08/2018,P056,20,06/08/2018,12.3,06/08/2018,13.25,Foraging,0.55,55,Observed
07/08/2018,P056,20,07/08/2018,11.15,07/08/2018,12.01,Foraging,0.46,46,Observed
06/08/2018,P051,20,06/08/2018,12.26,06/08/2018,14.24,Foraging,1.58,118,Observed
14/08/2018,P014,20,14/08/2018,16.08,14/08/2018,16.3,Not Foraging,0.22,22,Observed
03/08/2018,P061,20,03/08/2018,12.44,03/08/2018,13.1,Foraging,0.26,26,Observed
14/08/2018,P061,20,14/08/2018,16.08,14/08/2018,16.3,Not Foraging,0.22,22,Observed
06/08/2018,P029,20,06/08/2018,12.26,06/08/2018,14.24,Foraging,1.58,118,Observed
17/08/2018,P029,20,17/08/2018,17.43,17/08/2018,17.46,Foraging,0.03,3,Observed
03/08/2018,P025,20,03/08/2018,12.49,03/08/2018,12.58,Foraging,0.09,9,Observed
17/08/2018,P025,20,17/08/2018,16.43,17/08/2018,17.46,Foraging,1.03,63,Observed
03/08/2018,P024,21,03/08/2018,12.58,03/08/2018,13.31,Not Foraging,0.33,33,Observed
11/08/2018,P024,21,11/08/2018,17.1,11/08/2018,17.23,Foraging,0.13,13,Observed
14/08/2018,P024,21,14/08/2018,16.55,14/08/2018,17.42,Not Foraging,0.47,47,Observed
03/08/2018,P063,21,03/08/2018,12.58,03/08/2018,13.31,Not Foraging,0.33,33,Observed
14/08/2018,P063,21,14/08/2018,17.03,14/08/2018,17.42,Not Foraging,0.39,39,Observed
14/08/2018,P027,21,14/08/2018,17.03,14/08/2018,17.42,Not Foraging,0.39,39,Observed
14/08/2018,P035,21,14/08/2018,17.03,14/08/2018,17.42,Not Foraging,0.39,39,Observed
06/08/2018,P049,21,06/08/2018,12.35,06/08/2018,16.57,Foraging,4.22,262,Observed
06/08/2018,P067,21,06/08/2018,12.37,06/08/2018,14.35,Foraging,1.58,118,Observed
14/08/2018,P018,21,14/08/2018,16.55,14/08/2018,17.42,Not Foraging,0.47,47,Observed
14/08/2018,P074,21,14/08/2018,16.55,14/08/2018,17.42,Not Foraging,0.47,47,Observed
03/08/2018,P056,21,03/08/2018,12.58,03/08/2018,13.31,Not Foraging,0.33,33,Observed
14/08/2018,P056,21,14/08/2018,17.03,14/08/2018,17.42,Not Foraging,0.39,39,Observed
03/08/2018,P051,21,03/08/2018,13.01,03/08/2018,13.31,Not Foraging,0.3,3,Observed
14/08/2018,P051,21,14/08/2018,16.55,14/08/2018,17.42,Not Foraging,0.47,47,Observed
03/08/2018,P029,21,03/08/2018,12.58,03/08/2018,13.31,Not Foraging,0.33,33,Observed
11/08/2018,P029,21,11/08/2018,17.1,11/08/2018,17.23,Foraging,0.13,13,Observed
14/08/2018,P029,21,14/08/2018,16.56,14/08/2018,17.42,Not Foraging,0.46,46,Observed
03/08/2018,P037,22,03/08/2018,13.12,03/08/2018,13.51,Not Foraging,0.39,39,Observed
03/08/2018,P016,22,03/08/2018,13.12,03/08/2018,13.51,Not Foraging,0.39,39,Observed
03/08/2018,P008,22,03/08/2018,13.12,03/08/2018,13.51,Not Foraging,0.39,39,Observed
06/08/2018,P008,22,06/08/2018,12.39,06/08/2018,15.17,Foraging,2.38,158,Observed
06/08/2018,P010,22,06/08/2018,12.39,06/08/2018,15.17,Foraging,2.38,158,Observed
14/08/2018,P010,22,14/08/2018,19.3,14/08/2018,23.31,Foraging,4.01,241,Observed
06/08/2018,P015,22,06/08/2018,12.39,06/08/2018,15.17,Foraging,2.38,158,Observed
14/08/2018,P015,22,14/08/2018,19.3,14/08/2018,23.31,Foraging,4.01,241,Observed
03/08/2018,P061,22,03/08/2018,13.12,03/08/2018,13.51,Not Foraging,0.39,39,Observed
03/08/2018,P025,22,03/08/2018,13.12,03/08/2018,13.51,Not Foraging,0.39,39,Observed
03/08/2018,P016,23,03/08/2018,15.0,03/08/2018,15.18,Not Foraging,0.18,18,Observed
06/08/2018,P016,23,06/08/2018,12.58,06/08/2018,15.44,Foraging,2.46,166,Observed
06/08/2018,P057,23,06/08/2018,12.57,06/08/2018,15.44,Foraging,2.47,167,Observed
06/08/2018,P014,23,06/08/2018,12.57,06/08/2018,15.44,Foraging,2.47,167,Observed
03/08/2018,P025,23,03/08/2018,15.0,03/08/2018,15.18,Not Foraging,0.18,18,Observed
03/08/2018,P043,24,03/08/2018,17.06,03/08/2018,17.14,Foraging,0.08,8,Observed
03/08/2018,P027,24,03/08/2018,17.06,03/08/2018,17.17,Foraging,0.11,11,Observed
06/08/2018,P017,24,06/08/2018,14.02,06/08/2018,15.07,Foraging,1.05,65,Observed
06/08/2018,P040,24,06/08/2018,14.08,06/08/2018,15.07,Foraging,0.59,59,Observed
06/08/2018,P016,25,06/08/2018,20.02,06/08/2018,21.38,Foraging,1.36,96,Observed
06/08/2018,P028,25,06/08/2018,19.43,06/08/2018,23.11,Foraging,3.28,208,Observed
06/08/2018,P027,25,06/08/2018,19.35,06/08/2018,23.09,Foraging,3.34,214,Observed
06/08/2018,P057,25,06/08/2018,20.02,06/08/2018,21.38,Foraging,1.36,96,Observed
06/08/2018,P049,25,06/08/2018,19.3,06/08/2018,23.11,Foraging,3.41,221,Observed
06/08/2018,P010,25,06/08/2018,19.35,06/08/2018,23.14,Foraging,3.39,219,Observed
06/08/2018,P071,25,06/08/2018,19.38,06/08/2018,23.09,Foraging,3.31,211,Observed
06/08/2018,P017,25,06/08/2018,19.38,06/08/2018,23.11,Foraging,3.33,213,Observed
06/08/2018,P005,25,06/08/2018,19.3,06/08/2018,23.11,Foraging,3.41,221,Observed
06/08/2018,P020,25,06/08/2018,19.39,06/08/2018,23.11,Foraging,3.32,212,Observed
06/08/2018,P026,25,06/08/2018,19.49,06/08/2018,23.11,Foraging,3.22,202,Observed
06/08/2018,P051,25,06/08/2018,20.01,06/08/2018,21.38,Foraging,1.37,97,Observed
06/08/2018,P014,25,06/08/2018,20.01,06/08/2018,21.38,Foraging,1.37,97,Observed
06/08/2018,P061,25,06/08/2018,19.39,06/08/2018,23.11,Foraging,3.32,212,Observed
06/08/2018,P029,25,06/08/2018,20.01,06/08/2018,21.38,Foraging,1.37,97,Observed
